Color pos_1_1_2_1 handled trivially, not appearing in coreDict or dimDict.
Color pos_1_0_2_0 handled trivially, not appearing in coreDict or dimDict.
Color pos_0_2_1_2 handled trivially, not appearing in coreDict or dimDict.
Color pos_2_0_1_1 handled trivially, not appearing in coreDict or dimDict.
Color pos_2_0_1_0 handled trivially, not appearing in coreDict or dimDict.
Color pos_0_2_1_0 handled trivially, not appearing in coreDict or dimDict.
Color pos_1_2_1_0 handled trivially, not appearing in coreDict or dimDict.
Color pos_1_0_1_0 handled trivially, not appearing in coreDict or dimDict.
Color pos_1_1_0_2 handled trivially, not appearing in coreDict or dimDict.
Color pos_2_0_0_2 handled trivially, not appearing in coreDict or dimDict.
Color pos_1_0_0_1 handled trivially, not appearing in coreDict or dimDict.
Color pos_1_2_0_1 handled trivially, not appearing in coreDict or dimDict.
Color pos_0_2_0_2 handled trivially, not appearing in coreDict or dimDict.
Frontier expanded oddInd_pos_0_2_0_1=0 from depth=0 -> reward=0.0000 assigned=0/81 contradiction=False
Frontier expanded oddInd_pos_0_2_0_1=1 from depth=0 -> reward=0.0000 assigned=0/81 contradiction=False
Frontier expanded oddInd_pos_0_2_0_2=0 from depth=0 -> reward=0.0000 assigned=0/81 contradiction=False
Frontier expanded oddInd_pos_0_2_1_0=1 from depth=0 -> reward=0.0000 assigned=0/81 contradiction=False
Frontier expanded oddInd_pos_0_2_1_1=0 from depth=0 -> reward=0.0000 assigned=0/81 contradiction=False
Frontier expanded pos_0_1_0_2=1 from depth=1 -> reward=-1.0000 assigned=7/81 contradiction=True
Contradiction found after pos_0_1_0_2=1
Frontier expanded pos_0_2_0_1=5 from depth=1 -> reward=-1.0000 assigned=7/81 contradiction=True
Contradiction found after pos_0_2_0_1=5
Frontier expanded pos_0_2_0_2=0 from depth=1 -> reward=-1.0000 assigned=7/81 contradiction=True
Contradiction found after pos_0_2_0_2=0
Frontier expanded pos_1_0_0_1=2 from depth=1 -> reward=-1.0000 assigned=6/81 contradiction=True
Contradiction found after pos_1_0_0_1=2
Frontier expanded pos_1_0_2_0=0 from depth=1 -> reward=-1.0000 assigned=5/81 contradiction=True
Contradiction found after pos_1_0_2_0=0
Frontier expanded pos_1_0_1_0=3 from depth=1 -> reward=-1.0000 assigned=6/81 contradiction=True
Contradiction found after pos_1_0_1_0=3
Frontier expanded pos_0_2_0_2=5 from depth=1 -> reward=0.0617 assigned=5/81 contradiction=False
Frontier expanded pos_0_2_1_1=3 from depth=1 -> reward=0.0123 assigned=1/81 contradiction=False
Frontier expanded pos_1_0_1_0=1 from depth=1 -> reward=0.0370 assigned=3/81 contradiction=False
Frontier expanded pos_1_0_1_0=5 from depth=1 -> reward=0.0370 assigned=3/81 contradiction=False
Frontier expanded pos_2_2_0_1=3 from depth=2 -> reward=0.0123 assigned=6/81 contradiction=False
Frontier expanded pos_2_2_0_1=7 from depth=2 -> reward=-1.0000 assigned=14/81 contradiction=True
Contradiction found after pos_2_2_0_1=7
Frontier expanded pos_1_0_1_0=3 from depth=2 -> reward=-1.0000 assigned=8/81 contradiction=True
Contradiction found after pos_1_0_1_0=3
Frontier expanded pos_0_2_1_1=7 from depth=2 -> reward=0.0123 assigned=6/81 contradiction=False
Frontier expanded pos_0_2_1_1=3 from depth=2 -> reward=0.0123 assigned=6/81 contradiction=False
Frontier expanded pos_2_0_0_0=7 from depth=3 -> reward=-1.0000 assigned=10/81 contradiction=True
Contradiction found after pos_2_0_0_0=7
Frontier expanded pos_2_0_0_0=5 from depth=3 -> reward=0.0123 assigned=7/81 contradiction=False
Frontier expanded pos_1_2_0_1=5 from depth=3 -> reward=0.0123 assigned=7/81 contradiction=False
Frontier expanded pos_0_2_1_1=7 from depth=3 -> reward=0.0123 assigned=7/81 contradiction=False
Frontier expanded pos_0_2_1_1=3 from depth=3 -> reward=0.0123 assigned=7/81 contradiction=False
Frontier expanded pos_2_0_0_0=7 from depth=4 -> reward=-1.0000 assigned=11/81 contradiction=True
Contradiction found after pos_2_0_0_0=7
Frontier expanded pos_1_0_1_0=3 from depth=4 -> reward=-1.0000 assigned=10/81 contradiction=True
Contradiction found after pos_1_0_1_0=3
Frontier expanded pos_1_2_0_1=5 from depth=4 -> reward=0.0123 assigned=8/81 contradiction=False
Frontier expanded pos_2_0_0_0=5 from depth=4 -> reward=0.0123 assigned=8/81 contradiction=False
Frontier expanded pos_2_0_0_2=1 from depth=4 -> reward=0.0864 assigned=14/81 contradiction=False
Frontier expanded pos_0_0_0_1=4 from depth=5 -> reward=-1.0000 assigned=18/81 contradiction=True
Contradiction found after pos_0_0_0_1=4
Frontier expanded pos_0_0_0_2=3 from depth=5 -> reward=-1.0000 assigned=19/81 contradiction=True
Contradiction found after pos_0_0_0_2=3
Frontier expanded pos_1_2_0_1=7 from depth=5 -> reward=-1.0000 assigned=20/81 contradiction=True
Contradiction found after pos_1_2_0_1=7
Frontier expanded pos_2_0_0_1=6 from depth=5 -> reward=-1.0000 assigned=20/81 contradiction=True
Contradiction found after pos_2_0_0_1=6
Frontier expanded pos_2_1_0_0=4 from depth=5 -> reward=-1.0000 assigned=20/81 contradiction=True
Contradiction found after pos_2_1_0_0=4
Frontier expanded pos_2_0_0_1=6 from depth=5 -> reward=-1.0000 assigned=21/81 contradiction=True
Contradiction found after pos_2_0_0_1=6
Frontier expanded pos_2_1_0_0=4 from depth=5 -> reward=-1.0000 assigned=21/81 contradiction=True
Contradiction found after pos_2_1_0_0=4
Frontier expanded pos_2_0_1_1=3 from depth=5 -> reward=0.0123 assigned=9/81 contradiction=False
Frontier expanded pos_1_2_0_1=5 from depth=5 -> reward=0.0123 assigned=9/81 contradiction=False
Frontier expanded pos_2_0_0_1=4 from depth=5 -> reward=0.0247 assigned=10/81 contradiction=False
Frontier expanded pos_1_2_0_1=7 from depth=6 -> reward=-1.0000 assigned=20/81 contradiction=True
Contradiction found after pos_1_2_0_1=7
Frontier expanded pos_2_0_0_2=7 from depth=6 -> reward=-1.0000 assigned=36/81 contradiction=True
Contradiction found after pos_2_0_0_2=7
Frontier expanded pos_2_0_1_1=1 from depth=6 -> reward=-1.0000 assigned=22/81 contradiction=True
Contradiction found after pos_2_0_1_1=1
Frontier expanded pos_2_1_0_2=0 from depth=6 -> reward=-1.0000 assigned=36/81 contradiction=True
Contradiction found after pos_2_1_0_2=0
Frontier expanded pos_2_2_0_2=1 from depth=6 -> reward=-1.0000 assigned=36/81 contradiction=True
Contradiction found after pos_2_2_0_2=1
Frontier expanded pos_2_0_0_1=6 from depth=6 -> reward=-1.0000 assigned=22/81 contradiction=True
Contradiction found after pos_2_0_0_1=6
Frontier expanded pos_2_1_0_0=4 from depth=6 -> reward=-1.0000 assigned=22/81 contradiction=True
Contradiction found after pos_2_1_0_0=4
Frontier expanded pos_1_2_0_1=5 from depth=6 -> reward=0.0123 assigned=10/81 contradiction=False
Frontier expanded pos_2_0_0_1=4 from depth=6 -> reward=0.0247 assigned=11/81 contradiction=False
Frontier expanded pos_2_1_0_0=6 from depth=6 -> reward=0.0247 assigned=11/81 contradiction=False
Frontier expanded pos_1_2_0_1=7 from depth=7 -> reward=-1.0000 assigned=21/81 contradiction=True
Contradiction found after pos_1_2_0_1=7
Frontier expanded pos_2_0_0_2=7 from depth=7 -> reward=-1.0000 assigned=37/81 contradiction=True
Contradiction found after pos_2_0_0_2=7
Frontier expanded pos_2_1_0_2=0 from depth=7 -> reward=-1.0000 assigned=37/81 contradiction=True
Contradiction found after pos_2_1_0_2=0
Frontier expanded pos_2_2_0_2=1 from depth=7 -> reward=-1.0000 assigned=37/81 contradiction=True
Contradiction found after pos_2_2_0_2=1
Frontier expanded pos_0_0_0_1=6 from depth=7 -> reward=-1.0000 assigned=17/81 contradiction=True
Contradiction found after pos_0_0_0_1=6
Frontier expanded pos_2_0_0_1=6 from depth=7 -> reward=-1.0000 assigned=22/81 contradiction=True
Contradiction found after pos_2_0_0_1=6
Frontier expanded pos_2_1_0_0=4 from depth=7 -> reward=-1.0000 assigned=22/81 contradiction=True
Contradiction found after pos_2_1_0_0=4
Frontier expanded pos_1_0_1_0=3 from depth=7 -> reward=-1.0000 assigned=13/81 contradiction=True
Contradiction found after pos_1_0_1_0=3
Frontier expanded pos_1_0_1_0=7 from depth=7 -> reward=-1.0000 assigned=32/81 contradiction=True
Contradiction found after pos_1_0_1_0=7
Frontier expanded pos_2_0_0_1=4 from depth=7 -> reward=0.0247 assigned=12/81 contradiction=False
Frontier expanded pos_2_0_0_2=7 from depth=8 -> reward=-1.0000 assigned=37/81 contradiction=True
Contradiction found after pos_2_0_0_2=7
Frontier expanded pos_2_1_0_2=0 from depth=8 -> reward=-1.0000 assigned=37/81 contradiction=True
Contradiction found after pos_2_1_0_2=0
Frontier expanded pos_2_2_0_2=1 from depth=8 -> reward=-1.0000 assigned=37/81 contradiction=True
Contradiction found after pos_2_2_0_2=1
Frontier expanded pos_0_0_0_1=6 from depth=8 -> reward=-1.0000 assigned=18/81 contradiction=True
Contradiction found after pos_0_0_0_1=6
Frontier expanded pos_0_0_0_1=8 from depth=8 -> reward=-1.0000 assigned=18/81 contradiction=True
Contradiction found after pos_0_0_0_1=8
Frontier expanded pos_2_0_0_1=6 from depth=6 -> reward=-1.0000 assigned=21/81 contradiction=True
Contradiction found after pos_2_0_0_1=6
Frontier expanded pos_2_1_0_0=4 from depth=6 -> reward=-1.0000 assigned=21/81 contradiction=True
Contradiction found after pos_2_1_0_0=4
Frontier expanded pos_2_0_0_1=4 from depth=6 -> reward=0.0247 assigned=11/81 contradiction=False
Frontier expanded pos_2_0_1_1=3 from depth=6 -> reward=0.0123 assigned=10/81 contradiction=False
Frontier expanded pos_2_1_0_0=6 from depth=6 -> reward=0.0247 assigned=11/81 contradiction=False
Frontier expanded pos_2_0_0_2=7 from depth=7 -> reward=-1.0000 assigned=36/81 contradiction=True
Contradiction found after pos_2_0_0_2=7
Frontier expanded pos_2_0_1_1=1 from depth=7 -> reward=-1.0000 assigned=22/81 contradiction=True
Contradiction found after pos_2_0_1_1=1
Frontier expanded pos_2_1_0_2=0 from depth=7 -> reward=-1.0000 assigned=36/81 contradiction=True
Contradiction found after pos_2_1_0_2=0
Frontier expanded pos_2_2_0_2=1 from depth=7 -> reward=-1.0000 assigned=36/81 contradiction=True
Contradiction found after pos_2_2_0_2=1
Frontier expanded pos_0_0_0_1=6 from depth=7 -> reward=-1.0000 assigned=17/81 contradiction=True
Contradiction found after pos_0_0_0_1=6
Frontier expanded pos_2_0_0_0=7 from depth=5 -> reward=-1.0000 assigned=13/81 contradiction=True
Contradiction found after pos_2_0_0_0=7
Frontier expanded pos_1_0_1_0=3 from depth=5 -> reward=-1.0000 assigned=11/81 contradiction=True
Contradiction found after pos_1_0_1_0=3
Frontier expanded pos_1_0_2_0=3 from depth=5 -> reward=-1.0000 assigned=13/81 contradiction=True
Contradiction found after pos_1_0_2_0=3
Frontier expanded pos_1_0_2_0=7 from depth=5 -> reward=-1.0000 assigned=14/81 contradiction=True
Contradiction found after pos_1_0_2_0=7
Frontier expanded pos_2_0_0_0=5 from depth=5 -> reward=0.0123 assigned=9/81 contradiction=False
Frontier expanded pos_2_0_0_0=7 from depth=4 -> reward=-1.0000 assigned=11/81 contradiction=True
Contradiction found after pos_2_0_0_0=7
Frontier expanded pos_1_0_1_0=3 from depth=4 -> reward=-1.0000 assigned=10/81 contradiction=True
Contradiction found after pos_1_0_1_0=3
Frontier expanded pos_1_2_0_1=5 from depth=4 -> reward=0.0123 assigned=8/81 contradiction=False
Frontier expanded pos_2_0_0_0=5 from depth=4 -> reward=0.0123 assigned=8/81 contradiction=False
Frontier expanded pos_2_0_0_2=1 from depth=4 -> reward=0.0864 assigned=14/81 contradiction=False
Frontier expanded pos_0_0_0_1=4 from depth=5 -> reward=-1.0000 assigned=18/81 contradiction=True
Contradiction found after pos_0_0_0_1=4
Frontier expanded pos_0_0_0_2=3 from depth=5 -> reward=-1.0000 assigned=19/81 contradiction=True
Contradiction found after pos_0_0_0_2=3
Frontier expanded pos_1_2_0_1=7 from depth=5 -> reward=-1.0000 assigned=20/81 contradiction=True
Contradiction found after pos_1_2_0_1=7
Frontier expanded pos_2_0_0_1=6 from depth=5 -> reward=-1.0000 assigned=21/81 contradiction=True
Contradiction found after pos_2_0_0_1=6
Frontier expanded pos_2_1_0_0=4 from depth=5 -> reward=-1.0000 assigned=21/81 contradiction=True
Contradiction found after pos_2_1_0_0=4
Frontier expanded pos_2_0_0_1=6 from depth=5 -> reward=-1.0000 assigned=21/81 contradiction=True
Contradiction found after pos_2_0_0_1=6
Frontier expanded pos_2_1_0_0=4 from depth=5 -> reward=-1.0000 assigned=21/81 contradiction=True
Contradiction found after pos_2_1_0_0=4
Frontier expanded pos_1_2_0_1=5 from depth=5 -> reward=0.0123 assigned=9/81 contradiction=False
Frontier expanded pos_2_0_0_1=4 from depth=5 -> reward=0.0247 assigned=10/81 contradiction=False
Frontier expanded pos_2_1_0_0=6 from depth=5 -> reward=0.0247 assigned=10/81 contradiction=False
Frontier expanded pos_1_2_0_1=7 from depth=6 -> reward=-1.0000 assigned=20/81 contradiction=True
Contradiction found after pos_1_2_0_1=7
Frontier expanded pos_2_0_0_2=7 from depth=6 -> reward=-1.0000 assigned=22/81 contradiction=True
Contradiction found after pos_2_0_0_2=7
Frontier expanded pos_2_0_1_1=1 from depth=6 -> reward=-1.0000 assigned=22/81 contradiction=True
Contradiction found after pos_2_0_1_1=1
Frontier expanded pos_2_1_0_2=0 from depth=6 -> reward=-1.0000 assigned=22/81 contradiction=True
Contradiction found after pos_2_1_0_2=0
Frontier expanded pos_2_2_0_2=1 from depth=6 -> reward=-1.0000 assigned=22/81 contradiction=True
Contradiction found after pos_2_2_0_2=1
Frontier expanded pos_2_0_0_1=6 from depth=6 -> reward=-1.0000 assigned=21/81 contradiction=True
Contradiction found after pos_2_0_0_1=6
Frontier expanded pos_2_1_0_0=4 from depth=6 -> reward=-1.0000 assigned=21/81 contradiction=True
Contradiction found after pos_2_1_0_0=4
Frontier expanded pos_2_0_0_1=4 from depth=6 -> reward=0.0247 assigned=11/81 contradiction=False
Frontier expanded pos_2_1_0_0=6 from depth=6 -> reward=0.0247 assigned=11/81 contradiction=False
Frontier expanded pos_2_0_0_2=1 from depth=6 -> reward=0.0741 assigned=15/81 contradiction=False
Frontier expanded pos_0_0_0_1=4 from depth=7 -> reward=-1.0000 assigned=19/81 contradiction=True
Contradiction found after pos_0_0_0_1=4
Frontier expanded pos_0_0_0_2=3 from depth=7 -> reward=-1.0000 assigned=20/81 contradiction=True
Contradiction found after pos_0_0_0_2=3
Frontier expanded pos_2_0_0_1=6 from depth=7 -> reward=-1.0000 assigned=22/81 contradiction=True
Contradiction found after pos_2_0_0_1=6
Frontier expanded pos_2_1_0_0=4 from depth=7 -> reward=-1.0000 assigned=22/81 contradiction=True
Contradiction found after pos_2_1_0_0=4
Frontier expanded pos_0_0_0_1=7 from depth=7 -> reward=0.0864 assigned=22/81 contradiction=False
Frontier expanded pos_2_0_2_0=2 from depth=8 -> reward=-1.0000 assigned=25/81 contradiction=True
Contradiction found after pos_2_0_2_0=2
Frontier expanded pos_2_0_2_0=3 from depth=8 -> reward=-1.0000 assigned=28/81 contradiction=True
Contradiction found after pos_2_0_2_0=3
Frontier expanded pos_2_0_2_1=2 from depth=8 -> reward=-1.0000 assigned=25/81 contradiction=True
Contradiction found after pos_2_0_2_1=2
Frontier expanded pos_2_0_2_1=3 from depth=8 -> reward=-1.0000 assigned=26/81 contradiction=True
Contradiction found after pos_2_0_2_1=3
Frontier expanded pos_1_1_0_2=0 from depth=8 -> reward=0.0123 assigned=23/81 contradiction=False
Frontier expanded pos_1_0_0_2=3 from depth=9 -> reward=-1.0000 assigned=27/81 contradiction=True
Contradiction found after pos_1_0_0_2=3
Frontier expanded pos_1_1_2_1=2 from depth=9 -> reward=-1.0000 assigned=29/81 contradiction=True
Contradiction found after pos_1_1_2_1=2
Frontier expanded pos_1_2_0_2=4 from depth=9 -> reward=-1.0000 assigned=27/81 contradiction=True
Contradiction found after pos_1_2_0_2=4
Frontier expanded pos_0_0_0_0=3 from depth=9 -> reward=0.0247 assigned=25/81 contradiction=False
Frontier expanded pos_0_0_0_0=4 from depth=9 -> reward=0.0247 assigned=25/81 contradiction=False
Frontier expanded pos_1_0_0_2=3 from depth=10 -> reward=-1.0000 assigned=29/81 contradiction=True
Contradiction found after pos_1_0_0_2=3
Frontier expanded pos_1_1_2_1=2 from depth=10 -> reward=-1.0000 assigned=31/81 contradiction=True
Contradiction found after pos_1_1_2_1=2
Frontier expanded pos_1_2_0_2=4 from depth=10 -> reward=-1.0000 assigned=29/81 contradiction=True
Contradiction found after pos_1_2_0_2=4
Frontier expanded pos_1_0_0_0=2 from depth=10 -> reward=0.0247 assigned=27/81 contradiction=False
Frontier expanded pos_1_0_0_0=8 from depth=10 -> reward=0.0247 assigned=27/81 contradiction=False
Frontier expanded pos_1_0_0_2=3 from depth=11 -> reward=-1.0000 assigned=29/81 contradiction=True
Contradiction found after pos_1_0_0_2=3
Frontier expanded pos_1_0_0_2=4 from depth=11 -> reward=-1.0000 assigned=38/81 contradiction=True
Contradiction found after pos_1_0_0_2=4
Frontier expanded pos_1_0_2_0=3 from depth=11 -> reward=-1.0000 assigned=40/81 contradiction=True
Contradiction found after pos_1_0_2_0=3
Frontier expanded pos_1_0_2_0=7 from depth=11 -> reward=-1.0000 assigned=35/81 contradiction=True
Contradiction found after pos_1_0_2_0=7
Frontier expanded pos_1_0_2_1=3 from depth=11 -> reward=-1.0000 assigned=37/81 contradiction=True
Contradiction found after pos_1_0_2_1=3
Frontier expanded pos_1_0_0_2=3 from depth=11 -> reward=-1.0000 assigned=32/81 contradiction=True
Contradiction found after pos_1_0_0_2=3
Frontier expanded pos_1_1_2_1=2 from depth=11 -> reward=-1.0000 assigned=33/81 contradiction=True
Contradiction found after pos_1_1_2_1=2
Frontier expanded pos_1_2_0_2=4 from depth=11 -> reward=-1.0000 assigned=32/81 contradiction=True
Contradiction found after pos_1_2_0_2=4
Frontier expanded pos_2_0_2_0=2 from depth=11 -> reward=-1.0000 assigned=30/81 contradiction=True
Contradiction found after pos_2_0_2_0=2
Frontier expanded pos_2_0_2_0=3 from depth=11 -> reward=-1.0000 assigned=34/81 contradiction=True
Contradiction found after pos_2_0_2_0=3
Frontier expanded pos_1_0_0_2=3 from depth=10 -> reward=-1.0000 assigned=29/81 contradiction=True
Contradiction found after pos_1_0_0_2=3
Frontier expanded pos_1_1_2_1=2 from depth=10 -> reward=-1.0000 assigned=31/81 contradiction=True
Contradiction found after pos_1_1_2_1=2
Frontier expanded pos_1_2_0_2=4 from depth=10 -> reward=-1.0000 assigned=29/81 contradiction=True
Contradiction found after pos_1_2_0_2=4
Frontier expanded pos_1_0_0_0=2 from depth=10 -> reward=0.0247 assigned=27/81 contradiction=False
Frontier expanded pos_1_0_0_0=8 from depth=10 -> reward=0.0247 assigned=27/81 contradiction=False
Frontier expanded pos_1_0_0_2=3 from depth=11 -> reward=-1.0000 assigned=29/81 contradiction=True
Contradiction found after pos_1_0_0_2=3
Frontier expanded pos_1_0_0_2=4 from depth=11 -> reward=-1.0000 assigned=38/81 contradiction=True
Contradiction found after pos_1_0_0_2=4
Frontier expanded pos_1_0_2_0=3 from depth=11 -> reward=-1.0000 assigned=40/81 contradiction=True
Contradiction found after pos_1_0_2_0=3
Frontier expanded pos_1_0_2_0=7 from depth=11 -> reward=-1.0000 assigned=35/81 contradiction=True
Contradiction found after pos_1_0_2_0=7
Frontier expanded pos_1_0_2_1=3 from depth=11 -> reward=-1.0000 assigned=37/81 contradiction=True
Contradiction found after pos_1_0_2_1=3
Frontier expanded pos_1_0_0_2=3 from depth=11 -> reward=-1.0000 assigned=32/81 contradiction=True
Contradiction found after pos_1_0_0_2=3
Frontier expanded pos_1_1_2_1=2 from depth=11 -> reward=-1.0000 assigned=33/81 contradiction=True
Contradiction found after pos_1_1_2_1=2
Frontier expanded pos_1_2_0_2=4 from depth=11 -> reward=-1.0000 assigned=32/81 contradiction=True
Contradiction found after pos_1_2_0_2=4
Frontier expanded pos_2_0_2_0=2 from depth=11 -> reward=-1.0000 assigned=30/81 contradiction=True
Contradiction found after pos_2_0_2_0=2
Frontier expanded pos_2_0_2_0=3 from depth=11 -> reward=-1.0000 assigned=34/81 contradiction=True
Contradiction found after pos_2_0_2_0=3
Frontier expanded pos_2_0_0_2=7 from depth=7 -> reward=-1.0000 assigned=22/81 contradiction=True
Contradiction found after pos_2_0_0_2=7
Frontier expanded pos_2_0_1_1=1 from depth=7 -> reward=-1.0000 assigned=22/81 contradiction=True
Contradiction found after pos_2_0_1_1=1
Frontier expanded pos_2_1_0_2=0 from depth=7 -> reward=-1.0000 assigned=22/81 contradiction=True
Contradiction found after pos_2_1_0_2=0
Frontier expanded pos_2_2_0_2=1 from depth=7 -> reward=-1.0000 assigned=22/81 contradiction=True
Contradiction found after pos_2_2_0_2=1
Frontier expanded pos_0_0_0_1=6 from depth=7 -> reward=-1.0000 assigned=17/81 contradiction=True
Contradiction found after pos_0_0_0_1=6
Frontier expanded pos_2_0_0_0=7 from depth=5 -> reward=-1.0000 assigned=13/81 contradiction=True
Contradiction found after pos_2_0_0_0=7
Frontier expanded pos_1_0_1_0=3 from depth=5 -> reward=-1.0000 assigned=11/81 contradiction=True
Contradiction found after pos_1_0_1_0=3
Frontier expanded pos_1_0_2_0=3 from depth=5 -> reward=-1.0000 assigned=13/81 contradiction=True
Contradiction found after pos_1_0_2_0=3
Frontier expanded pos_1_0_2_0=7 from depth=5 -> reward=-1.0000 assigned=14/81 contradiction=True
Contradiction found after pos_1_0_2_0=7
Frontier expanded pos_2_0_0_0=5 from depth=5 -> reward=0.0123 assigned=9/81 contradiction=False
Frontier expanded pos_2_0_0_1=6 from depth=4 -> reward=-1.0000 assigned=20/81 contradiction=True
Contradiction found after pos_2_0_0_1=6
Frontier expanded pos_2_1_0_0=4 from depth=4 -> reward=-1.0000 assigned=20/81 contradiction=True
Contradiction found after pos_2_1_0_0=4
Frontier expanded pos_1_2_0_1=5 from depth=4 -> reward=0.0123 assigned=8/81 contradiction=False
Frontier expanded pos_2_0_0_1=4 from depth=4 -> reward=0.0247 assigned=9/81 contradiction=False
Frontier expanded pos_2_1_0_0=6 from depth=4 -> reward=0.0247 assigned=9/81 contradiction=False
Frontier expanded pos_1_2_0_1=7 from depth=5 -> reward=-1.0000 assigned=19/81 contradiction=True
Contradiction found after pos_1_2_0_1=7
Frontier expanded pos_2_0_0_2=7 from depth=5 -> reward=-1.0000 assigned=36/81 contradiction=True
Contradiction found after pos_2_0_0_2=7
Frontier expanded pos_2_1_0_2=0 from depth=5 -> reward=-1.0000 assigned=36/81 contradiction=True
Contradiction found after pos_2_1_0_2=0
Frontier expanded pos_2_2_0_2=1 from depth=5 -> reward=-1.0000 assigned=36/81 contradiction=True
Contradiction found after pos_2_2_0_2=1
Frontier expanded pos_0_2_1_1=7 from depth=5 -> reward=0.0123 assigned=10/81 contradiction=False
Frontier expanded pos_2_0_0_1=6 from depth=5 -> reward=-1.0000 assigned=20/81 contradiction=True
Contradiction found after pos_2_0_0_1=6
Frontier expanded pos_2_1_0_0=4 from depth=5 -> reward=-1.0000 assigned=20/81 contradiction=True
Contradiction found after pos_2_1_0_0=4
Frontier expanded pos_0_2_1_1=7 from depth=5 -> reward=0.0123 assigned=9/81 contradiction=False
Frontier expanded pos_0_2_1_1=3 from depth=5 -> reward=0.0123 assigned=9/81 contradiction=False
Frontier expanded pos_2_0_0_1=4 from depth=5 -> reward=0.0247 assigned=10/81 contradiction=False
Frontier expanded pos_2_0_0_2=7 from depth=6 -> reward=-1.0000 assigned=36/81 contradiction=True
Contradiction found after pos_2_0_0_2=7
Frontier expanded pos_2_1_0_2=0 from depth=6 -> reward=-1.0000 assigned=36/81 contradiction=True
Contradiction found after pos_2_1_0_2=0
Frontier expanded pos_2_2_0_2=1 from depth=6 -> reward=-1.0000 assigned=36/81 contradiction=True
Contradiction found after pos_2_2_0_2=1
Frontier expanded pos_0_0_0_1=6 from depth=6 -> reward=-1.0000 assigned=16/81 contradiction=True
Contradiction found after pos_0_0_0_1=6
Frontier expanded pos_0_0_0_1=8 from depth=6 -> reward=-1.0000 assigned=16/81 contradiction=True
Contradiction found after pos_0_0_0_1=8
Frontier expanded pos_2_0_0_0=7 from depth=4 -> reward=-1.0000 assigned=12/81 contradiction=True
Contradiction found after pos_2_0_0_0=7
Frontier expanded pos_1_0_1_0=3 from depth=4 -> reward=-1.0000 assigned=10/81 contradiction=True
Contradiction found after pos_1_0_1_0=3
Frontier expanded pos_0_2_1_1=7 from depth=4 -> reward=0.0123 assigned=8/81 contradiction=False
Frontier expanded pos_0_2_1_1=3 from depth=4 -> reward=0.0123 assigned=8/81 contradiction=False
Frontier expanded pos_2_0_0_0=5 from depth=4 -> reward=0.0123 assigned=8/81 contradiction=False
Frontier expanded pos_2_2_0_1=7 from depth=3 -> reward=-1.0000 assigned=15/81 contradiction=True
Contradiction found after pos_2_2_0_1=7
Frontier expanded pos_1_0_1_0=3 from depth=3 -> reward=-1.0000 assigned=9/81 contradiction=True
Contradiction found after pos_1_0_1_0=3
Frontier expanded pos_1_2_0_1=3 from depth=3 -> reward=-1.0000 assigned=16/81 contradiction=True
Contradiction found after pos_1_2_0_1=3
Frontier expanded pos_2_2_0_1=3 from depth=3 -> reward=0.0123 assigned=7/81 contradiction=False
Frontier expanded pos_1_2_0_1=5 from depth=3 -> reward=0.0123 assigned=7/81 contradiction=False
Frontier expanded pos_2_2_0_1=7 from depth=4 -> reward=-1.0000 assigned=16/81 contradiction=True
Contradiction found after pos_2_2_0_1=7
Frontier expanded pos_1_0_1_0=3 from depth=4 -> reward=-1.0000 assigned=10/81 contradiction=True
Contradiction found after pos_1_0_1_0=3
Frontier expanded pos_1_0_2_0=3 from depth=4 -> reward=-1.0000 assigned=12/81 contradiction=True
Contradiction found after pos_1_0_2_0=3
Frontier expanded pos_1_0_2_0=7 from depth=4 -> reward=-1.0000 assigned=13/81 contradiction=True
Contradiction found after pos_1_0_2_0=7
Frontier expanded pos_1_0_2_1=3 from depth=4 -> reward=-1.0000 assigned=13/81 contradiction=True
Contradiction found after pos_1_0_2_1=3
Frontier expanded pos_2_2_0_1=7 from depth=3 -> reward=-1.0000 assigned=15/81 contradiction=True
Contradiction found after pos_2_2_0_1=7
Frontier expanded pos_1_0_1_0=3 from depth=3 -> reward=-1.0000 assigned=9/81 contradiction=True
Contradiction found after pos_1_0_1_0=3
Frontier expanded pos_1_2_0_1=3 from depth=3 -> reward=-1.0000 assigned=16/81 contradiction=True
Contradiction found after pos_1_2_0_1=3
Frontier expanded pos_2_2_0_1=3 from depth=3 -> reward=0.0123 assigned=7/81 contradiction=False
Frontier expanded pos_1_2_0_1=5 from depth=3 -> reward=0.0123 assigned=7/81 contradiction=False
Frontier expanded pos_2_2_0_1=7 from depth=4 -> reward=-1.0000 assigned=16/81 contradiction=True
Contradiction found after pos_2_2_0_1=7
Frontier expanded pos_1_0_1_0=3 from depth=4 -> reward=-1.0000 assigned=10/81 contradiction=True
Contradiction found after pos_1_0_1_0=3
Frontier expanded pos_1_0_2_0=3 from depth=4 -> reward=-1.0000 assigned=12/81 contradiction=True
Contradiction found after pos_1_0_2_0=3
Frontier expanded pos_1_0_2_0=7 from depth=4 -> reward=-1.0000 assigned=13/81 contradiction=True
Contradiction found after pos_1_0_2_0=7
Frontier expanded pos_1_0_2_1=3 from depth=4 -> reward=-1.0000 assigned=13/81 contradiction=True
Contradiction found after pos_1_0_2_1=3
Frontier expanded pos_1_0_2_0=3 from depth=2 -> reward=0.0247 assigned=5/81 contradiction=False
Frontier expanded pos_0_2_0_2=1 from depth=2 -> reward=0.0123 assigned=4/81 contradiction=False
Frontier expanded pos_0_2_0_2=7 from depth=2 -> reward=0.0247 assigned=5/81 contradiction=False
Frontier expanded pos_1_2_0_1=3 from depth=2 -> reward=0.0123 assigned=4/81 contradiction=False
Frontier expanded pos_1_2_0_1=7 from depth=2 -> reward=0.0123 assigned=4/81 contradiction=False
Frontier expanded pos_2_0_0_2=1 from depth=3 -> reward=-1.0000 assigned=6/81 contradiction=True
Contradiction found after pos_2_0_0_2=1
Frontier expanded pos_2_2_0_2=0 from depth=3 -> reward=-1.0000 assigned=8/81 contradiction=True
Contradiction found after pos_2_2_0_2=0
Frontier expanded pos_2_2_0_2=1 from depth=3 -> reward=-1.0000 assigned=13/81 contradiction=True
Contradiction found after pos_2_2_0_2=1
Frontier expanded pos_0_0_0_2=0 from depth=3 -> reward=-1.0000 assigned=14/81 contradiction=True
Contradiction found after pos_0_0_0_2=0
Frontier expanded pos_0_0_0_2=1 from depth=3 -> reward=-1.0000 assigned=10/81 contradiction=True
Contradiction found after pos_0_0_0_2=1
Frontier expanded pos_1_1_2_2=1 from depth=3 -> reward=-1.0000 assigned=7/81 contradiction=True
Contradiction found after pos_1_1_2_2=1
Frontier expanded pos_1_1_2_2=5 from depth=3 -> reward=-1.0000 assigned=7/81 contradiction=True
Contradiction found after pos_1_1_2_2=5
Frontier expanded pos_1_2_2_0=1 from depth=3 -> reward=-1.0000 assigned=8/81 contradiction=True
Contradiction found after pos_1_2_2_0=1
Frontier expanded pos_1_2_2_0=5 from depth=3 -> reward=-1.0000 assigned=7/81 contradiction=True
Contradiction found after pos_1_2_2_0=5
Frontier expanded pos_1_2_0_1=1 from depth=3 -> reward=-1.0000 assigned=8/81 contradiction=True
Contradiction found after pos_1_2_0_1=1
Frontier expanded pos_0_1_0_2=3 from depth=3 -> reward=-1.0000 assigned=14/81 contradiction=True
Contradiction found after pos_0_1_0_2=3
Frontier expanded pos_0_2_1_1=3 from depth=3 -> reward=0.0123 assigned=5/81 contradiction=False
Frontier expanded pos_0_2_1_1=5 from depth=3 -> reward=0.0123 assigned=5/81 contradiction=False
Frontier expanded pos_0_2_1_1=7 from depth=3 -> reward=0.0123 assigned=5/81 contradiction=False
Frontier expanded pos_2_2_0_2=3 from depth=3 -> reward=0.0247 assigned=6/81 contradiction=False
Frontier expanded pos_2_0_0_2=7 from depth=4 -> reward=-1.0000 assigned=14/81 contradiction=True
Contradiction found after pos_2_0_0_2=7
Frontier expanded pos_2_2_0_1=1 from depth=4 -> reward=-1.0000 assigned=15/81 contradiction=True
Contradiction found after pos_2_2_0_1=1
Frontier expanded pos_2_2_0_1=7 from depth=4 -> reward=-1.0000 assigned=15/81 contradiction=True
Contradiction found after pos_2_2_0_1=7
Frontier expanded pos_2_1_0_2=2 from depth=4 -> reward=0.0123 assigned=7/81 contradiction=False
Frontier expanded pos_2_1_0_2=4 from depth=4 -> reward=0.0123 assigned=7/81 contradiction=False
Frontier expanded pos_2_0_0_2=7 from depth=5 -> reward=-1.0000 assigned=15/81 contradiction=True
Contradiction found after pos_2_0_0_2=7
Frontier expanded pos_2_2_0_1=1 from depth=5 -> reward=-1.0000 assigned=12/81 contradiction=True
Contradiction found after pos_2_2_0_1=1
Frontier expanded pos_2_2_0_1=7 from depth=5 -> reward=-1.0000 assigned=15/81 contradiction=True
Contradiction found after pos_2_2_0_1=7
Frontier expanded pos_2_0_0_2=5 from depth=5 -> reward=0.0123 assigned=8/81 contradiction=False
Frontier expanded pos_0_2_1_1=3 from depth=5 -> reward=0.0123 assigned=8/81 contradiction=False
Frontier expanded pos_2_0_0_2=7 from depth=6 -> reward=-1.0000 assigned=16/81 contradiction=True
Contradiction found after pos_2_0_0_2=7
Frontier expanded pos_2_2_0_1=1 from depth=6 -> reward=-1.0000 assigned=13/81 contradiction=True
Contradiction found after pos_2_2_0_1=1
Frontier expanded pos_2_2_0_1=7 from depth=6 -> reward=-1.0000 assigned=17/81 contradiction=True
Contradiction found after pos_2_2_0_1=7
Frontier expanded pos_2_0_0_2=5 from depth=6 -> reward=0.0123 assigned=9/81 contradiction=False
Frontier expanded pos_1_1_0_2=6 from depth=6 -> reward=0.0123 assigned=9/81 contradiction=False
Frontier expanded pos_2_0_0_2=7 from depth=7 -> reward=-1.0000 assigned=17/81 contradiction=True
Contradiction found after pos_2_0_0_2=7
Frontier expanded pos_2_2_0_1=1 from depth=7 -> reward=-1.0000 assigned=14/81 contradiction=True
Contradiction found after pos_2_2_0_1=1
Frontier expanded pos_2_2_0_1=7 from depth=7 -> reward=-1.0000 assigned=19/81 contradiction=True
Contradiction found after pos_2_2_0_1=7
Frontier expanded pos_0_0_0_2=5 from depth=7 -> reward=-1.0000 assigned=17/81 contradiction=True
Contradiction found after pos_0_0_0_2=5
Frontier expanded pos_0_0_0_2=8 from depth=7 -> reward=-1.0000 assigned=19/81 contradiction=True
Contradiction found after pos_0_0_0_2=8
Frontier expanded pos_2_0_0_0=1 from depth=7 -> reward=-1.0000 assigned=18/81 contradiction=True
Contradiction found after pos_2_0_0_0=1
Frontier expanded pos_2_0_0_0=7 from depth=7 -> reward=-1.0000 assigned=16/81 contradiction=True
Contradiction found after pos_2_0_0_0=7
Frontier expanded pos_2_0_1_1=1 from depth=7 -> reward=-1.0000 assigned=16/81 contradiction=True
Contradiction found after pos_2_0_1_1=1
Frontier expanded pos_2_0_1_1=7 from depth=7 -> reward=-1.0000 assigned=18/81 contradiction=True
Contradiction found after pos_2_0_1_1=7
Frontier expanded pos_2_2_0_1=1 from depth=7 -> reward=-1.0000 assigned=17/81 contradiction=True
Contradiction found after pos_2_2_0_1=1
Frontier expanded pos_2_0_0_0=1 from depth=6 -> reward=-1.0000 assigned=15/81 contradiction=True
Contradiction found after pos_2_0_0_0=1
Frontier expanded pos_2_0_0_0=7 from depth=6 -> reward=-1.0000 assigned=14/81 contradiction=True
Contradiction found after pos_2_0_0_0=7
Frontier expanded pos_2_2_0_1=1 from depth=6 -> reward=-1.0000 assigned=15/81 contradiction=True
Contradiction found after pos_2_2_0_1=1
Frontier expanded pos_2_2_0_1=7 from depth=6 -> reward=-1.0000 assigned=15/81 contradiction=True
Contradiction found after pos_2_2_0_1=7
Frontier expanded pos_0_0_0_1=7 from depth=6 -> reward=-1.0000 assigned=15/81 contradiction=True
Contradiction found after pos_0_0_0_1=7
Frontier expanded pos_2_0_0_2=7 from depth=5 -> reward=-1.0000 assigned=17/81 contradiction=True
Contradiction found after pos_2_0_0_2=7
Frontier expanded pos_2_2_0_1=1 from depth=5 -> reward=-1.0000 assigned=14/81 contradiction=True
Contradiction found after pos_2_2_0_1=1
Frontier expanded pos_2_2_0_1=7 from depth=5 -> reward=-1.0000 assigned=12/81 contradiction=True
Contradiction found after pos_2_2_0_1=7
Frontier expanded pos_2_0_0_2=5 from depth=5 -> reward=0.0123 assigned=8/81 contradiction=False
Frontier expanded pos_0_2_1_1=3 from depth=5 -> reward=0.0123 assigned=8/81 contradiction=False
Frontier expanded pos_2_0_0_2=7 from depth=6 -> reward=-1.0000 assigned=19/81 contradiction=True
Contradiction found after pos_2_0_0_2=7
Frontier expanded pos_2_2_0_1=1 from depth=6 -> reward=-1.0000 assigned=15/81 contradiction=True
Contradiction found after pos_2_2_0_1=1
Frontier expanded pos_2_2_0_1=7 from depth=6 -> reward=-1.0000 assigned=13/81 contradiction=True
Contradiction found after pos_2_2_0_1=7
Frontier expanded pos_2_0_0_2=5 from depth=6 -> reward=0.0123 assigned=9/81 contradiction=False
Frontier expanded pos_1_1_0_2=6 from depth=6 -> reward=0.0123 assigned=9/81 contradiction=False
Frontier expanded pos_2_0_0_2=7 from depth=7 -> reward=-1.0000 assigned=20/81 contradiction=True
Contradiction found after pos_2_0_0_2=7
Frontier expanded pos_2_2_0_1=1 from depth=7 -> reward=-1.0000 assigned=16/81 contradiction=True
Contradiction found after pos_2_2_0_1=1
Frontier expanded pos_2_2_0_1=7 from depth=7 -> reward=-1.0000 assigned=14/81 contradiction=True
Contradiction found after pos_2_2_0_1=7
Frontier expanded pos_1_0_0_2=7 from depth=7 -> reward=-1.0000 assigned=12/81 contradiction=True
Contradiction found after pos_1_0_0_2=7
Frontier expanded pos_1_0_2_0=7 from depth=7 -> reward=0.0370 assigned=12/81 contradiction=False
Frontier expanded pos_1_0_2_2=4 from depth=8 -> reward=-1.0000 assigned=22/81 contradiction=True
Contradiction found after pos_1_0_2_2=4
Frontier expanded pos_1_1_2_2=1 from depth=8 -> reward=-1.0000 assigned=17/81 contradiction=True
Contradiction found after pos_1_1_2_2=1
Frontier expanded pos_1_1_2_2=5 from depth=8 -> reward=-1.0000 assigned=15/81 contradiction=True
Contradiction found after pos_1_1_2_2=5
Frontier expanded pos_1_2_2_0=1 from depth=8 -> reward=-1.0000 assigned=15/81 contradiction=True
Contradiction found after pos_1_2_2_0=1
Frontier expanded pos_1_2_2_0=5 from depth=8 -> reward=-1.0000 assigned=14/81 contradiction=True
Contradiction found after pos_1_2_2_0=5
Frontier expanded pos_2_0_0_0=1 from depth=7 -> reward=-1.0000 assigned=14/81 contradiction=True
Contradiction found after pos_2_0_0_0=1
Frontier expanded pos_2_0_0_0=7 from depth=7 -> reward=-1.0000 assigned=18/81 contradiction=True
Contradiction found after pos_2_0_0_0=7
Frontier expanded pos_2_0_1_1=1 from depth=7 -> reward=-1.0000 assigned=18/81 contradiction=True
Contradiction found after pos_2_0_1_1=1
Frontier expanded pos_2_0_1_1=7 from depth=7 -> reward=-1.0000 assigned=13/81 contradiction=True
Contradiction found after pos_2_0_1_1=7
Frontier expanded pos_2_2_0_1=1 from depth=7 -> reward=-1.0000 assigned=18/81 contradiction=True
Contradiction found after pos_2_2_0_1=1
Frontier expanded pos_2_0_0_0=1 from depth=6 -> reward=-1.0000 assigned=12/81 contradiction=True
Contradiction found after pos_2_0_0_0=1
Frontier expanded pos_2_0_0_0=7 from depth=6 -> reward=-1.0000 assigned=16/81 contradiction=True
Contradiction found after pos_2_0_0_0=7
Frontier expanded pos_2_2_0_1=1 from depth=6 -> reward=-1.0000 assigned=16/81 contradiction=True
Contradiction found after pos_2_2_0_1=1
Frontier expanded pos_2_2_0_1=7 from depth=6 -> reward=-1.0000 assigned=12/81 contradiction=True
Contradiction found after pos_2_2_0_1=7
Frontier expanded pos_0_2_1_1=3 from depth=6 -> reward=0.0123 assigned=9/81 contradiction=False
Frontier expanded pos_0_1_0_2=3 from depth=4 -> reward=-1.0000 assigned=15/81 contradiction=True
Contradiction found after pos_0_1_0_2=3
Frontier expanded pos_2_2_0_2=7 from depth=4 -> reward=0.0864 assigned=12/81 contradiction=False
Frontier expanded pos_1_2_0_1=3 from depth=4 -> reward=0.0370 assigned=8/81 contradiction=False
Frontier expanded pos_1_2_0_1=7 from depth=4 -> reward=0.0123 assigned=6/81 contradiction=False
Frontier expanded pos_2_2_0_2=3 from depth=4 -> reward=0.0247 assigned=7/81 contradiction=False
Frontier expanded pos_0_0_0_1=4 from depth=5 -> reward=-1.0000 assigned=16/81 contradiction=True
Contradiction found after pos_0_0_0_1=4
Frontier expanded pos_0_1_0_2=3 from depth=5 -> reward=-1.0000 assigned=16/81 contradiction=True
Contradiction found after pos_0_1_0_2=3
Frontier expanded pos_1_2_0_1=7 from depth=5 -> reward=-1.0000 assigned=17/81 contradiction=True
Contradiction found after pos_1_2_0_1=7
Frontier expanded pos_0_0_0_1=7 from depth=5 -> reward=0.0370 assigned=15/81 contradiction=False
Frontier expanded pos_1_0_2_0=7 from depth=5 -> reward=0.0617 assigned=17/81 contradiction=False
Frontier expanded pos_0_0_0_1=4 from depth=6 -> reward=-1.0000 assigned=21/81 contradiction=True
Contradiction found after pos_0_0_0_1=4
Frontier expanded pos_0_0_0_1=7 from depth=6 -> reward=-1.0000 assigned=29/81 contradiction=True
Contradiction found after pos_0_0_0_1=7
Frontier expanded pos_0_1_0_2=3 from depth=6 -> reward=-1.0000 assigned=21/81 contradiction=True
Contradiction found after pos_0_1_0_2=3
Frontier expanded pos_1_1_2_2=1 from depth=6 -> reward=-1.0000 assigned=22/81 contradiction=True
Contradiction found after pos_1_1_2_2=1
Frontier expanded pos_1_1_2_2=5 from depth=6 -> reward=-1.0000 assigned=27/81 contradiction=True
Contradiction found after pos_1_1_2_2=5
Frontier expanded pos_0_1_0_2=3 from depth=6 -> reward=-1.0000 assigned=16/81 contradiction=True
Contradiction found after pos_0_1_0_2=3
Frontier expanded pos_1_0_2_0=3 from depth=6 -> reward=-1.0000 assigned=25/81 contradiction=True
Contradiction found after pos_1_0_2_0=3
Frontier expanded pos_1_0_2_0=7 from depth=6 -> reward=-1.0000 assigned=24/81 contradiction=True
Contradiction found after pos_1_0_2_0=7
Frontier expanded pos_1_0_2_1=3 from depth=6 -> reward=-1.0000 assigned=22/81 contradiction=True
Contradiction found after pos_1_0_2_1=3
Frontier expanded pos_1_0_2_1=7 from depth=6 -> reward=-1.0000 assigned=25/81 contradiction=True
Contradiction found after pos_1_0_2_1=7
Frontier expanded pos_2_0_0_2=7 from depth=5 -> reward=-1.0000 assigned=14/81 contradiction=True
Contradiction found after pos_2_0_0_2=7
Frontier expanded pos_1_2_1_0=7 from depth=5 -> reward=0.0123 assigned=9/81 contradiction=False
Frontier expanded pos_2_0_0_2=5 from depth=5 -> reward=0.0123 assigned=9/81 contradiction=False
Frontier expanded pos_2_1_0_2=2 from depth=5 -> reward=0.0123 assigned=9/81 contradiction=False
Frontier expanded pos_2_1_0_2=4 from depth=5 -> reward=0.0123 assigned=9/81 contradiction=False
Frontier expanded pos_2_0_0_0=1 from depth=6 -> reward=-1.0000 assigned=18/81 contradiction=True
Contradiction found after pos_2_0_0_0=1
Frontier expanded pos_2_0_0_0=7 from depth=6 -> reward=-1.0000 assigned=19/81 contradiction=True
Contradiction found after pos_2_0_0_0=7
Frontier expanded pos_2_0_1_1=1 from depth=6 -> reward=-1.0000 assigned=20/81 contradiction=True
Contradiction found after pos_2_0_1_1=1
Frontier expanded pos_1_2_1_0=7 from depth=6 -> reward=0.0123 assigned=10/81 contradiction=False
Frontier expanded pos_2_0_1_1=3 from depth=6 -> reward=0.0123 assigned=10/81 contradiction=False
Frontier expanded pos_1_2_2_0=1 from depth=7 -> reward=-1.0000 assigned=23/81 contradiction=True
Contradiction found after pos_1_2_2_0=1
Frontier expanded pos_2_0_0_0=1 from depth=7 -> reward=-1.0000 assigned=18/81 contradiction=True
Contradiction found after pos_2_0_0_0=1
Frontier expanded pos_2_0_0_0=7 from depth=7 -> reward=-1.0000 assigned=19/81 contradiction=True
Contradiction found after pos_2_0_0_0=7
Frontier expanded pos_2_0_1_1=1 from depth=7 -> reward=-1.0000 assigned=20/81 contradiction=True
Contradiction found after pos_2_0_1_1=1
Frontier expanded pos_2_0_1_1=3 from depth=7 -> reward=0.0123 assigned=11/81 contradiction=False
Frontier expanded pos_1_2_2_0=1 from depth=8 -> reward=-1.0000 assigned=24/81 contradiction=True
Contradiction found after pos_1_2_2_0=1
Frontier expanded pos_2_0_0_0=1 from depth=8 -> reward=-1.0000 assigned=18/81 contradiction=True
Contradiction found after pos_2_0_0_0=1
Frontier expanded pos_2_0_0_0=7 from depth=8 -> reward=-1.0000 assigned=24/81 contradiction=True
Contradiction found after pos_2_0_0_0=7
Frontier expanded pos_2_1_0_2=4 from depth=8 -> reward=0.0370 assigned=14/81 contradiction=False
Frontier expanded pos_2_1_0_2=2 from depth=8 -> reward=0.0123 assigned=12/81 contradiction=False
Frontier expanded pos_1_2_2_0=1 from depth=9 -> reward=-1.0000 assigned=21/81 contradiction=True
Contradiction found after pos_1_2_2_0=1
Frontier expanded pos_2_0_0_0=1 from depth=9 -> reward=-1.0000 assigned=21/81 contradiction=True
Contradiction found after pos_2_0_0_0=1
Frontier expanded pos_2_0_0_0=7 from depth=9 -> reward=-1.0000 assigned=20/81 contradiction=True
Contradiction found after pos_2_0_0_0=7
Frontier expanded pos_2_2_0_1=1 from depth=9 -> reward=-1.0000 assigned=22/81 contradiction=True
Contradiction found after pos_2_2_0_1=1
Frontier expanded pos_2_2_0_1=7 from depth=9 -> reward=-1.0000 assigned=21/81 contradiction=True
Contradiction found after pos_2_2_0_1=7
Frontier expanded pos_1_2_2_0=1 from depth=9 -> reward=-1.0000 assigned=25/81 contradiction=True
Contradiction found after pos_1_2_2_0=1
Frontier expanded pos_2_0_0_0=1 from depth=9 -> reward=-1.0000 assigned=17/81 contradiction=True
Contradiction found after pos_2_0_0_0=1
Frontier expanded pos_2_0_0_0=7 from depth=9 -> reward=-1.0000 assigned=20/81 contradiction=True
Contradiction found after pos_2_0_0_0=7
Frontier expanded pos_2_2_0_1=1 from depth=9 -> reward=-1.0000 assigned=21/81 contradiction=True
Contradiction found after pos_2_2_0_1=1
Frontier expanded pos_2_2_0_1=7 from depth=9 -> reward=-1.0000 assigned=18/81 contradiction=True
Contradiction found after pos_2_2_0_1=7
Frontier expanded pos_2_0_0_0=1 from depth=7 -> reward=-1.0000 assigned=18/81 contradiction=True
Contradiction found after pos_2_0_0_0=1
Frontier expanded pos_2_0_0_0=7 from depth=7 -> reward=-1.0000 assigned=23/81 contradiction=True
Contradiction found after pos_2_0_0_0=7
Frontier expanded pos_2_1_0_2=4 from depth=7 -> reward=0.0370 assigned=13/81 contradiction=False
Frontier expanded pos_1_2_1_0=7 from depth=7 -> reward=0.0123 assigned=11/81 contradiction=False
Frontier expanded pos_2_1_0_2=2 from depth=7 -> reward=0.0123 assigned=11/81 contradiction=False
Frontier expanded pos_2_0_0_0=1 from depth=8 -> reward=-1.0000 assigned=20/81 contradiction=True
Contradiction found after pos_2_0_0_0=1
Frontier expanded pos_2_0_0_0=7 from depth=8 -> reward=-1.0000 assigned=19/81 contradiction=True
Contradiction found after pos_2_0_0_0=7
Frontier expanded pos_2_2_0_1=1 from depth=8 -> reward=-1.0000 assigned=20/81 contradiction=True
Contradiction found after pos_2_2_0_1=1
Frontier expanded pos_2_2_0_1=7 from depth=8 -> reward=-1.0000 assigned=19/81 contradiction=True
Contradiction found after pos_2_2_0_1=7
Frontier expanded pos_1_2_1_0=7 from depth=8 -> reward=0.0123 assigned=14/81 contradiction=False
Frontier expanded pos_2_0_0_0=1 from depth=8 -> reward=-1.0000 assigned=16/81 contradiction=True
Contradiction found after pos_2_0_0_0=1
Frontier expanded pos_2_0_0_0=7 from depth=8 -> reward=-1.0000 assigned=20/81 contradiction=True
Contradiction found after pos_2_0_0_0=7
Frontier expanded pos_2_2_0_1=1 from depth=8 -> reward=-1.0000 assigned=20/81 contradiction=True
Contradiction found after pos_2_2_0_1=1
Frontier expanded pos_2_2_0_1=7 from depth=8 -> reward=-1.0000 assigned=16/81 contradiction=True
Contradiction found after pos_2_2_0_1=7
Frontier expanded pos_1_0_2_0=7 from depth=8 -> reward=0.0370 assigned=14/81 contradiction=False
Frontier expanded pos_1_1_0_2=6 from depth=9 -> reward=-1.0000 assigned=25/81 contradiction=True
Contradiction found after pos_1_1_0_2=6
Frontier expanded pos_1_1_2_2=1 from depth=9 -> reward=-1.0000 assigned=15/81 contradiction=True
Contradiction found after pos_1_1_2_2=1
Frontier expanded pos_1_1_2_2=5 from depth=9 -> reward=-1.0000 assigned=17/81 contradiction=True
Contradiction found after pos_1_1_2_2=5
Frontier expanded pos_1_2_1_0=5 from depth=9 -> reward=-1.0000 assigned=18/81 contradiction=True
Contradiction found after pos_1_2_1_0=5
Frontier expanded pos_1_2_2_0=1 from depth=9 -> reward=-1.0000 assigned=16/81 contradiction=True
Contradiction found after pos_1_2_2_0=1
Frontier expanded pos_2_0_0_2=7 from depth=6 -> reward=-1.0000 assigned=17/81 contradiction=True
Contradiction found after pos_2_0_0_2=7
Frontier expanded pos_2_2_0_1=1 from depth=6 -> reward=-1.0000 assigned=15/81 contradiction=True
Contradiction found after pos_2_2_0_1=1
Frontier expanded pos_2_2_0_1=7 from depth=6 -> reward=-1.0000 assigned=15/81 contradiction=True
Contradiction found after pos_2_2_0_1=7
Frontier expanded pos_1_0_2_0=7 from depth=6 -> reward=0.0370 assigned=12/81 contradiction=False
Frontier expanded pos_1_0_2_1=3 from depth=6 -> reward=0.0370 assigned=12/81 contradiction=False
Frontier expanded pos_1_1_0_2=6 from depth=7 -> reward=-1.0000 assigned=23/81 contradiction=True
Contradiction found after pos_1_1_0_2=6
Frontier expanded pos_1_1_2_2=1 from depth=7 -> reward=-1.0000 assigned=13/81 contradiction=True
Contradiction found after pos_1_1_2_2=1
Frontier expanded pos_1_1_2_2=5 from depth=7 -> reward=-1.0000 assigned=15/81 contradiction=True
Contradiction found after pos_1_1_2_2=5
Frontier expanded pos_1_2_1_0=5 from depth=7 -> reward=-1.0000 assigned=16/81 contradiction=True
Contradiction found after pos_1_2_1_0=5
Frontier expanded pos_1_2_2_0=1 from depth=7 -> reward=-1.0000 assigned=14/81 contradiction=True
Contradiction found after pos_1_2_2_0=1
Frontier expanded pos_2_0_0_2=7 from depth=6 -> reward=-1.0000 assigned=17/81 contradiction=True
Contradiction found after pos_2_0_0_2=7
Frontier expanded pos_2_2_0_1=1 from depth=6 -> reward=-1.0000 assigned=13/81 contradiction=True
Contradiction found after pos_2_2_0_1=1
Frontier expanded pos_2_2_0_1=7 from depth=6 -> reward=-1.0000 assigned=19/81 contradiction=True
Contradiction found after pos_2_2_0_1=7
Frontier expanded pos_2_0_0_2=5 from depth=6 -> reward=0.0370 assigned=12/81 contradiction=False
Frontier expanded pos_1_2_1_0=7 from depth=6 -> reward=0.0123 assigned=10/81 contradiction=False
Frontier expanded pos_2_0_0_0=1 from depth=7 -> reward=-1.0000 assigned=20/81 contradiction=True
Contradiction found after pos_2_0_0_0=1
Frontier expanded pos_2_0_0_0=7 from depth=7 -> reward=-1.0000 assigned=18/81 contradiction=True
Contradiction found after pos_2_0_0_0=7
Frontier expanded pos_2_0_1_1=1 from depth=7 -> reward=-1.0000 assigned=19/81 contradiction=True
Contradiction found after pos_2_0_1_1=1
Frontier expanded pos_1_2_1_0=7 from depth=7 -> reward=0.0123 assigned=13/81 contradiction=False
Frontier expanded pos_2_0_1_1=3 from depth=7 -> reward=0.0123 assigned=13/81 contradiction=False
Frontier expanded pos_1_2_2_0=1 from depth=8 -> reward=-1.0000 assigned=20/81 contradiction=True
Contradiction found after pos_1_2_2_0=1
Frontier expanded pos_2_0_0_0=1 from depth=8 -> reward=-1.0000 assigned=21/81 contradiction=True
Contradiction found after pos_2_0_0_0=1
Frontier expanded pos_2_0_0_0=7 from depth=8 -> reward=-1.0000 assigned=19/81 contradiction=True
Contradiction found after pos_2_0_0_0=7
Frontier expanded pos_2_0_1_1=1 from depth=8 -> reward=-1.0000 assigned=20/81 contradiction=True
Contradiction found after pos_2_0_1_1=1
Frontier expanded pos_2_0_1_1=3 from depth=8 -> reward=0.0123 assigned=14/81 contradiction=False
Frontier expanded pos_1_2_2_0=1 from depth=7 -> reward=-1.0000 assigned=17/81 contradiction=True
Contradiction found after pos_1_2_2_0=1
Frontier expanded pos_2_0_0_2=7 from depth=7 -> reward=-1.0000 assigned=18/81 contradiction=True
Contradiction found after pos_2_0_0_2=7
Frontier expanded pos_2_2_0_1=1 from depth=7 -> reward=-1.0000 assigned=15/81 contradiction=True
Contradiction found after pos_2_2_0_1=1
Frontier expanded pos_2_2_0_1=7 from depth=7 -> reward=-1.0000 assigned=21/81 contradiction=True
Contradiction found after pos_2_2_0_1=7
Frontier expanded pos_2_0_0_2=5 from depth=7 -> reward=0.0370 assigned=13/81 contradiction=False
Frontier expanded pos_1_2_2_0=1 from depth=6 -> reward=-1.0000 assigned=20/81 contradiction=True
Contradiction found after pos_1_2_2_0=1
Frontier expanded pos_2_0_0_2=7 from depth=6 -> reward=-1.0000 assigned=15/81 contradiction=True
Contradiction found after pos_2_0_0_2=7
Frontier expanded pos_2_0_0_2=5 from depth=6 -> reward=0.0123 assigned=10/81 contradiction=False
Frontier expanded pos_2_1_0_2=2 from depth=6 -> reward=0.0123 assigned=10/81 contradiction=False
Frontier expanded pos_2_1_0_2=4 from depth=6 -> reward=0.0123 assigned=10/81 contradiction=False
Frontier expanded pos_1_2_2_0=1 from depth=7 -> reward=-1.0000 assigned=21/81 contradiction=True
Contradiction found after pos_1_2_2_0=1
Frontier expanded pos_2_0_0_2=7 from depth=7 -> reward=-1.0000 assigned=18/81 contradiction=True
Contradiction found after pos_2_0_0_2=7
Frontier expanded pos_2_2_0_1=1 from depth=7 -> reward=-1.0000 assigned=16/81 contradiction=True
Contradiction found after pos_2_2_0_1=1
Frontier expanded pos_2_2_0_1=7 from depth=7 -> reward=-1.0000 assigned=17/81 contradiction=True
Contradiction found after pos_2_2_0_1=7
Frontier expanded pos_1_0_2_0=7 from depth=7 -> reward=0.0370 assigned=13/81 contradiction=False
Frontier expanded pos_1_1_0_2=6 from depth=8 -> reward=-1.0000 assigned=14/81 contradiction=True
Contradiction found after pos_1_1_0_2=6
Frontier expanded pos_1_1_2_2=1 from depth=8 -> reward=-1.0000 assigned=14/81 contradiction=True
Contradiction found after pos_1_1_2_2=1
Frontier expanded pos_1_1_2_2=5 from depth=8 -> reward=-1.0000 assigned=16/81 contradiction=True
Contradiction found after pos_1_1_2_2=5
Frontier expanded pos_1_2_2_0=1 from depth=8 -> reward=-1.0000 assigned=15/81 contradiction=True
Contradiction found after pos_1_2_2_0=1
Frontier expanded pos_1_2_2_0=5 from depth=8 -> reward=-1.0000 assigned=15/81 contradiction=True
Contradiction found after pos_1_2_2_0=5
Frontier expanded pos_2_0_0_2=7 from depth=5 -> reward=-1.0000 assigned=15/81 contradiction=True
Contradiction found after pos_2_0_0_2=7
Frontier expanded pos_2_2_0_1=1 from depth=5 -> reward=-1.0000 assigned=16/81 contradiction=True
Contradiction found after pos_2_2_0_1=1
Frontier expanded pos_2_2_0_1=7 from depth=5 -> reward=-1.0000 assigned=17/81 contradiction=True
Contradiction found after pos_2_2_0_1=7
Frontier expanded pos_2_1_0_2=2 from depth=5 -> reward=0.0123 assigned=8/81 contradiction=False
Frontier expanded pos_2_1_0_2=4 from depth=5 -> reward=0.0123 assigned=8/81 contradiction=False
Frontier expanded pos_2_0_0_2=7 from depth=6 -> reward=-1.0000 assigned=16/81 contradiction=True
Contradiction found after pos_2_0_0_2=7
Frontier expanded pos_2_2_0_1=1 from depth=6 -> reward=-1.0000 assigned=13/81 contradiction=True
Contradiction found after pos_2_2_0_1=1
Frontier expanded pos_2_2_0_1=7 from depth=6 -> reward=-1.0000 assigned=17/81 contradiction=True
Contradiction found after pos_2_2_0_1=7
Frontier expanded pos_2_0_0_2=5 from depth=6 -> reward=0.0123 assigned=9/81 contradiction=False
Frontier expanded pos_1_1_0_2=6 from depth=6 -> reward=0.0123 assigned=9/81 contradiction=False
Frontier expanded pos_2_0_0_2=7 from depth=7 -> reward=-1.0000 assigned=17/81 contradiction=True
Contradiction found after pos_2_0_0_2=7
Frontier expanded pos_2_2_0_1=1 from depth=7 -> reward=-1.0000 assigned=14/81 contradiction=True
Contradiction found after pos_2_2_0_1=1
Frontier expanded pos_2_2_0_1=7 from depth=7 -> reward=-1.0000 assigned=19/81 contradiction=True
Contradiction found after pos_2_2_0_1=7
Frontier expanded pos_0_0_0_2=5 from depth=7 -> reward=-1.0000 assigned=17/81 contradiction=True
Contradiction found after pos_0_0_0_2=5
Frontier expanded pos_0_0_0_2=8 from depth=7 -> reward=-1.0000 assigned=18/81 contradiction=True
Contradiction found after pos_0_0_0_2=8
Frontier expanded pos_2_0_0_0=1 from depth=7 -> reward=-1.0000 assigned=17/81 contradiction=True
Contradiction found after pos_2_0_0_0=1
Frontier expanded pos_2_0_0_0=7 from depth=7 -> reward=-1.0000 assigned=15/81 contradiction=True
Contradiction found after pos_2_0_0_0=7
Frontier expanded pos_2_0_1_1=1 from depth=7 -> reward=-1.0000 assigned=16/81 contradiction=True
Contradiction found after pos_2_0_1_1=1
Frontier expanded pos_2_2_0_1=1 from depth=7 -> reward=-1.0000 assigned=16/81 contradiction=True
Contradiction found after pos_2_2_0_1=1
Frontier expanded pos_2_2_0_1=7 from depth=7 -> reward=-1.0000 assigned=17/81 contradiction=True
Contradiction found after pos_2_2_0_1=7
Frontier expanded pos_2_0_0_2=7 from depth=6 -> reward=-1.0000 assigned=18/81 contradiction=True
Contradiction found after pos_2_0_0_2=7
Frontier expanded pos_2_2_0_1=1 from depth=6 -> reward=-1.0000 assigned=15/81 contradiction=True
Contradiction found after pos_2_2_0_1=1
Frontier expanded pos_2_2_0_1=7 from depth=6 -> reward=-1.0000 assigned=13/81 contradiction=True
Contradiction found after pos_2_2_0_1=7
Frontier expanded pos_2_0_0_2=5 from depth=6 -> reward=0.0123 assigned=9/81 contradiction=False
Frontier expanded pos_1_1_0_2=6 from depth=6 -> reward=0.0123 assigned=9/81 contradiction=False
Frontier expanded pos_2_0_0_2=7 from depth=7 -> reward=-1.0000 assigned=19/81 contradiction=True
Contradiction found after pos_2_0_0_2=7
Frontier expanded pos_2_2_0_1=1 from depth=7 -> reward=-1.0000 assigned=16/81 contradiction=True
Contradiction found after pos_2_2_0_1=1
Frontier expanded pos_2_2_0_1=7 from depth=7 -> reward=-1.0000 assigned=14/81 contradiction=True
Contradiction found after pos_2_2_0_1=7
Frontier expanded pos_1_0_0_2=7 from depth=7 -> reward=-1.0000 assigned=12/81 contradiction=True
Contradiction found after pos_1_0_0_2=7
Frontier expanded pos_1_0_2_0=7 from depth=7 -> reward=0.0370 assigned=12/81 contradiction=False
Frontier expanded pos_1_0_2_2=4 from depth=8 -> reward=-1.0000 assigned=22/81 contradiction=True
Contradiction found after pos_1_0_2_2=4
Frontier expanded pos_1_1_2_2=1 from depth=8 -> reward=-1.0000 assigned=17/81 contradiction=True
Contradiction found after pos_1_1_2_2=1
Frontier expanded pos_1_1_2_2=5 from depth=8 -> reward=-1.0000 assigned=15/81 contradiction=True
Contradiction found after pos_1_1_2_2=5
Frontier expanded pos_1_2_2_0=1 from depth=8 -> reward=-1.0000 assigned=15/81 contradiction=True
Contradiction found after pos_1_2_2_0=1
Frontier expanded pos_1_2_2_0=5 from depth=8 -> reward=-1.0000 assigned=14/81 contradiction=True
Contradiction found after pos_1_2_2_0=5
Frontier expanded pos_2_0_0_0=1 from depth=7 -> reward=-1.0000 assigned=14/81 contradiction=True
Contradiction found after pos_2_0_0_0=1
Frontier expanded pos_2_0_0_0=7 from depth=7 -> reward=-1.0000 assigned=17/81 contradiction=True
Contradiction found after pos_2_0_0_0=7
Frontier expanded pos_2_0_1_1=1 from depth=7 -> reward=-1.0000 assigned=18/81 contradiction=True
Contradiction found after pos_2_0_1_1=1
Frontier expanded pos_2_2_0_1=1 from depth=7 -> reward=-1.0000 assigned=17/81 contradiction=True
Contradiction found after pos_2_2_0_1=1
Frontier expanded pos_2_2_0_1=7 from depth=7 -> reward=-1.0000 assigned=13/81 contradiction=True
Contradiction found after pos_2_2_0_1=7
Frontier expanded pos_0_1_0_2=3 from depth=5 -> reward=-1.0000 assigned=11/81 contradiction=True
Contradiction found after pos_0_1_0_2=3
Frontier expanded pos_2_2_0_1=1 from depth=5 -> reward=-1.0000 assigned=11/81 contradiction=True
Contradiction found after pos_2_2_0_1=1
Frontier expanded pos_2_2_0_1=3 from depth=5 -> reward=-1.0000 assigned=18/81 contradiction=True
Contradiction found after pos_2_2_0_1=3
Frontier expanded pos_1_2_1_0=3 from depth=5 -> reward=0.0123 assigned=7/81 contradiction=False
Frontier expanded pos_0_1_0_2=0 from depth=5 -> reward=0.0123 assigned=7/81 contradiction=False
Frontier expanded pos_0_1_0_2=3 from depth=6 -> reward=-1.0000 assigned=12/81 contradiction=True
Contradiction found after pos_0_1_0_2=3
Frontier expanded pos_1_2_2_0=1 from depth=6 -> reward=-1.0000 assigned=16/81 contradiction=True
Contradiction found after pos_1_2_2_0=1
Frontier expanded pos_2_2_0_1=1 from depth=6 -> reward=-1.0000 assigned=11/81 contradiction=True
Contradiction found after pos_2_2_0_1=1
Frontier expanded pos_2_2_0_1=3 from depth=6 -> reward=-1.0000 assigned=19/81 contradiction=True
Contradiction found after pos_2_2_0_1=3
Frontier expanded pos_0_1_0_2=0 from depth=6 -> reward=0.0123 assigned=8/81 contradiction=False
Frontier expanded pos_1_2_2_0=1 from depth=7 -> reward=-1.0000 assigned=17/81 contradiction=True
Contradiction found after pos_1_2_2_0=1
Frontier expanded pos_2_2_0_1=1 from depth=7 -> reward=-1.0000 assigned=12/81 contradiction=True
Contradiction found after pos_2_2_0_1=1
Frontier expanded pos_2_2_0_1=3 from depth=7 -> reward=-1.0000 assigned=19/81 contradiction=True
Contradiction found after pos_2_2_0_1=3
Frontier expanded pos_2_2_0_2=3 from depth=7 -> reward=-1.0000 assigned=12/81 contradiction=True
Contradiction found after pos_2_2_0_2=3
Frontier expanded pos_2_2_0_2=7 from depth=7 -> reward=-1.0000 assigned=19/81 contradiction=True
Contradiction found after pos_2_2_0_2=7
Frontier expanded pos_2_2_0_1=1 from depth=6 -> reward=-1.0000 assigned=11/81 contradiction=True
Contradiction found after pos_2_2_0_1=1
Frontier expanded pos_2_2_0_1=3 from depth=6 -> reward=-1.0000 assigned=18/81 contradiction=True
Contradiction found after pos_2_2_0_1=3
Frontier expanded pos_2_2_0_2=3 from depth=6 -> reward=-1.0000 assigned=11/81 contradiction=True
Contradiction found after pos_2_2_0_2=3
Frontier expanded pos_2_2_0_2=7 from depth=6 -> reward=-1.0000 assigned=18/81 contradiction=True
Contradiction found after pos_2_2_0_2=7
Frontier expanded pos_1_2_1_0=3 from depth=6 -> reward=0.0123 assigned=8/81 contradiction=False
Frontier expanded pos_0_1_0_2=3 from depth=4 -> reward=-1.0000 assigned=15/81 contradiction=True
Contradiction found after pos_0_1_0_2=3
Frontier expanded pos_2_2_0_2=7 from depth=4 -> reward=0.0864 assigned=12/81 contradiction=False
Frontier expanded pos_1_2_0_1=3 from depth=4 -> reward=0.0370 assigned=8/81 contradiction=False
Frontier expanded pos_1_2_0_1=7 from depth=4 -> reward=0.0123 assigned=6/81 contradiction=False
Frontier expanded pos_2_2_0_2=3 from depth=4 -> reward=0.0247 assigned=7/81 contradiction=False
Frontier expanded pos_0_0_0_1=4 from depth=5 -> reward=-1.0000 assigned=16/81 contradiction=True
Contradiction found after pos_0_0_0_1=4
Frontier expanded pos_0_1_0_2=3 from depth=5 -> reward=-1.0000 assigned=16/81 contradiction=True
Contradiction found after pos_0_1_0_2=3
Frontier expanded pos_1_2_0_1=7 from depth=5 -> reward=-1.0000 assigned=17/81 contradiction=True
Contradiction found after pos_1_2_0_1=7
Frontier expanded pos_1_0_2_0=7 from depth=5 -> reward=0.0741 assigned=18/81 contradiction=False
Frontier expanded pos_1_0_2_1=3 from depth=5 -> reward=0.0741 assigned=18/81 contradiction=False
Frontier expanded pos_0_0_0_1=4 from depth=6 -> reward=-1.0000 assigned=23/81 contradiction=True
Contradiction found after pos_0_0_0_1=4
Frontier expanded pos_0_0_0_1=7 from depth=6 -> reward=-1.0000 assigned=33/81 contradiction=True
Contradiction found after pos_0_0_0_1=7
Frontier expanded pos_0_1_0_2=3 from depth=6 -> reward=-1.0000 assigned=23/81 contradiction=True
Contradiction found after pos_0_1_0_2=3
Frontier expanded pos_1_1_2_2=1 from depth=6 -> reward=-1.0000 assigned=23/81 contradiction=True
Contradiction found after pos_1_1_2_2=1
Frontier expanded pos_1_1_2_2=5 from depth=6 -> reward=-1.0000 assigned=28/81 contradiction=True
Contradiction found after pos_1_1_2_2=5
Frontier expanded pos_2_0_0_2=7 from depth=5 -> reward=-1.0000 assigned=15/81 contradiction=True
Contradiction found after pos_2_0_0_2=7
Frontier expanded pos_1_2_1_0=7 from depth=5 -> reward=0.0123 assigned=9/81 contradiction=False
Frontier expanded pos_2_0_0_2=5 from depth=5 -> reward=0.0123 assigned=9/81 contradiction=False
Frontier expanded pos_2_1_0_2=2 from depth=5 -> reward=0.0123 assigned=9/81 contradiction=False
Frontier expanded pos_2_1_0_2=4 from depth=5 -> reward=0.0123 assigned=9/81 contradiction=False
Frontier expanded pos_1_2_2_0=1 from depth=6 -> reward=-1.0000 assigned=20/81 contradiction=True
Contradiction found after pos_1_2_2_0=1
Frontier expanded pos_2_0_0_2=7 from depth=6 -> reward=-1.0000 assigned=17/81 contradiction=True
Contradiction found after pos_2_0_0_2=7
Frontier expanded pos_2_0_0_2=5 from depth=6 -> reward=0.0123 assigned=10/81 contradiction=False
Frontier expanded pos_2_1_0_2=2 from depth=6 -> reward=0.0123 assigned=10/81 contradiction=False
Frontier expanded pos_2_1_0_2=4 from depth=6 -> reward=0.0123 assigned=10/81 contradiction=False
Frontier expanded pos_1_2_2_0=1 from depth=7 -> reward=-1.0000 assigned=21/81 contradiction=True
Contradiction found after pos_1_2_2_0=1
Frontier expanded pos_2_0_0_2=7 from depth=7 -> reward=-1.0000 assigned=20/81 contradiction=True
Contradiction found after pos_2_0_0_2=7
Frontier expanded pos_2_2_0_1=1 from depth=7 -> reward=-1.0000 assigned=16/81 contradiction=True
Contradiction found after pos_2_2_0_1=1
Frontier expanded pos_2_2_0_1=7 from depth=7 -> reward=-1.0000 assigned=16/81 contradiction=True
Contradiction found after pos_2_2_0_1=7
Frontier expanded pos_1_0_2_0=7 from depth=7 -> reward=0.0370 assigned=13/81 contradiction=False
Frontier expanded pos_1_1_0_2=6 from depth=8 -> reward=-1.0000 assigned=14/81 contradiction=True
Contradiction found after pos_1_1_0_2=6
Frontier expanded pos_1_1_2_2=1 from depth=8 -> reward=-1.0000 assigned=14/81 contradiction=True
Contradiction found after pos_1_1_2_2=1
Frontier expanded pos_1_1_2_2=5 from depth=8 -> reward=-1.0000 assigned=16/81 contradiction=True
Contradiction found after pos_1_1_2_2=5
Frontier expanded pos_1_2_2_0=1 from depth=8 -> reward=-1.0000 assigned=15/81 contradiction=True
Contradiction found after pos_1_2_2_0=1
Frontier expanded pos_1_2_2_0=5 from depth=8 -> reward=-1.0000 assigned=15/81 contradiction=True
Contradiction found after pos_1_2_2_0=5
Frontier expanded pos_1_2_2_0=1 from depth=7 -> reward=-1.0000 assigned=23/81 contradiction=True
Contradiction found after pos_1_2_2_0=1
Frontier expanded pos_2_0_0_0=1 from depth=7 -> reward=-1.0000 assigned=18/81 contradiction=True
Contradiction found after pos_2_0_0_0=1
Frontier expanded pos_2_0_0_0=7 from depth=7 -> reward=-1.0000 assigned=20/81 contradiction=True
Contradiction found after pos_2_0_0_0=7
Frontier expanded pos_2_0_1_1=1 from depth=7 -> reward=-1.0000 assigned=20/81 contradiction=True
Contradiction found after pos_2_0_1_1=1
Frontier expanded pos_2_0_1_1=7 from depth=7 -> reward=-1.0000 assigned=20/81 contradiction=True
Contradiction found after pos_2_0_1_1=7
Frontier expanded pos_1_2_2_0=1 from depth=7 -> reward=-1.0000 assigned=17/81 contradiction=True
Contradiction found after pos_1_2_2_0=1
Frontier expanded pos_2_0_0_2=5 from depth=7 -> reward=-1.0000 assigned=12/81 contradiction=True
Contradiction found after pos_2_0_0_2=5
Frontier expanded pos_2_0_0_2=7 from depth=7 -> reward=-1.0000 assigned=19/81 contradiction=True
Contradiction found after pos_2_0_0_2=7
Frontier expanded pos_2_2_0_1=1 from depth=7 -> reward=-1.0000 assigned=15/81 contradiction=True
Contradiction found after pos_2_2_0_1=1
Frontier expanded pos_2_2_0_1=7 from depth=7 -> reward=-1.0000 assigned=20/81 contradiction=True
Contradiction found after pos_2_2_0_1=7
Frontier expanded pos_2_0_0_0=1 from depth=6 -> reward=-1.0000 assigned=18/81 contradiction=True
Contradiction found after pos_2_0_0_0=1
Frontier expanded pos_2_0_0_0=7 from depth=6 -> reward=-1.0000 assigned=20/81 contradiction=True
Contradiction found after pos_2_0_0_0=7
Frontier expanded pos_2_0_1_1=1 from depth=6 -> reward=-1.0000 assigned=20/81 contradiction=True
Contradiction found after pos_2_0_1_1=1
Frontier expanded pos_2_0_1_1=7 from depth=6 -> reward=-1.0000 assigned=18/81 contradiction=True
Contradiction found after pos_2_0_1_1=7
Frontier expanded pos_1_2_1_0=7 from depth=6 -> reward=0.0123 assigned=10/81 contradiction=False
Frontier expanded pos_2_0_0_2=7 from depth=6 -> reward=-1.0000 assigned=18/81 contradiction=True
Contradiction found after pos_2_0_0_2=7
Frontier expanded pos_2_2_0_1=1 from depth=6 -> reward=-1.0000 assigned=15/81 contradiction=True
Contradiction found after pos_2_2_0_1=1
Frontier expanded pos_2_2_0_1=7 from depth=6 -> reward=-1.0000 assigned=15/81 contradiction=True
Contradiction found after pos_2_2_0_1=7
Frontier expanded pos_1_0_2_0=7 from depth=6 -> reward=0.0370 assigned=12/81 contradiction=False
Frontier expanded pos_1_0_2_1=3 from depth=6 -> reward=0.0370 assigned=12/81 contradiction=False
Frontier expanded pos_1_1_0_2=6 from depth=7 -> reward=-1.0000 assigned=23/81 contradiction=True
Contradiction found after pos_1_1_0_2=6
Frontier expanded pos_1_1_2_2=1 from depth=7 -> reward=-1.0000 assigned=13/81 contradiction=True
Contradiction found after pos_1_1_2_2=1
Frontier expanded pos_1_1_2_2=5 from depth=7 -> reward=-1.0000 assigned=15/81 contradiction=True
Contradiction found after pos_1_1_2_2=5
Frontier expanded pos_1_2_1_0=5 from depth=7 -> reward=-1.0000 assigned=16/81 contradiction=True
Contradiction found after pos_1_2_1_0=5
Frontier expanded pos_1_2_2_0=1 from depth=7 -> reward=-1.0000 assigned=14/81 contradiction=True
Contradiction found after pos_1_2_2_0=1
Frontier expanded pos_2_0_0_2=5 from depth=6 -> reward=-1.0000 assigned=11/81 contradiction=True
Contradiction found after pos_2_0_0_2=5
Frontier expanded pos_2_0_0_2=7 from depth=6 -> reward=-1.0000 assigned=17/81 contradiction=True
Contradiction found after pos_2_0_0_2=7
Frontier expanded pos_2_2_0_1=1 from depth=6 -> reward=-1.0000 assigned=13/81 contradiction=True
Contradiction found after pos_2_2_0_1=1
Frontier expanded pos_2_2_0_1=7 from depth=6 -> reward=-1.0000 assigned=19/81 contradiction=True
Contradiction found after pos_2_2_0_1=7
Frontier expanded pos_1_2_1_0=7 from depth=6 -> reward=0.0123 assigned=10/81 contradiction=False
Frontier expanded pos_2_0_0_2=7 from depth=5 -> reward=-1.0000 assigned=16/81 contradiction=True
Contradiction found after pos_2_0_0_2=7
Frontier expanded pos_2_2_0_1=1 from depth=5 -> reward=-1.0000 assigned=16/81 contradiction=True
Contradiction found after pos_2_2_0_1=1
Frontier expanded pos_2_2_0_1=7 from depth=5 -> reward=-1.0000 assigned=18/81 contradiction=True
Contradiction found after pos_2_2_0_1=7
Frontier expanded pos_2_1_0_2=2 from depth=5 -> reward=0.0123 assigned=8/81 contradiction=False
Frontier expanded pos_2_1_0_2=4 from depth=5 -> reward=0.0123 assigned=8/81 contradiction=False
Frontier expanded pos_0_1_0_2=3 from depth=5 -> reward=-1.0000 assigned=11/81 contradiction=True
Contradiction found after pos_0_1_0_2=3
Frontier expanded pos_2_2_0_1=1 from depth=5 -> reward=-1.0000 assigned=11/81 contradiction=True
Contradiction found after pos_2_2_0_1=1
Frontier expanded pos_2_2_0_1=3 from depth=5 -> reward=-1.0000 assigned=18/81 contradiction=True
Contradiction found after pos_2_2_0_1=3
Frontier expanded pos_1_2_1_0=3 from depth=5 -> reward=0.0123 assigned=7/81 contradiction=False
Frontier expanded pos_0_1_0_2=0 from depth=5 -> reward=0.0123 assigned=7/81 contradiction=False
Frontier expanded pos_0_1_0_2=3 from depth=6 -> reward=-1.0000 assigned=12/81 contradiction=True
Contradiction found after pos_0_1_0_2=3
Frontier expanded pos_1_2_2_0=1 from depth=6 -> reward=-1.0000 assigned=16/81 contradiction=True
Contradiction found after pos_1_2_2_0=1
Frontier expanded pos_2_2_0_1=1 from depth=6 -> reward=-1.0000 assigned=11/81 contradiction=True
Contradiction found after pos_2_2_0_1=1
Frontier expanded pos_2_2_0_1=3 from depth=6 -> reward=-1.0000 assigned=20/81 contradiction=True
Contradiction found after pos_2_2_0_1=3
Frontier expanded pos_0_1_0_2=0 from depth=6 -> reward=0.0123 assigned=8/81 contradiction=False
Frontier expanded pos_1_2_2_0=1 from depth=7 -> reward=-1.0000 assigned=17/81 contradiction=True
Contradiction found after pos_1_2_2_0=1
Frontier expanded pos_2_2_0_1=1 from depth=7 -> reward=-1.0000 assigned=14/81 contradiction=True
Contradiction found after pos_2_2_0_1=1
Frontier expanded pos_2_2_0_1=3 from depth=7 -> reward=-1.0000 assigned=20/81 contradiction=True
Contradiction found after pos_2_2_0_1=3
Frontier expanded pos_2_2_0_2=3 from depth=7 -> reward=-1.0000 assigned=16/81 contradiction=True
Contradiction found after pos_2_2_0_2=3
Frontier expanded pos_2_2_0_2=7 from depth=7 -> reward=-1.0000 assigned=20/81 contradiction=True
Contradiction found after pos_2_2_0_2=7
Frontier expanded pos_2_2_0_1=1 from depth=6 -> reward=-1.0000 assigned=11/81 contradiction=True
Contradiction found after pos_2_2_0_1=1
Frontier expanded pos_2_2_0_1=3 from depth=6 -> reward=-1.0000 assigned=18/81 contradiction=True
Contradiction found after pos_2_2_0_1=3
Frontier expanded pos_2_2_0_2=3 from depth=6 -> reward=-1.0000 assigned=11/81 contradiction=True
Contradiction found after pos_2_2_0_2=3
Frontier expanded pos_2_2_0_2=7 from depth=6 -> reward=-1.0000 assigned=18/81 contradiction=True
Contradiction found after pos_2_2_0_2=7
Frontier expanded pos_1_2_1_0=3 from depth=6 -> reward=0.0123 assigned=8/81 contradiction=False
Frontier expanded pos_0_1_0_2=3 from depth=4 -> reward=-1.0000 assigned=15/81 contradiction=True
Contradiction found after pos_0_1_0_2=3
Frontier expanded pos_1_2_0_1=3 from depth=4 -> reward=0.0370 assigned=8/81 contradiction=False
Frontier expanded pos_1_2_0_1=7 from depth=4 -> reward=0.0123 assigned=6/81 contradiction=False
Frontier expanded pos_2_2_0_2=3 from depth=4 -> reward=0.0247 assigned=7/81 contradiction=False
Frontier expanded pos_2_2_0_2=7 from depth=4 -> reward=0.0741 assigned=11/81 contradiction=False
Frontier expanded pos_0_0_0_1=4 from depth=5 -> reward=-1.0000 assigned=15/81 contradiction=True
Contradiction found after pos_0_0_0_1=4
Frontier expanded pos_0_1_0_2=3 from depth=5 -> reward=-1.0000 assigned=15/81 contradiction=True
Contradiction found after pos_0_1_0_2=3
Frontier expanded pos_1_2_0_1=7 from depth=5 -> reward=-1.0000 assigned=16/81 contradiction=True
Contradiction found after pos_1_2_0_1=7
Frontier expanded pos_0_0_0_1=7 from depth=5 -> reward=0.0370 assigned=14/81 contradiction=False
Frontier expanded pos_1_0_2_0=7 from depth=5 -> reward=0.0370 assigned=14/81 contradiction=False
Frontier expanded pos_0_0_0_1=4 from depth=6 -> reward=-1.0000 assigned=18/81 contradiction=True
Contradiction found after pos_0_0_0_1=4
Frontier expanded pos_0_0_0_1=7 from depth=6 -> reward=-1.0000 assigned=26/81 contradiction=True
Contradiction found after pos_0_0_0_1=7
Frontier expanded pos_0_1_0_2=3 from depth=6 -> reward=-1.0000 assigned=18/81 contradiction=True
Contradiction found after pos_0_1_0_2=3
Frontier expanded pos_1_1_2_2=1 from depth=6 -> reward=-1.0000 assigned=19/81 contradiction=True
Contradiction found after pos_1_1_2_2=1
Frontier expanded pos_1_1_2_2=5 from depth=6 -> reward=-1.0000 assigned=24/81 contradiction=True
Contradiction found after pos_1_1_2_2=5
Frontier expanded pos_0_1_0_2=3 from depth=6 -> reward=-1.0000 assigned=15/81 contradiction=True
Contradiction found after pos_0_1_0_2=3
Frontier expanded pos_1_0_2_0=3 from depth=6 -> reward=-1.0000 assigned=21/81 contradiction=True
Contradiction found after pos_1_0_2_0=3
Frontier expanded pos_1_0_2_0=7 from depth=6 -> reward=-1.0000 assigned=22/81 contradiction=True
Contradiction found after pos_1_0_2_0=7
Frontier expanded pos_1_0_2_1=3 from depth=6 -> reward=-1.0000 assigned=20/81 contradiction=True
Contradiction found after pos_1_0_2_1=3
Frontier expanded pos_1_0_2_1=7 from depth=6 -> reward=-1.0000 assigned=21/81 contradiction=True
Contradiction found after pos_1_0_2_1=7
Frontier expanded pos_2_0_0_2=7 from depth=5 -> reward=-1.0000 assigned=14/81 contradiction=True
Contradiction found after pos_2_0_0_2=7
Frontier expanded pos_1_2_1_0=7 from depth=5 -> reward=0.0123 assigned=9/81 contradiction=False
Frontier expanded pos_2_0_0_2=5 from depth=5 -> reward=0.0123 assigned=9/81 contradiction=False
Frontier expanded pos_2_1_0_2=2 from depth=5 -> reward=0.0123 assigned=9/81 contradiction=False
Frontier expanded pos_2_1_0_2=4 from depth=5 -> reward=0.0123 assigned=9/81 contradiction=False
Frontier expanded pos_1_2_2_0=1 from depth=6 -> reward=-1.0000 assigned=20/81 contradiction=True
Contradiction found after pos_1_2_2_0=1
Frontier expanded pos_2_0_0_2=7 from depth=6 -> reward=-1.0000 assigned=15/81 contradiction=True
Contradiction found after pos_2_0_0_2=7
Frontier expanded pos_2_0_0_2=5 from depth=6 -> reward=0.0123 assigned=10/81 contradiction=False
Frontier expanded pos_2_1_0_2=2 from depth=6 -> reward=0.0123 assigned=10/81 contradiction=False
Frontier expanded pos_2_1_0_2=4 from depth=6 -> reward=0.0123 assigned=10/81 contradiction=False
Frontier expanded pos_1_2_2_0=1 from depth=7 -> reward=-1.0000 assigned=21/81 contradiction=True
Contradiction found after pos_1_2_2_0=1
Frontier expanded pos_2_0_0_2=7 from depth=7 -> reward=-1.0000 assigned=18/81 contradiction=True
Contradiction found after pos_2_0_0_2=7
Frontier expanded pos_2_2_0_1=1 from depth=7 -> reward=-1.0000 assigned=16/81 contradiction=True
Contradiction found after pos_2_2_0_1=1
Frontier expanded pos_2_2_0_1=7 from depth=7 -> reward=-1.0000 assigned=16/81 contradiction=True
Contradiction found after pos_2_2_0_1=7
Frontier expanded pos_1_0_2_0=7 from depth=7 -> reward=0.0370 assigned=13/81 contradiction=False
Frontier expanded pos_1_1_0_2=6 from depth=8 -> reward=-1.0000 assigned=14/81 contradiction=True
Contradiction found after pos_1_1_0_2=6
Frontier expanded pos_1_1_2_2=1 from depth=8 -> reward=-1.0000 assigned=14/81 contradiction=True
Contradiction found after pos_1_1_2_2=1
Frontier expanded pos_1_1_2_2=5 from depth=8 -> reward=-1.0000 assigned=17/81 contradiction=True
Contradiction found after pos_1_1_2_2=5
Frontier expanded pos_1_2_2_0=1 from depth=8 -> reward=-1.0000 assigned=15/81 contradiction=True
Contradiction found after pos_1_2_2_0=1
Frontier expanded pos_1_2_2_0=5 from depth=8 -> reward=-1.0000 assigned=15/81 contradiction=True
Contradiction found after pos_1_2_2_0=5
Frontier expanded pos_1_2_2_0=1 from depth=7 -> reward=-1.0000 assigned=17/81 contradiction=True
Contradiction found after pos_1_2_2_0=1
Frontier expanded pos_2_0_0_2=7 from depth=7 -> reward=-1.0000 assigned=18/81 contradiction=True
Contradiction found after pos_2_0_0_2=7
Frontier expanded pos_2_2_0_1=1 from depth=7 -> reward=-1.0000 assigned=15/81 contradiction=True
Contradiction found after pos_2_2_0_1=1
Frontier expanded pos_2_2_0_1=7 from depth=7 -> reward=-1.0000 assigned=19/81 contradiction=True
Contradiction found after pos_2_2_0_1=7
Frontier expanded pos_2_0_0_2=5 from depth=7 -> reward=0.0370 assigned=13/81 contradiction=False
Frontier expanded pos_1_2_2_0=1 from depth=8 -> reward=-1.0000 assigned=20/81 contradiction=True
Contradiction found after pos_1_2_2_0=1
Frontier expanded pos_2_0_0_0=1 from depth=8 -> reward=-1.0000 assigned=20/81 contradiction=True
Contradiction found after pos_2_0_0_0=1
Frontier expanded pos_2_0_0_0=7 from depth=8 -> reward=-1.0000 assigned=19/81 contradiction=True
Contradiction found after pos_2_0_0_0=7
Frontier expanded pos_0_1_1_0=3 from depth=8 -> reward=0.0123 assigned=14/81 contradiction=False
Frontier expanded pos_0_1_1_0=2 from depth=8 -> reward=0.0247 assigned=15/81 contradiction=False
Frontier expanded pos_1_2_2_0=1 from depth=9 -> reward=-1.0000 assigned=22/81 contradiction=True
Contradiction found after pos_1_2_2_0=1
Frontier expanded pos_2_0_0_0=1 from depth=9 -> reward=-1.0000 assigned=22/81 contradiction=True
Contradiction found after pos_2_0_0_0=1
Frontier expanded pos_2_0_0_0=7 from depth=9 -> reward=-1.0000 assigned=21/81 contradiction=True
Contradiction found after pos_2_0_0_0=7
Frontier expanded pos_2_2_0_1=1 from depth=9 -> reward=-1.0000 assigned=22/81 contradiction=True
Contradiction found after pos_2_2_0_1=1
Frontier expanded pos_2_2_0_1=7 from depth=9 -> reward=-1.0000 assigned=21/81 contradiction=True
Contradiction found after pos_2_2_0_1=7
Frontier expanded pos_1_2_2_0=1 from depth=9 -> reward=-1.0000 assigned=21/81 contradiction=True
Contradiction found after pos_1_2_2_0=1
Frontier expanded pos_2_0_0_0=1 from depth=9 -> reward=-1.0000 assigned=21/81 contradiction=True
Contradiction found after pos_2_0_0_0=1
Frontier expanded pos_2_0_0_0=7 from depth=9 -> reward=-1.0000 assigned=20/81 contradiction=True
Contradiction found after pos_2_0_0_0=7
Frontier expanded pos_0_0_1_0=2 from depth=9 -> reward=0.0123 assigned=15/81 contradiction=False
Frontier expanded pos_1_0_2_0=3 from depth=9 -> reward=0.0494 assigned=18/81 contradiction=False
Frontier expanded pos_1_1_2_2=1 from depth=10 -> reward=-1.0000 assigned=19/81 contradiction=True
Contradiction found after pos_1_1_2_2=1
Frontier expanded pos_1_1_2_2=5 from depth=10 -> reward=-1.0000 assigned=21/81 contradiction=True
Contradiction found after pos_1_1_2_2=5
Frontier expanded pos_0_0_0_0=6 from depth=10 -> reward=0.0370 assigned=21/81 contradiction=False
Frontier expanded pos_0_1_0_0=5 from depth=10 -> reward=0.0370 assigned=21/81 contradiction=False
Frontier expanded pos_1_0_2_2=8 from depth=10 -> reward=0.0123 assigned=19/81 contradiction=False
Frontier expanded pos_0_1_1_1=2 from depth=11 -> reward=-1.0000 assigned=40/81 contradiction=True
Contradiction found after pos_0_1_1_1=2
Frontier expanded pos_0_2_2_0=0 from depth=11 -> reward=-1.0000 assigned=31/81 contradiction=True
Contradiction found after pos_0_2_2_0=0
Frontier expanded pos_1_0_2_2=6 from depth=11 -> reward=-1.0000 assigned=27/81 contradiction=True
Contradiction found after pos_1_0_2_2=6
Frontier expanded pos_1_1_2_2=1 from depth=11 -> reward=-1.0000 assigned=22/81 contradiction=True
Contradiction found after pos_1_1_2_2=1
Frontier expanded pos_1_1_2_2=5 from depth=11 -> reward=-1.0000 assigned=25/81 contradiction=True
Contradiction found after pos_1_1_2_2=5
Frontier expanded pos_1_0_0_2=6 from depth=11 -> reward=-1.0000 assigned=23/81 contradiction=True
Contradiction found after pos_1_0_0_2=6
Frontier expanded pos_1_1_2_2=1 from depth=11 -> reward=-1.0000 assigned=20/81 contradiction=True
Contradiction found after pos_1_1_2_2=1
Frontier expanded pos_1_1_2_2=5 from depth=11 -> reward=-1.0000 assigned=22/81 contradiction=True
Contradiction found after pos_1_1_2_2=5
Frontier expanded pos_0_0_0_0=6 from depth=11 -> reward=0.0370 assigned=22/81 contradiction=False
Frontier expanded pos_0_1_0_0=5 from depth=11 -> reward=0.0370 assigned=22/81 contradiction=False
Frontier expanded pos_0_1_1_1=2 from depth=12 -> reward=-1.0000 assigned=41/81 contradiction=True
Contradiction found after pos_0_1_1_1=2
Frontier expanded pos_0_2_2_0=0 from depth=12 -> reward=-1.0000 assigned=36/81 contradiction=True
Contradiction found after pos_0_2_2_0=0
Frontier expanded pos_1_0_0_2=6 from depth=12 -> reward=-1.0000 assigned=26/81 contradiction=True
Contradiction found after pos_1_0_0_2=6
Frontier expanded pos_1_1_2_2=1 from depth=12 -> reward=-1.0000 assigned=23/81 contradiction=True
Contradiction found after pos_1_1_2_2=1
Frontier expanded pos_1_1_2_2=5 from depth=12 -> reward=-1.0000 assigned=26/81 contradiction=True
Contradiction found after pos_1_1_2_2=5
Frontier expanded pos_1_2_2_0=1 from depth=10 -> reward=-1.0000 assigned=22/81 contradiction=True
Contradiction found after pos_1_2_2_0=1
Frontier expanded pos_2_0_0_0=1 from depth=10 -> reward=-1.0000 assigned=22/81 contradiction=True
Contradiction found after pos_2_0_0_0=1
Frontier expanded pos_2_0_0_0=7 from depth=10 -> reward=-1.0000 assigned=21/81 contradiction=True
Contradiction found after pos_2_0_0_0=7
Frontier expanded pos_2_2_0_1=1 from depth=10 -> reward=-1.0000 assigned=22/81 contradiction=True
Contradiction found after pos_2_2_0_1=1
Frontier expanded pos_2_2_0_1=7 from depth=10 -> reward=-1.0000 assigned=21/81 contradiction=True
Contradiction found after pos_2_2_0_1=7
Frontier expanded pos_1_2_2_0=1 from depth=7 -> reward=-1.0000 assigned=23/81 contradiction=True
Contradiction found after pos_1_2_2_0=1
Frontier expanded pos_2_0_0_0=1 from depth=7 -> reward=-1.0000 assigned=17/81 contradiction=True
Contradiction found after pos_2_0_0_0=1
Frontier expanded pos_2_0_0_0=7 from depth=7 -> reward=-1.0000 assigned=19/81 contradiction=True
Contradiction found after pos_2_0_0_0=7
Frontier expanded pos_2_1_0_2=4 from depth=7 -> reward=0.0370 assigned=13/81 contradiction=False
Frontier expanded pos_2_1_0_2=2 from depth=7 -> reward=0.0123 assigned=11/81 contradiction=False
Frontier expanded pos_1_2_2_0=1 from depth=8 -> reward=-1.0000 assigned=24/81 contradiction=True
Contradiction found after pos_1_2_2_0=1
Frontier expanded pos_2_0_0_0=1 from depth=8 -> reward=-1.0000 assigned=16/81 contradiction=True
Contradiction found after pos_2_0_0_0=1
Frontier expanded pos_2_0_0_0=7 from depth=8 -> reward=-1.0000 assigned=18/81 contradiction=True
Contradiction found after pos_2_0_0_0=7
Frontier expanded pos_2_2_0_1=1 from depth=8 -> reward=-1.0000 assigned=18/81 contradiction=True
Contradiction found after pos_2_2_0_1=1
Frontier expanded pos_2_2_0_1=7 from depth=8 -> reward=-1.0000 assigned=16/81 contradiction=True
Contradiction found after pos_2_2_0_1=7
Frontier expanded pos_2_0_0_2=7 from depth=6 -> reward=-1.0000 assigned=17/81 contradiction=True
Contradiction found after pos_2_0_0_2=7
Frontier expanded pos_2_2_0_1=1 from depth=6 -> reward=-1.0000 assigned=15/81 contradiction=True
Contradiction found after pos_2_2_0_1=1
Frontier expanded pos_2_2_0_1=7 from depth=6 -> reward=-1.0000 assigned=15/81 contradiction=True
Contradiction found after pos_2_2_0_1=7
Frontier expanded pos_1_0_2_0=7 from depth=6 -> reward=0.0370 assigned=12/81 contradiction=False
Frontier expanded pos_1_0_2_1=3 from depth=6 -> reward=0.0370 assigned=12/81 contradiction=False
Frontier expanded pos_1_1_0_2=6 from depth=7 -> reward=-1.0000 assigned=23/81 contradiction=True
Contradiction found after pos_1_1_0_2=6
Frontier expanded pos_1_1_2_2=1 from depth=7 -> reward=-1.0000 assigned=13/81 contradiction=True
Contradiction found after pos_1_1_2_2=1
Frontier expanded pos_1_1_2_2=5 from depth=7 -> reward=-1.0000 assigned=15/81 contradiction=True
Contradiction found after pos_1_1_2_2=5
Frontier expanded pos_1_2_1_0=5 from depth=7 -> reward=-1.0000 assigned=16/81 contradiction=True
Contradiction found after pos_1_2_1_0=5
Frontier expanded pos_1_2_2_0=1 from depth=7 -> reward=-1.0000 assigned=14/81 contradiction=True
Contradiction found after pos_1_2_2_0=1
Frontier expanded pos_2_0_0_2=7 from depth=6 -> reward=-1.0000 assigned=17/81 contradiction=True
Contradiction found after pos_2_0_0_2=7
Frontier expanded pos_2_2_0_1=1 from depth=6 -> reward=-1.0000 assigned=13/81 contradiction=True
Contradiction found after pos_2_2_0_1=1
Frontier expanded pos_2_2_0_1=7 from depth=6 -> reward=-1.0000 assigned=18/81 contradiction=True
Contradiction found after pos_2_2_0_1=7
Frontier expanded pos_2_0_0_2=5 from depth=6 -> reward=0.0370 assigned=12/81 contradiction=False
Frontier expanded pos_1_2_1_0=7 from depth=6 -> reward=0.0123 assigned=10/81 contradiction=False
Frontier expanded pos_2_0_0_0=1 from depth=7 -> reward=-1.0000 assigned=19/81 contradiction=True
Contradiction found after pos_2_0_0_0=1
Frontier expanded pos_2_0_0_0=7 from depth=7 -> reward=-1.0000 assigned=18/81 contradiction=True
Contradiction found after pos_2_0_0_0=7
Frontier expanded pos_2_2_0_1=1 from depth=7 -> reward=-1.0000 assigned=18/81 contradiction=True
Contradiction found after pos_2_2_0_1=1
Frontier expanded pos_2_2_0_1=7 from depth=7 -> reward=-1.0000 assigned=18/81 contradiction=True
Contradiction found after pos_2_2_0_1=7
Frontier expanded pos_1_2_1_0=7 from depth=7 -> reward=0.0123 assigned=13/81 contradiction=False
Frontier expanded pos_2_0_0_0=1 from depth=6 -> reward=-1.0000 assigned=17/81 contradiction=True
Contradiction found after pos_2_0_0_0=1
Frontier expanded pos_2_0_0_0=7 from depth=6 -> reward=-1.0000 assigned=19/81 contradiction=True
Contradiction found after pos_2_0_0_0=7
Frontier expanded pos_2_1_0_2=4 from depth=6 -> reward=0.0370 assigned=12/81 contradiction=False
Frontier expanded pos_1_2_1_0=7 from depth=6 -> reward=0.0123 assigned=10/81 contradiction=False
Frontier expanded pos_2_1_0_2=2 from depth=6 -> reward=0.0123 assigned=10/81 contradiction=False
Frontier expanded pos_2_0_0_0=1 from depth=7 -> reward=-1.0000 assigned=15/81 contradiction=True
Contradiction found after pos_2_0_0_0=1
Frontier expanded pos_2_0_0_0=7 from depth=7 -> reward=-1.0000 assigned=17/81 contradiction=True
Contradiction found after pos_2_0_0_0=7
Frontier expanded pos_2_2_0_1=1 from depth=7 -> reward=-1.0000 assigned=17/81 contradiction=True
Contradiction found after pos_2_2_0_1=1
Frontier expanded pos_2_2_0_1=7 from depth=7 -> reward=-1.0000 assigned=15/81 contradiction=True
Contradiction found after pos_2_2_0_1=7
Frontier expanded pos_1_0_2_0=7 from depth=7 -> reward=0.0370 assigned=13/81 contradiction=False
Frontier expanded pos_1_1_0_2=6 from depth=8 -> reward=-1.0000 assigned=24/81 contradiction=True
Contradiction found after pos_1_1_0_2=6
Frontier expanded pos_1_1_2_2=1 from depth=8 -> reward=-1.0000 assigned=14/81 contradiction=True
Contradiction found after pos_1_1_2_2=1
Frontier expanded pos_1_1_2_2=5 from depth=8 -> reward=-1.0000 assigned=16/81 contradiction=True
Contradiction found after pos_1_1_2_2=5
Frontier expanded pos_1_2_1_0=5 from depth=8 -> reward=-1.0000 assigned=17/81 contradiction=True
Contradiction found after pos_1_2_1_0=5
Frontier expanded pos_1_2_2_0=1 from depth=8 -> reward=-1.0000 assigned=15/81 contradiction=True
Contradiction found after pos_1_2_2_0=1
Frontier expanded pos_2_0_0_2=7 from depth=5 -> reward=-1.0000 assigned=15/81 contradiction=True
Contradiction found after pos_2_0_0_2=7
Frontier expanded pos_2_2_0_1=1 from depth=5 -> reward=-1.0000 assigned=16/81 contradiction=True
Contradiction found after pos_2_2_0_1=1
Frontier expanded pos_2_2_0_1=7 from depth=5 -> reward=-1.0000 assigned=16/81 contradiction=True
Contradiction found after pos_2_2_0_1=7
Frontier expanded pos_2_1_0_2=2 from depth=5 -> reward=0.0123 assigned=8/81 contradiction=False
Frontier expanded pos_2_1_0_2=4 from depth=5 -> reward=0.0123 assigned=8/81 contradiction=False
Frontier expanded pos_2_0_0_2=7 from depth=6 -> reward=-1.0000 assigned=16/81 contradiction=True
Contradiction found after pos_2_0_0_2=7
Frontier expanded pos_2_2_0_1=1 from depth=6 -> reward=-1.0000 assigned=13/81 contradiction=True
Contradiction found after pos_2_2_0_1=1
Frontier expanded pos_2_2_0_1=7 from depth=6 -> reward=-1.0000 assigned=16/81 contradiction=True
Contradiction found after pos_2_2_0_1=7
Frontier expanded pos_2_0_0_2=5 from depth=6 -> reward=0.0123 assigned=9/81 contradiction=False
Frontier expanded pos_1_1_0_2=6 from depth=6 -> reward=0.0123 assigned=9/81 contradiction=False
Frontier expanded pos_2_0_0_2=7 from depth=7 -> reward=-1.0000 assigned=17/81 contradiction=True
Contradiction found after pos_2_0_0_2=7
Frontier expanded pos_2_2_0_1=1 from depth=7 -> reward=-1.0000 assigned=14/81 contradiction=True
Contradiction found after pos_2_2_0_1=1
Frontier expanded pos_2_2_0_1=7 from depth=7 -> reward=-1.0000 assigned=18/81 contradiction=True
Contradiction found after pos_2_2_0_1=7
Frontier expanded pos_0_0_0_2=5 from depth=7 -> reward=-1.0000 assigned=17/81 contradiction=True
Contradiction found after pos_0_0_0_2=5
Frontier expanded pos_0_0_0_2=8 from depth=7 -> reward=-1.0000 assigned=18/81 contradiction=True
Contradiction found after pos_0_0_0_2=8
Frontier expanded pos_2_0_0_0=1 from depth=7 -> reward=-1.0000 assigned=16/81 contradiction=True
Contradiction found after pos_2_0_0_0=1
Frontier expanded pos_2_0_0_0=7 from depth=7 -> reward=-1.0000 assigned=15/81 contradiction=True
Contradiction found after pos_2_0_0_0=7
Frontier expanded pos_2_2_0_1=1 from depth=7 -> reward=-1.0000 assigned=16/81 contradiction=True
Contradiction found after pos_2_2_0_1=1
Frontier expanded pos_2_2_0_1=7 from depth=7 -> reward=-1.0000 assigned=16/81 contradiction=True
Contradiction found after pos_2_2_0_1=7
Frontier expanded pos_0_0_0_1=7 from depth=7 -> reward=-1.0000 assigned=16/81 contradiction=True
Contradiction found after pos_0_0_0_1=7
Frontier expanded pos_2_0_0_2=7 from depth=6 -> reward=-1.0000 assigned=18/81 contradiction=True
Contradiction found after pos_2_0_0_2=7
Frontier expanded pos_2_2_0_1=1 from depth=6 -> reward=-1.0000 assigned=15/81 contradiction=True
Contradiction found after pos_2_2_0_1=1
Frontier expanded pos_2_2_0_1=7 from depth=6 -> reward=-1.0000 assigned=13/81 contradiction=True
Contradiction found after pos_2_2_0_1=7
Frontier expanded pos_2_0_0_2=5 from depth=6 -> reward=0.0123 assigned=9/81 contradiction=False
Frontier expanded pos_1_1_0_2=6 from depth=6 -> reward=0.0123 assigned=9/81 contradiction=False
Frontier expanded pos_2_0_0_2=7 from depth=7 -> reward=-1.0000 assigned=19/81 contradiction=True
Contradiction found after pos_2_0_0_2=7
Frontier expanded pos_2_2_0_1=1 from depth=7 -> reward=-1.0000 assigned=16/81 contradiction=True
Contradiction found after pos_2_2_0_1=1
Frontier expanded pos_2_2_0_1=7 from depth=7 -> reward=-1.0000 assigned=14/81 contradiction=True
Contradiction found after pos_2_2_0_1=7
Frontier expanded pos_1_0_0_2=7 from depth=7 -> reward=-1.0000 assigned=12/81 contradiction=True
Contradiction found after pos_1_0_0_2=7
Frontier expanded pos_1_0_2_0=7 from depth=7 -> reward=0.0370 assigned=12/81 contradiction=False
Frontier expanded pos_1_0_2_2=4 from depth=8 -> reward=-1.0000 assigned=22/81 contradiction=True
Contradiction found after pos_1_0_2_2=4
Frontier expanded pos_1_1_2_2=1 from depth=8 -> reward=-1.0000 assigned=17/81 contradiction=True
Contradiction found after pos_1_1_2_2=1
Frontier expanded pos_1_1_2_2=5 from depth=8 -> reward=-1.0000 assigned=15/81 contradiction=True
Contradiction found after pos_1_1_2_2=5
Frontier expanded pos_1_2_2_0=1 from depth=8 -> reward=-1.0000 assigned=15/81 contradiction=True
Contradiction found after pos_1_2_2_0=1
Frontier expanded pos_1_2_2_0=5 from depth=8 -> reward=-1.0000 assigned=14/81 contradiction=True
Contradiction found after pos_1_2_2_0=5
Frontier expanded pos_2_0_0_0=1 from depth=7 -> reward=-1.0000 assigned=13/81 contradiction=True
Contradiction found after pos_2_0_0_0=1
Frontier expanded pos_2_0_0_0=7 from depth=7 -> reward=-1.0000 assigned=17/81 contradiction=True
Contradiction found after pos_2_0_0_0=7
Frontier expanded pos_2_2_0_1=1 from depth=7 -> reward=-1.0000 assigned=17/81 contradiction=True
Contradiction found after pos_2_2_0_1=1
Frontier expanded pos_2_2_0_1=7 from depth=7 -> reward=-1.0000 assigned=13/81 contradiction=True
Contradiction found after pos_2_2_0_1=7
Frontier expanded pos_1_0_2_0=3 from depth=7 -> reward=0.0247 assigned=11/81 contradiction=False
Frontier expanded pos_1_1_2_2=1 from depth=8 -> reward=-1.0000 assigned=16/81 contradiction=True
Contradiction found after pos_1_1_2_2=1
Frontier expanded pos_1_1_2_2=5 from depth=8 -> reward=-1.0000 assigned=13/81 contradiction=True
Contradiction found after pos_1_1_2_2=5
Frontier expanded pos_1_2_2_0=1 from depth=8 -> reward=-1.0000 assigned=14/81 contradiction=True
Contradiction found after pos_1_2_2_0=1
Frontier expanded pos_1_2_2_0=5 from depth=8 -> reward=-1.0000 assigned=14/81 contradiction=True
Contradiction found after pos_1_2_2_0=5
Frontier expanded pos_2_0_0_0=1 from depth=8 -> reward=-1.0000 assigned=15/81 contradiction=True
Contradiction found after pos_2_0_0_0=1
Frontier expanded pos_0_1_0_2=3 from depth=5 -> reward=-1.0000 assigned=11/81 contradiction=True
Contradiction found after pos_0_1_0_2=3
Frontier expanded pos_2_2_0_1=1 from depth=5 -> reward=-1.0000 assigned=11/81 contradiction=True
Contradiction found after pos_2_2_0_1=1
Frontier expanded pos_2_2_0_1=3 from depth=5 -> reward=-1.0000 assigned=17/81 contradiction=True
Contradiction found after pos_2_2_0_1=3
Frontier expanded pos_1_2_1_0=3 from depth=5 -> reward=0.0123 assigned=7/81 contradiction=False
Frontier expanded pos_0_1_0_2=0 from depth=5 -> reward=0.0123 assigned=7/81 contradiction=False
Frontier expanded pos_0_1_0_2=3 from depth=6 -> reward=-1.0000 assigned=12/81 contradiction=True
Contradiction found after pos_0_1_0_2=3
Frontier expanded pos_1_2_2_0=1 from depth=6 -> reward=-1.0000 assigned=16/81 contradiction=True
Contradiction found after pos_1_2_2_0=1
Frontier expanded pos_2_2_0_1=1 from depth=6 -> reward=-1.0000 assigned=11/81 contradiction=True
Contradiction found after pos_2_2_0_1=1
Frontier expanded pos_2_2_0_1=3 from depth=6 -> reward=-1.0000 assigned=18/81 contradiction=True
Contradiction found after pos_2_2_0_1=3
Frontier expanded pos_0_1_0_2=0 from depth=6 -> reward=0.0123 assigned=8/81 contradiction=False
Frontier expanded pos_1_2_2_0=1 from depth=7 -> reward=-1.0000 assigned=17/81 contradiction=True
Contradiction found after pos_1_2_2_0=1
Frontier expanded pos_2_2_0_1=1 from depth=7 -> reward=-1.0000 assigned=12/81 contradiction=True
Contradiction found after pos_2_2_0_1=1
Frontier expanded pos_2_2_0_1=3 from depth=7 -> reward=-1.0000 assigned=18/81 contradiction=True
Contradiction found after pos_2_2_0_1=3
Frontier expanded pos_2_2_0_2=3 from depth=7 -> reward=-1.0000 assigned=12/81 contradiction=True
Contradiction found after pos_2_2_0_2=3
Frontier expanded pos_2_2_0_2=7 from depth=7 -> reward=-1.0000 assigned=18/81 contradiction=True
Contradiction found after pos_2_2_0_2=7
Frontier expanded pos_2_2_0_1=1 from depth=6 -> reward=-1.0000 assigned=11/81 contradiction=True
Contradiction found after pos_2_2_0_1=1
Frontier expanded pos_2_2_0_1=3 from depth=6 -> reward=-1.0000 assigned=17/81 contradiction=True
Contradiction found after pos_2_2_0_1=3
Frontier expanded pos_2_2_0_2=3 from depth=6 -> reward=-1.0000 assigned=11/81 contradiction=True
Contradiction found after pos_2_2_0_2=3
Frontier expanded pos_2_2_0_2=7 from depth=6 -> reward=-1.0000 assigned=17/81 contradiction=True
Contradiction found after pos_2_2_0_2=7
Frontier expanded pos_1_2_1_0=3 from depth=6 -> reward=0.0123 assigned=8/81 contradiction=False
Frontier expanded pos_1_2_2_0=3 from depth=3 -> reward=-1.0000 assigned=7/81 contradiction=True
Contradiction found after pos_1_2_2_0=3
Frontier expanded pos_0_2_0_2=1 from depth=3 -> reward=0.0123 assigned=5/81 contradiction=False
Frontier expanded pos_0_2_0_2=7 from depth=3 -> reward=0.0247 assigned=6/81 contradiction=False
Frontier expanded pos_1_2_2_0=1 from depth=3 -> reward=0.0741 assigned=10/81 contradiction=False
Frontier expanded pos_1_2_1_0=3 from depth=3 -> reward=0.0123 assigned=5/81 contradiction=False
Frontier expanded pos_0_1_0_2=3 from depth=4 -> reward=-1.0000 assigned=11/81 contradiction=True
Contradiction found after pos_0_1_0_2=3
Frontier expanded pos_0_1_0_2=7 from depth=4 -> reward=-1.0000 assigned=12/81 contradiction=True
Contradiction found after pos_0_1_0_2=7
Frontier expanded pos_0_2_0_2=3 from depth=4 -> reward=-1.0000 assigned=12/81 contradiction=True
Contradiction found after pos_0_2_0_2=3
Frontier expanded pos_0_2_0_2=7 from depth=4 -> reward=-1.0000 assigned=12/81 contradiction=True
Contradiction found after pos_0_2_0_2=7
Frontier expanded pos_1_0_2_0=3 from depth=4 -> reward=-1.0000 assigned=17/81 contradiction=True
Contradiction found after pos_1_0_2_0=3
Frontier expanded pos_2_0_0_2=1 from depth=4 -> reward=-1.0000 assigned=7/81 contradiction=True
Contradiction found after pos_2_0_0_2=1
Frontier expanded pos_2_2_0_2=0 from depth=4 -> reward=-1.0000 assigned=9/81 contradiction=True
Contradiction found after pos_2_2_0_2=0
Frontier expanded pos_2_2_0_2=1 from depth=4 -> reward=-1.0000 assigned=13/81 contradiction=True
Contradiction found after pos_2_2_0_2=1
Frontier expanded pos_1_2_1_0=3 from depth=4 -> reward=0.0123 assigned=7/81 contradiction=False
Frontier expanded pos_1_0_2_0=3 from depth=4 -> reward=0.0247 assigned=8/81 contradiction=False
Frontier expanded pos_1_1_2_2=1 from depth=5 -> reward=-1.0000 assigned=13/81 contradiction=True
Contradiction found after pos_1_1_2_2=1
Frontier expanded pos_1_1_2_2=5 from depth=5 -> reward=-1.0000 assigned=10/81 contradiction=True
Contradiction found after pos_1_1_2_2=5
Frontier expanded pos_1_2_1_0=5 from depth=5 -> reward=-1.0000 assigned=11/81 contradiction=True
Contradiction found after pos_1_2_1_0=5
Frontier expanded pos_1_2_2_0=1 from depth=5 -> reward=-1.0000 assigned=11/81 contradiction=True
Contradiction found after pos_1_2_2_0=1
Frontier expanded pos_1_2_2_0=5 from depth=5 -> reward=-1.0000 assigned=11/81 contradiction=True
Contradiction found after pos_1_2_2_0=5
Frontier expanded pos_1_2_2_0=1 from depth=5 -> reward=-1.0000 assigned=12/81 contradiction=True
Contradiction found after pos_1_2_2_0=1
Frontier expanded pos_2_0_0_2=1 from depth=5 -> reward=-1.0000 assigned=8/81 contradiction=True
Contradiction found after pos_2_0_0_2=1
Frontier expanded pos_2_2_0_2=0 from depth=5 -> reward=-1.0000 assigned=10/81 contradiction=True
Contradiction found after pos_2_2_0_2=0
Frontier expanded pos_2_2_0_2=1 from depth=5 -> reward=-1.0000 assigned=14/81 contradiction=True
Contradiction found after pos_2_2_0_2=1
Frontier expanded pos_1_0_2_0=3 from depth=5 -> reward=0.0247 assigned=9/81 contradiction=False
Frontier expanded pos_1_1_2_2=1 from depth=6 -> reward=-1.0000 assigned=14/81 contradiction=True
Contradiction found after pos_1_1_2_2=1
Frontier expanded pos_1_1_2_2=5 from depth=6 -> reward=-1.0000 assigned=11/81 contradiction=True
Contradiction found after pos_1_1_2_2=5
Frontier expanded pos_1_2_2_0=1 from depth=6 -> reward=-1.0000 assigned=12/81 contradiction=True
Contradiction found after pos_1_2_2_0=1
Frontier expanded pos_1_2_2_0=5 from depth=6 -> reward=-1.0000 assigned=11/81 contradiction=True
Contradiction found after pos_1_2_2_0=5
Frontier expanded pos_2_0_0_2=1 from depth=6 -> reward=-1.0000 assigned=10/81 contradiction=True
Contradiction found after pos_2_0_0_2=1
Frontier expanded pos_0_1_0_2=3 from depth=4 -> reward=-1.0000 assigned=10/81 contradiction=True
Contradiction found after pos_0_1_0_2=3
Frontier expanded pos_2_2_0_1=1 from depth=4 -> reward=-1.0000 assigned=10/81 contradiction=True
Contradiction found after pos_2_2_0_1=1
Frontier expanded pos_2_2_0_1=3 from depth=4 -> reward=-1.0000 assigned=16/81 contradiction=True
Contradiction found after pos_2_2_0_1=3
Frontier expanded pos_1_2_1_0=3 from depth=4 -> reward=0.0123 assigned=6/81 contradiction=False
Frontier expanded pos_0_1_0_2=0 from depth=4 -> reward=0.0123 assigned=6/81 contradiction=False
Frontier expanded pos_0_1_0_2=3 from depth=5 -> reward=-1.0000 assigned=11/81 contradiction=True
Contradiction found after pos_0_1_0_2=3
Frontier expanded pos_1_2_2_0=1 from depth=5 -> reward=-1.0000 assigned=15/81 contradiction=True
Contradiction found after pos_1_2_2_0=1
Frontier expanded pos_2_2_0_1=1 from depth=5 -> reward=-1.0000 assigned=10/81 contradiction=True
Contradiction found after pos_2_2_0_1=1
Frontier expanded pos_2_2_0_1=3 from depth=5 -> reward=-1.0000 assigned=17/81 contradiction=True
Contradiction found after pos_2_2_0_1=3
Frontier expanded pos_0_1_0_2=0 from depth=5 -> reward=0.0123 assigned=7/81 contradiction=False
Frontier expanded pos_1_2_2_0=1 from depth=6 -> reward=-1.0000 assigned=16/81 contradiction=True
Contradiction found after pos_1_2_2_0=1
Frontier expanded pos_2_2_0_1=1 from depth=6 -> reward=-1.0000 assigned=11/81 contradiction=True
Contradiction found after pos_2_2_0_1=1
Frontier expanded pos_2_2_0_1=3 from depth=6 -> reward=-1.0000 assigned=17/81 contradiction=True
Contradiction found after pos_2_2_0_1=3
Frontier expanded pos_2_2_0_2=3 from depth=6 -> reward=-1.0000 assigned=11/81 contradiction=True
Contradiction found after pos_2_2_0_2=3
Frontier expanded pos_2_2_0_2=7 from depth=6 -> reward=-1.0000 assigned=17/81 contradiction=True
Contradiction found after pos_2_2_0_2=7
Frontier expanded pos_2_2_0_1=1 from depth=5 -> reward=-1.0000 assigned=10/81 contradiction=True
Contradiction found after pos_2_2_0_1=1
Frontier expanded pos_2_2_0_1=3 from depth=5 -> reward=-1.0000 assigned=16/81 contradiction=True
Contradiction found after pos_2_2_0_1=3
Frontier expanded pos_2_2_0_2=3 from depth=5 -> reward=-1.0000 assigned=10/81 contradiction=True
Contradiction found after pos_2_2_0_2=3
Frontier expanded pos_2_2_0_2=7 from depth=5 -> reward=-1.0000 assigned=16/81 contradiction=True
Contradiction found after pos_2_2_0_2=7
Frontier expanded pos_1_2_1_0=3 from depth=5 -> reward=0.0123 assigned=7/81 contradiction=False
Frontier expanded pos_1_2_2_0=1 from depth=4 -> reward=-1.0000 assigned=14/81 contradiction=True
Contradiction found after pos_1_2_2_0=1
Frontier expanded pos_2_2_0_1=0 from depth=4 -> reward=-1.0000 assigned=14/81 contradiction=True
Contradiction found after pos_2_2_0_1=0
Frontier expanded pos_2_2_0_1=1 from depth=4 -> reward=-1.0000 assigned=11/81 contradiction=True
Contradiction found after pos_2_2_0_1=1
Frontier expanded pos_0_2_0_2=1 from depth=4 -> reward=0.0123 assigned=6/81 contradiction=False
Frontier expanded pos_0_2_0_2=7 from depth=4 -> reward=0.0247 assigned=7/81 contradiction=False
Frontier expanded pos_1_2_2_0=1 from depth=3 -> reward=-1.0000 assigned=14/81 contradiction=True
Contradiction found after pos_1_2_2_0=1
Frontier expanded pos_1_2_2_0=7 from depth=3 -> reward=-1.0000 assigned=7/81 contradiction=True
Contradiction found after pos_1_2_2_0=7
Frontier expanded pos_0_2_0_2=1 from depth=3 -> reward=0.0370 assigned=7/81 contradiction=False
Frontier expanded pos_0_2_0_2=7 from depth=3 -> reward=0.0247 assigned=6/81 contradiction=False
Frontier expanded pos_1_2_1_0=7 from depth=3 -> reward=0.0123 assigned=5/81 contradiction=False
Frontier expanded pos_2_0_0_2=7 from depth=4 -> reward=-1.0000 assigned=13/81 contradiction=True
Contradiction found after pos_2_0_0_2=7
Frontier expanded pos_1_2_1_0=7 from depth=4 -> reward=0.0123 assigned=8/81 contradiction=False
Frontier expanded pos_2_0_0_2=5 from depth=4 -> reward=0.0123 assigned=8/81 contradiction=False
Frontier expanded pos_2_1_0_2=2 from depth=4 -> reward=0.0123 assigned=8/81 contradiction=False
Frontier expanded pos_2_1_0_2=4 from depth=4 -> reward=0.0123 assigned=8/81 contradiction=False
Frontier expanded pos_1_2_2_0=1 from depth=5 -> reward=-1.0000 assigned=19/81 contradiction=True
Contradiction found after pos_1_2_2_0=1
Frontier expanded pos_2_0_0_2=7 from depth=5 -> reward=-1.0000 assigned=14/81 contradiction=True
Contradiction found after pos_2_0_0_2=7
Frontier expanded pos_2_0_0_2=5 from depth=5 -> reward=0.0123 assigned=9/81 contradiction=False
Frontier expanded pos_2_1_0_2=2 from depth=5 -> reward=0.0123 assigned=9/81 contradiction=False
Frontier expanded pos_2_1_0_2=4 from depth=5 -> reward=0.0123 assigned=9/81 contradiction=False
Frontier expanded pos_1_2_2_0=1 from depth=6 -> reward=-1.0000 assigned=20/81 contradiction=True
Contradiction found after pos_1_2_2_0=1
Frontier expanded pos_2_0_0_2=7 from depth=6 -> reward=-1.0000 assigned=17/81 contradiction=True
Contradiction found after pos_2_0_0_2=7
Frontier expanded pos_2_2_0_1=1 from depth=6 -> reward=-1.0000 assigned=15/81 contradiction=True
Contradiction found after pos_2_2_0_1=1
Frontier expanded pos_2_2_0_1=7 from depth=6 -> reward=-1.0000 assigned=15/81 contradiction=True
Contradiction found after pos_2_2_0_1=7
Frontier expanded pos_1_0_2_0=7 from depth=6 -> reward=0.0370 assigned=12/81 contradiction=False
Frontier expanded pos_1_1_0_2=6 from depth=7 -> reward=-1.0000 assigned=13/81 contradiction=True
Contradiction found after pos_1_1_0_2=6
Frontier expanded pos_1_1_2_2=1 from depth=7 -> reward=-1.0000 assigned=13/81 contradiction=True
Contradiction found after pos_1_1_2_2=1
Frontier expanded pos_1_1_2_2=5 from depth=7 -> reward=-1.0000 assigned=15/81 contradiction=True
Contradiction found after pos_1_1_2_2=5
Frontier expanded pos_1_2_2_0=1 from depth=7 -> reward=-1.0000 assigned=14/81 contradiction=True
Contradiction found after pos_1_2_2_0=1
Frontier expanded pos_1_2_2_0=5 from depth=7 -> reward=-1.0000 assigned=14/81 contradiction=True
Contradiction found after pos_1_2_2_0=5
Frontier expanded pos_1_2_2_0=1 from depth=6 -> reward=-1.0000 assigned=22/81 contradiction=True
Contradiction found after pos_1_2_2_0=1
Frontier expanded pos_2_0_0_0=1 from depth=6 -> reward=-1.0000 assigned=16/81 contradiction=True
Contradiction found after pos_2_0_0_0=1
Frontier expanded pos_2_0_0_0=7 from depth=6 -> reward=-1.0000 assigned=18/81 contradiction=True
Contradiction found after pos_2_0_0_0=7
Frontier expanded pos_2_1_0_2=4 from depth=6 -> reward=0.0370 assigned=12/81 contradiction=False
Frontier expanded pos_2_1_0_2=2 from depth=6 -> reward=0.0123 assigned=10/81 contradiction=False
Frontier expanded pos_1_2_2_0=1 from depth=7 -> reward=-1.0000 assigned=19/81 contradiction=True
Contradiction found after pos_1_2_2_0=1
Frontier expanded pos_2_0_0_0=1 from depth=7 -> reward=-1.0000 assigned=19/81 contradiction=True
Contradiction found after pos_2_0_0_0=1
Frontier expanded pos_2_0_0_0=7 from depth=7 -> reward=-1.0000 assigned=18/81 contradiction=True
Contradiction found after pos_2_0_0_0=7
Frontier expanded pos_0_2_1_1=5 from depth=7 -> reward=0.0123 assigned=13/81 contradiction=False
Frontier expanded pos_1_0_2_0=3 from depth=7 -> reward=0.0494 assigned=16/81 contradiction=False
Frontier expanded pos_1_1_2_2=1 from depth=8 -> reward=-1.0000 assigned=17/81 contradiction=True
Contradiction found after pos_1_1_2_2=1
Frontier expanded pos_1_1_2_2=5 from depth=8 -> reward=-1.0000 assigned=18/81 contradiction=True
Contradiction found after pos_1_1_2_2=5
Frontier expanded pos_1_0_2_2=8 from depth=8 -> reward=0.0123 assigned=17/81 contradiction=False
Frontier expanded pos_0_0_0_0=6 from depth=8 -> reward=0.0247 assigned=18/81 contradiction=False
Frontier expanded pos_0_1_0_0=5 from depth=8 -> reward=0.0247 assigned=18/81 contradiction=False
Frontier expanded pos_1_0_2_2=6 from depth=9 -> reward=-1.0000 assigned=24/81 contradiction=True
Contradiction found after pos_1_0_2_2=6
Frontier expanded pos_1_1_2_2=1 from depth=9 -> reward=-1.0000 assigned=19/81 contradiction=True
Contradiction found after pos_1_1_2_2=1
Frontier expanded pos_1_1_2_2=5 from depth=9 -> reward=-1.0000 assigned=20/81 contradiction=True
Contradiction found after pos_1_1_2_2=5
Frontier expanded pos_1_2_2_0=1 from depth=9 -> reward=-1.0000 assigned=21/81 contradiction=True
Contradiction found after pos_1_2_2_0=1
Frontier expanded pos_1_2_2_0=5 from depth=9 -> reward=-1.0000 assigned=20/81 contradiction=True
Contradiction found after pos_1_2_2_0=5
Frontier expanded pos_1_0_0_2=6 from depth=9 -> reward=-1.0000 assigned=21/81 contradiction=True
Contradiction found after pos_1_0_0_2=6
Frontier expanded pos_1_1_2_2=1 from depth=9 -> reward=-1.0000 assigned=18/81 contradiction=True
Contradiction found after pos_1_1_2_2=1
Frontier expanded pos_1_1_2_2=5 from depth=9 -> reward=-1.0000 assigned=19/81 contradiction=True
Contradiction found after pos_1_1_2_2=5
Frontier expanded pos_1_0_0_2=2 from depth=9 -> reward=0.0123 assigned=18/81 contradiction=False
Frontier expanded pos_0_0_0_0=6 from depth=9 -> reward=0.0247 assigned=19/81 contradiction=False
Frontier expanded pos_1_0_0_2=6 from depth=10 -> reward=-1.0000 assigned=23/81 contradiction=True
Contradiction found after pos_1_0_0_2=6
Frontier expanded pos_1_1_2_2=1 from depth=10 -> reward=-1.0000 assigned=20/81 contradiction=True
Contradiction found after pos_1_1_2_2=1
Frontier expanded pos_1_1_2_2=5 from depth=10 -> reward=-1.0000 assigned=21/81 contradiction=True
Contradiction found after pos_1_1_2_2=5
Frontier expanded pos_1_2_2_0=1 from depth=10 -> reward=-1.0000 assigned=22/81 contradiction=True
Contradiction found after pos_1_2_2_0=1
Frontier expanded pos_1_2_2_0=5 from depth=10 -> reward=-1.0000 assigned=21/81 contradiction=True
Contradiction found after pos_1_2_2_0=5
Frontier expanded pos_1_1_0_2=6 from depth=10 -> reward=-1.0000 assigned=20/81 contradiction=True
Contradiction found after pos_1_1_0_2=6
Frontier expanded pos_1_1_0_2=8 from depth=10 -> reward=-1.0000 assigned=20/81 contradiction=True
Contradiction found after pos_1_1_0_2=8
Frontier expanded pos_1_1_2_2=1 from depth=10 -> reward=-1.0000 assigned=19/81 contradiction=True
Contradiction found after pos_1_1_2_2=1
Frontier expanded pos_1_1_2_2=5 from depth=10 -> reward=-1.0000 assigned=20/81 contradiction=True
Contradiction found after pos_1_1_2_2=5
Frontier expanded pos_0_0_0_0=6 from depth=10 -> reward=0.0247 assigned=20/81 contradiction=False
Frontier expanded pos_1_0_0_0=0 from depth=11 -> reward=-1.0000 assigned=21/81 contradiction=True
Contradiction found after pos_1_0_0_0=0
Frontier expanded pos_1_1_0_2=6 from depth=11 -> reward=-1.0000 assigned=22/81 contradiction=True
Contradiction found after pos_1_1_0_2=6
Frontier expanded pos_1_1_0_2=8 from depth=11 -> reward=-1.0000 assigned=22/81 contradiction=True
Contradiction found after pos_1_1_0_2=8
Frontier expanded pos_1_1_2_2=1 from depth=11 -> reward=-1.0000 assigned=21/81 contradiction=True
Contradiction found after pos_1_1_2_2=1
Frontier expanded pos_1_1_2_2=5 from depth=11 -> reward=-1.0000 assigned=22/81 contradiction=True
Contradiction found after pos_1_1_2_2=5
Frontier expanded pos_1_2_2_0=1 from depth=7 -> reward=-1.0000 assigned=23/81 contradiction=True
Contradiction found after pos_1_2_2_0=1
Frontier expanded pos_2_0_0_0=1 from depth=7 -> reward=-1.0000 assigned=15/81 contradiction=True
Contradiction found after pos_2_0_0_0=1
Frontier expanded pos_2_0_0_0=7 from depth=7 -> reward=-1.0000 assigned=17/81 contradiction=True
Contradiction found after pos_2_0_0_0=7
Frontier expanded pos_2_2_0_1=1 from depth=7 -> reward=-1.0000 assigned=17/81 contradiction=True
Contradiction found after pos_2_2_0_1=1
Frontier expanded pos_2_2_0_1=7 from depth=7 -> reward=-1.0000 assigned=15/81 contradiction=True
Contradiction found after pos_2_2_0_1=7
Frontier expanded pos_1_2_2_0=1 from depth=6 -> reward=-1.0000 assigned=16/81 contradiction=True
Contradiction found after pos_1_2_2_0=1
Frontier expanded pos_2_0_0_2=7 from depth=6 -> reward=-1.0000 assigned=17/81 contradiction=True
Contradiction found after pos_2_0_0_2=7
Frontier expanded pos_2_2_0_1=1 from depth=6 -> reward=-1.0000 assigned=14/81 contradiction=True
Contradiction found after pos_2_2_0_1=1
Frontier expanded pos_2_2_0_1=7 from depth=6 -> reward=-1.0000 assigned=18/81 contradiction=True
Contradiction found after pos_2_2_0_1=7
Frontier expanded pos_2_0_0_2=5 from depth=6 -> reward=0.0370 assigned=12/81 contradiction=False
Frontier expanded pos_2_0_0_2=7 from depth=5 -> reward=-1.0000 assigned=16/81 contradiction=True
Contradiction found after pos_2_0_0_2=7
Frontier expanded pos_2_2_0_1=1 from depth=5 -> reward=-1.0000 assigned=14/81 contradiction=True
Contradiction found after pos_2_2_0_1=1
Frontier expanded pos_2_2_0_1=7 from depth=5 -> reward=-1.0000 assigned=14/81 contradiction=True
Contradiction found after pos_2_2_0_1=7
Frontier expanded pos_1_0_2_0=7 from depth=5 -> reward=0.0370 assigned=11/81 contradiction=False
Frontier expanded pos_1_0_2_1=3 from depth=5 -> reward=0.0370 assigned=11/81 contradiction=False
Frontier expanded pos_1_1_0_2=6 from depth=6 -> reward=-1.0000 assigned=22/81 contradiction=True
Contradiction found after pos_1_1_0_2=6
Frontier expanded pos_1_1_2_2=1 from depth=6 -> reward=-1.0000 assigned=12/81 contradiction=True
Contradiction found after pos_1_1_2_2=1
Frontier expanded pos_1_1_2_2=5 from depth=6 -> reward=-1.0000 assigned=14/81 contradiction=True
Contradiction found after pos_1_1_2_2=5
Frontier expanded pos_1_2_1_0=5 from depth=6 -> reward=-1.0000 assigned=15/81 contradiction=True
Contradiction found after pos_1_2_1_0=5
Frontier expanded pos_1_2_2_0=1 from depth=6 -> reward=-1.0000 assigned=13/81 contradiction=True
Contradiction found after pos_1_2_2_0=1
Frontier expanded pos_2_0_0_0=1 from depth=5 -> reward=-1.0000 assigned=16/81 contradiction=True
Contradiction found after pos_2_0_0_0=1
Frontier expanded pos_2_0_0_0=7 from depth=5 -> reward=-1.0000 assigned=18/81 contradiction=True
Contradiction found after pos_2_0_0_0=7
Frontier expanded pos_2_1_0_2=4 from depth=5 -> reward=0.0370 assigned=11/81 contradiction=False
Frontier expanded pos_1_2_1_0=7 from depth=5 -> reward=0.0123 assigned=9/81 contradiction=False
Frontier expanded pos_2_1_0_2=2 from depth=5 -> reward=0.0123 assigned=9/81 contradiction=False
Frontier expanded pos_2_0_0_0=1 from depth=6 -> reward=-1.0000 assigned=18/81 contradiction=True
Contradiction found after pos_2_0_0_0=1
Frontier expanded pos_2_0_0_0=7 from depth=6 -> reward=-1.0000 assigned=17/81 contradiction=True
Contradiction found after pos_2_0_0_0=7
Frontier expanded pos_1_2_1_0=7 from depth=6 -> reward=0.0123 assigned=12/81 contradiction=False
Frontier expanded pos_0_2_1_1=5 from depth=6 -> reward=0.0123 assigned=12/81 contradiction=False
Frontier expanded pos_0_2_1_1=7 from depth=6 -> reward=0.0123 assigned=12/81 contradiction=False
Frontier expanded pos_2_0_0_0=1 from depth=6 -> reward=-1.0000 assigned=14/81 contradiction=True
Contradiction found after pos_2_0_0_0=1
Frontier expanded pos_2_0_0_0=7 from depth=6 -> reward=-1.0000 assigned=16/81 contradiction=True
Contradiction found after pos_2_0_0_0=7
Frontier expanded pos_2_2_0_1=1 from depth=6 -> reward=-1.0000 assigned=16/81 contradiction=True
Contradiction found after pos_2_2_0_1=1
Frontier expanded pos_2_2_0_1=7 from depth=6 -> reward=-1.0000 assigned=14/81 contradiction=True
Contradiction found after pos_2_2_0_1=7
Frontier expanded pos_1_0_2_0=7 from depth=6 -> reward=0.0370 assigned=12/81 contradiction=False
Frontier expanded pos_1_1_0_2=6 from depth=7 -> reward=-1.0000 assigned=23/81 contradiction=True
Contradiction found after pos_1_1_0_2=6
Frontier expanded pos_1_1_2_2=1 from depth=7 -> reward=-1.0000 assigned=13/81 contradiction=True
Contradiction found after pos_1_1_2_2=1
Frontier expanded pos_1_1_2_2=5 from depth=7 -> reward=-1.0000 assigned=15/81 contradiction=True
Contradiction found after pos_1_1_2_2=5
Frontier expanded pos_1_2_1_0=5 from depth=7 -> reward=-1.0000 assigned=16/81 contradiction=True
Contradiction found after pos_1_2_1_0=5
Frontier expanded pos_1_2_2_0=1 from depth=7 -> reward=-1.0000 assigned=14/81 contradiction=True
Contradiction found after pos_1_2_2_0=1
Frontier expanded pos_2_0_0_2=7 from depth=5 -> reward=-1.0000 assigned=16/81 contradiction=True
Contradiction found after pos_2_0_0_2=7
Frontier expanded pos_2_2_0_1=1 from depth=5 -> reward=-1.0000 assigned=12/81 contradiction=True
Contradiction found after pos_2_2_0_1=1
Frontier expanded pos_2_2_0_1=7 from depth=5 -> reward=-1.0000 assigned=17/81 contradiction=True
Contradiction found after pos_2_2_0_1=7
Frontier expanded pos_2_0_0_2=5 from depth=5 -> reward=0.0370 assigned=11/81 contradiction=False
Frontier expanded pos_1_2_1_0=7 from depth=5 -> reward=0.0123 assigned=9/81 contradiction=False
Frontier expanded pos_2_0_0_2=1 from depth=4 -> reward=-1.0000 assigned=7/81 contradiction=True
Contradiction found after pos_2_0_0_2=1
Frontier expanded pos_2_2_0_1=0 from depth=4 -> reward=-1.0000 assigned=12/81 contradiction=True
Contradiction found after pos_2_2_0_1=0
Frontier expanded pos_2_2_0_1=1 from depth=4 -> reward=-1.0000 assigned=9/81 contradiction=True
Contradiction found after pos_2_2_0_1=1
Frontier expanded pos_1_2_1_0=7 from depth=4 -> reward=0.0123 assigned=7/81 contradiction=False
Frontier expanded pos_1_0_2_0=3 from depth=4 -> reward=0.0247 assigned=8/81 contradiction=False
Frontier expanded pos_1_1_2_2=1 from depth=5 -> reward=-1.0000 assigned=13/81 contradiction=True
Contradiction found after pos_1_1_2_2=1
Frontier expanded pos_1_1_2_2=5 from depth=5 -> reward=-1.0000 assigned=10/81 contradiction=True
Contradiction found after pos_1_1_2_2=5
Frontier expanded pos_1_2_1_0=5 from depth=5 -> reward=-1.0000 assigned=11/81 contradiction=True
Contradiction found after pos_1_2_1_0=5
Frontier expanded pos_1_2_2_0=1 from depth=5 -> reward=-1.0000 assigned=11/81 contradiction=True
Contradiction found after pos_1_2_2_0=1
Frontier expanded pos_1_2_2_0=5 from depth=5 -> reward=-1.0000 assigned=11/81 contradiction=True
Contradiction found after pos_1_2_2_0=5
Frontier expanded pos_1_2_2_0=1 from depth=5 -> reward=-1.0000 assigned=13/81 contradiction=True
Contradiction found after pos_1_2_2_0=1
Frontier expanded pos_2_0_0_2=1 from depth=5 -> reward=-1.0000 assigned=8/81 contradiction=True
Contradiction found after pos_2_0_0_2=1
Frontier expanded pos_2_2_0_1=0 from depth=5 -> reward=-1.0000 assigned=13/81 contradiction=True
Contradiction found after pos_2_2_0_1=0
Frontier expanded pos_2_2_0_1=1 from depth=5 -> reward=-1.0000 assigned=10/81 contradiction=True
Contradiction found after pos_2_2_0_1=1
Frontier expanded pos_1_0_2_0=3 from depth=5 -> reward=0.0247 assigned=9/81 contradiction=False
Frontier expanded pos_1_1_2_2=1 from depth=6 -> reward=-1.0000 assigned=14/81 contradiction=True
Contradiction found after pos_1_1_2_2=1
Frontier expanded pos_1_1_2_2=5 from depth=6 -> reward=-1.0000 assigned=11/81 contradiction=True
Contradiction found after pos_1_1_2_2=5
Frontier expanded pos_1_2_2_0=1 from depth=6 -> reward=-1.0000 assigned=12/81 contradiction=True
Contradiction found after pos_1_2_2_0=1
Frontier expanded pos_1_2_2_0=5 from depth=6 -> reward=-1.0000 assigned=11/81 contradiction=True
Contradiction found after pos_1_2_2_0=5
Frontier expanded pos_2_0_0_2=1 from depth=6 -> reward=-1.0000 assigned=10/81 contradiction=True
Contradiction found after pos_2_0_0_2=1
Frontier expanded pos_1_2_2_0=1 from depth=4 -> reward=-1.0000 assigned=13/81 contradiction=True
Contradiction found after pos_1_2_2_0=1
Frontier expanded pos_2_2_0_1=0 from depth=4 -> reward=-1.0000 assigned=14/81 contradiction=True
Contradiction found after pos_2_2_0_1=0
Frontier expanded pos_2_2_0_1=1 from depth=4 -> reward=-1.0000 assigned=16/81 contradiction=True
Contradiction found after pos_2_2_0_1=1
Frontier expanded pos_2_2_0_1=7 from depth=4 -> reward=-1.0000 assigned=15/81 contradiction=True
Contradiction found after pos_2_2_0_1=7
Frontier expanded pos_0_2_0_2=1 from depth=4 -> reward=0.0370 assigned=8/81 contradiction=False
Frontier expanded pos_1_0_2_0=3 from depth=2 -> reward=0.0247 assigned=5/81 contradiction=False
Frontier expanded pos_0_1_0_2=2 from depth=2 -> reward=0.0370 assigned=6/81 contradiction=False
Frontier expanded pos_0_1_0_2=3 from depth=2 -> reward=0.0123 assigned=4/81 contradiction=False
Frontier expanded pos_0_1_0_2=1 from depth=2 -> reward=0.0247 assigned=5/81 contradiction=False
Frontier expanded pos_0_1_0_2=7 from depth=2 -> reward=0.0247 assigned=5/81 contradiction=False
Frontier expanded pos_2_2_0_1=7 from depth=3 -> reward=-1.0000 assigned=15/81 contradiction=True
Contradiction found after pos_2_2_0_1=7
Frontier expanded pos_1_2_0_1=3 from depth=3 -> reward=-1.0000 assigned=16/81 contradiction=True
Contradiction found after pos_1_2_0_1=3
Frontier expanded pos_2_2_0_1=3 from depth=3 -> reward=0.0123 assigned=7/81 contradiction=False
Frontier expanded pos_0_2_1_1=3 from depth=3 -> reward=0.0123 assigned=7/81 contradiction=False
Frontier expanded pos_0_2_1_1=7 from depth=3 -> reward=0.0123 assigned=7/81 contradiction=False
Frontier expanded pos_2_0_0_0=7 from depth=4 -> reward=-1.0000 assigned=11/81 contradiction=True
Contradiction found after pos_2_0_0_0=7
Frontier expanded pos_2_0_0_0=5 from depth=4 -> reward=0.0123 assigned=8/81 contradiction=False
Frontier expanded pos_0_2_1_1=3 from depth=4 -> reward=0.0123 assigned=8/81 contradiction=False
Frontier expanded pos_0_2_1_1=7 from depth=4 -> reward=0.0123 assigned=8/81 contradiction=False
Frontier expanded pos_1_0_2_0=7 from depth=4 -> reward=0.0370 assigned=10/81 contradiction=False
Frontier expanded pos_1_1_2_2=1 from depth=5 -> reward=-1.0000 assigned=15/81 contradiction=True
Contradiction found after pos_1_1_2_2=1
Frontier expanded pos_1_1_2_2=5 from depth=5 -> reward=-1.0000 assigned=14/81 contradiction=True
Contradiction found after pos_1_1_2_2=5
Frontier expanded pos_1_2_0_1=5 from depth=5 -> reward=-1.0000 assigned=14/81 contradiction=True
Contradiction found after pos_1_2_0_1=5
Frontier expanded pos_1_2_2_0=1 from depth=5 -> reward=-1.0000 assigned=12/81 contradiction=True
Contradiction found after pos_1_2_2_0=1
Frontier expanded pos_1_2_2_0=5 from depth=5 -> reward=-1.0000 assigned=13/81 contradiction=True
Contradiction found after pos_1_2_2_0=5
Frontier expanded pos_2_0_0_0=7 from depth=5 -> reward=-1.0000 assigned=12/81 contradiction=True
Contradiction found after pos_2_0_0_0=7
Frontier expanded pos_2_0_0_2=1 from depth=5 -> reward=0.0864 assigned=15/81 contradiction=False
Frontier expanded pos_2_0_0_0=5 from depth=5 -> reward=0.0123 assigned=9/81 contradiction=False
Frontier expanded pos_1_0_2_0=3 from depth=5 -> reward=0.0247 assigned=10/81 contradiction=False
Frontier expanded pos_1_0_2_1=7 from depth=5 -> reward=0.0247 assigned=10/81 contradiction=False
Frontier expanded pos_0_0_0_1=4 from depth=6 -> reward=-1.0000 assigned=19/81 contradiction=True
Contradiction found after pos_0_0_0_1=4
Frontier expanded pos_0_0_0_2=3 from depth=6 -> reward=-1.0000 assigned=19/81 contradiction=True
Contradiction found after pos_0_0_0_2=3
Frontier expanded pos_1_0_2_0=7 from depth=6 -> reward=-1.0000 assigned=39/81 contradiction=True
Contradiction found after pos_1_0_2_0=7
Frontier expanded pos_1_0_2_1=3 from depth=6 -> reward=-1.0000 assigned=39/81 contradiction=True
Contradiction found after pos_1_0_2_1=3
Frontier expanded pos_1_2_0_1=7 from depth=6 -> reward=-1.0000 assigned=19/81 contradiction=True
Contradiction found after pos_1_2_0_1=7
Frontier expanded pos_1_1_2_2=1 from depth=6 -> reward=-1.0000 assigned=13/81 contradiction=True
Contradiction found after pos_1_1_2_2=1
Frontier expanded pos_1_1_2_2=5 from depth=6 -> reward=-1.0000 assigned=13/81 contradiction=True
Contradiction found after pos_1_1_2_2=5
Frontier expanded pos_1_2_0_1=5 from depth=6 -> reward=-1.0000 assigned=13/81 contradiction=True
Contradiction found after pos_1_2_0_1=5
Frontier expanded pos_1_2_2_0=1 from depth=6 -> reward=-1.0000 assigned=13/81 contradiction=True
Contradiction found after pos_1_2_2_0=1
Frontier expanded pos_1_2_2_0=5 from depth=6 -> reward=-1.0000 assigned=13/81 contradiction=True
Contradiction found after pos_1_2_2_0=5
Frontier expanded pos_2_0_0_1=6 from depth=6 -> reward=-1.0000 assigned=22/81 contradiction=True
Contradiction found after pos_2_0_0_1=6
Frontier expanded pos_2_0_0_1=4 from depth=6 -> reward=0.0247 assigned=11/81 contradiction=False
Frontier expanded pos_2_0_0_2=1 from depth=6 -> reward=0.0741 assigned=15/81 contradiction=False
Frontier expanded pos_1_0_2_0=3 from depth=6 -> reward=0.0247 assigned=11/81 contradiction=False
Frontier expanded pos_1_0_2_1=7 from depth=6 -> reward=0.0247 assigned=11/81 contradiction=False
Frontier expanded pos_1_1_2_2=1 from depth=7 -> reward=-1.0000 assigned=14/81 contradiction=True
Contradiction found after pos_1_1_2_2=1
Frontier expanded pos_1_1_2_2=5 from depth=7 -> reward=-1.0000 assigned=14/81 contradiction=True
Contradiction found after pos_1_1_2_2=5
Frontier expanded pos_1_2_0_1=5 from depth=7 -> reward=-1.0000 assigned=14/81 contradiction=True
Contradiction found after pos_1_2_0_1=5
Frontier expanded pos_1_2_0_1=7 from depth=7 -> reward=-1.0000 assigned=20/81 contradiction=True
Contradiction found after pos_1_2_0_1=7
Frontier expanded pos_1_2_2_0=1 from depth=7 -> reward=-1.0000 assigned=14/81 contradiction=True
Contradiction found after pos_1_2_2_0=1
Frontier expanded pos_1_2_0_1=7 from depth=7 -> reward=-1.0000 assigned=15/81 contradiction=True
Contradiction found after pos_1_2_0_1=7
Frontier expanded pos_2_0_0_2=7 from depth=7 -> reward=-1.0000 assigned=23/81 contradiction=True
Contradiction found after pos_2_0_0_2=7
Frontier expanded pos_2_0_1_1=1 from depth=7 -> reward=-1.0000 assigned=24/81 contradiction=True
Contradiction found after pos_2_0_1_1=1
Frontier expanded pos_2_0_0_2=1 from depth=7 -> reward=0.1605 assigned=24/81 contradiction=False
Frontier expanded pos_1_0_2_0=7 from depth=7 -> reward=0.0617 assigned=16/81 contradiction=False
Frontier expanded pos_1_0_2_0=3 from depth=8 -> reward=-1.0000 assigned=31/81 contradiction=True
Contradiction found after pos_1_0_2_0=3
Frontier expanded pos_1_0_2_0=7 from depth=8 -> reward=-1.0000 assigned=30/81 contradiction=True
Contradiction found after pos_1_0_2_0=7
Frontier expanded pos_1_0_2_1=3 from depth=8 -> reward=-1.0000 assigned=30/81 contradiction=True
Contradiction found after pos_1_0_2_1=3
Frontier expanded pos_1_0_2_1=7 from depth=8 -> reward=-1.0000 assigned=31/81 contradiction=True
Contradiction found after pos_1_0_2_1=7
Frontier expanded pos_1_1_0_2=0 from depth=8 -> reward=0.0123 assigned=25/81 contradiction=False
Frontier expanded pos_1_0_0_2=3 from depth=9 -> reward=-1.0000 assigned=28/81 contradiction=True
Contradiction found after pos_1_0_0_2=3
Frontier expanded pos_1_0_0_2=4 from depth=9 -> reward=-1.0000 assigned=29/81 contradiction=True
Contradiction found after pos_1_0_0_2=4
Frontier expanded pos_1_0_2_0=3 from depth=9 -> reward=-1.0000 assigned=33/81 contradiction=True
Contradiction found after pos_1_0_2_0=3
Frontier expanded pos_1_0_2_0=7 from depth=9 -> reward=-1.0000 assigned=32/81 contradiction=True
Contradiction found after pos_1_0_2_0=7
Frontier expanded pos_1_0_2_1=3 from depth=9 -> reward=-1.0000 assigned=32/81 contradiction=True
Contradiction found after pos_1_0_2_1=3
Frontier expanded pos_1_0_2_2=4 from depth=8 -> reward=-1.0000 assigned=22/81 contradiction=True
Contradiction found after pos_1_0_2_2=4
Frontier expanded pos_1_1_0_0=4 from depth=8 -> reward=-1.0000 assigned=21/81 contradiction=True
Contradiction found after pos_1_1_0_0=4
Frontier expanded pos_1_1_0_0=7 from depth=8 -> reward=-1.0000 assigned=22/81 contradiction=True
Contradiction found after pos_1_1_0_0=7
Frontier expanded pos_1_1_0_1=5 from depth=8 -> reward=-1.0000 assigned=21/81 contradiction=True
Contradiction found after pos_1_1_0_1=5
Frontier expanded pos_1_1_0_1=6 from depth=8 -> reward=-1.0000 assigned=24/81 contradiction=True
Contradiction found after pos_1_1_0_1=6
Frontier expanded pos_2_0_0_0=7 from depth=5 -> reward=-1.0000 assigned=12/81 contradiction=True
Contradiction found after pos_2_0_0_0=7
Frontier expanded pos_2_0_0_2=1 from depth=5 -> reward=0.0864 assigned=15/81 contradiction=False
Frontier expanded pos_2_0_0_0=5 from depth=5 -> reward=0.0123 assigned=9/81 contradiction=False
Frontier expanded pos_2_0_0_2=7 from depth=5 -> reward=0.0617 assigned=13/81 contradiction=False
Frontier expanded pos_1_0_2_0=3 from depth=5 -> reward=0.0247 assigned=10/81 contradiction=False
Frontier expanded pos_0_0_0_1=4 from depth=6 -> reward=-1.0000 assigned=19/81 contradiction=True
Contradiction found after pos_0_0_0_1=4
Frontier expanded pos_0_0_0_2=3 from depth=6 -> reward=-1.0000 assigned=19/81 contradiction=True
Contradiction found after pos_0_0_0_2=3
Frontier expanded pos_1_2_0_1=7 from depth=6 -> reward=-1.0000 assigned=19/81 contradiction=True
Contradiction found after pos_1_2_0_1=7
Frontier expanded pos_0_0_0_1=7 from depth=6 -> reward=0.0988 assigned=23/81 contradiction=False
Frontier expanded pos_0_0_0_2=6 from depth=6 -> reward=0.0988 assigned=23/81 contradiction=False
Frontier expanded pos_1_0_2_0=3 from depth=7 -> reward=-1.0000 assigned=35/81 contradiction=True
Contradiction found after pos_1_0_2_0=3
Frontier expanded pos_1_0_2_0=7 from depth=7 -> reward=-1.0000 assigned=29/81 contradiction=True
Contradiction found after pos_1_0_2_0=7
Frontier expanded pos_1_0_2_1=3 from depth=7 -> reward=-1.0000 assigned=31/81 contradiction=True
Contradiction found after pos_1_0_2_1=3
Frontier expanded pos_1_0_2_1=7 from depth=7 -> reward=-1.0000 assigned=35/81 contradiction=True
Contradiction found after pos_1_0_2_1=7
Frontier expanded pos_1_1_0_2=0 from depth=7 -> reward=0.0123 assigned=24/81 contradiction=False
Frontier expanded pos_1_0_0_2=3 from depth=8 -> reward=-1.0000 assigned=27/81 contradiction=True
Contradiction found after pos_1_0_0_2=3
Frontier expanded pos_1_0_2_0=3 from depth=8 -> reward=-1.0000 assigned=37/81 contradiction=True
Contradiction found after pos_1_0_2_0=3
Frontier expanded pos_1_0_2_0=7 from depth=8 -> reward=-1.0000 assigned=31/81 contradiction=True
Contradiction found after pos_1_0_2_0=7
Frontier expanded pos_1_0_2_1=3 from depth=8 -> reward=-1.0000 assigned=33/81 contradiction=True
Contradiction found after pos_1_0_2_1=3
Frontier expanded pos_1_0_2_1=7 from depth=8 -> reward=-1.0000 assigned=37/81 contradiction=True
Contradiction found after pos_1_0_2_1=7
Frontier expanded pos_0_0_0_1=4 from depth=6 -> reward=-1.0000 assigned=21/81 contradiction=True
Contradiction found after pos_0_0_0_1=4
Frontier expanded pos_0_0_0_1=7 from depth=6 -> reward=-1.0000 assigned=21/81 contradiction=True
Contradiction found after pos_0_0_0_1=7
Frontier expanded pos_1_0_2_0=3 from depth=6 -> reward=-1.0000 assigned=26/81 contradiction=True
Contradiction found after pos_1_0_2_0=3
Frontier expanded pos_1_0_2_0=7 from depth=6 -> reward=-1.0000 assigned=33/81 contradiction=True
Contradiction found after pos_1_0_2_0=7
Frontier expanded pos_1_0_2_1=3 from depth=6 -> reward=-1.0000 assigned=30/81 contradiction=True
Contradiction found after pos_1_0_2_1=3
Frontier expanded pos_1_1_2_2=1 from depth=6 -> reward=-1.0000 assigned=13/81 contradiction=True
Contradiction found after pos_1_1_2_2=1
Frontier expanded pos_1_1_2_2=5 from depth=6 -> reward=-1.0000 assigned=13/81 contradiction=True
Contradiction found after pos_1_1_2_2=5
Frontier expanded pos_1_2_0_1=5 from depth=6 -> reward=-1.0000 assigned=13/81 contradiction=True
Contradiction found after pos_1_2_0_1=5
Frontier expanded pos_1_2_2_0=1 from depth=6 -> reward=-1.0000 assigned=13/81 contradiction=True
Contradiction found after pos_1_2_2_0=1
Frontier expanded pos_1_2_2_0=5 from depth=6 -> reward=-1.0000 assigned=13/81 contradiction=True
Contradiction found after pos_1_2_2_0=5
Frontier expanded pos_2_0_0_1=6 from depth=6 -> reward=-1.0000 assigned=22/81 contradiction=True
Contradiction found after pos_2_0_0_1=6
Frontier expanded pos_2_0_0_1=4 from depth=6 -> reward=0.0247 assigned=11/81 contradiction=False
Frontier expanded pos_2_0_0_2=1 from depth=6 -> reward=0.0741 assigned=15/81 contradiction=False
Frontier expanded pos_1_0_2_0=3 from depth=6 -> reward=0.0247 assigned=11/81 contradiction=False
Frontier expanded pos_1_0_2_1=7 from depth=6 -> reward=0.0247 assigned=11/81 contradiction=False
Frontier expanded pos_1_1_2_2=1 from depth=7 -> reward=-1.0000 assigned=14/81 contradiction=True
Contradiction found after pos_1_1_2_2=1
Frontier expanded pos_1_1_2_2=5 from depth=7 -> reward=-1.0000 assigned=14/81 contradiction=True
Contradiction found after pos_1_1_2_2=5
Frontier expanded pos_1_2_0_1=5 from depth=7 -> reward=-1.0000 assigned=14/81 contradiction=True
Contradiction found after pos_1_2_0_1=5
Frontier expanded pos_1_2_0_1=7 from depth=7 -> reward=-1.0000 assigned=20/81 contradiction=True
Contradiction found after pos_1_2_0_1=7
Frontier expanded pos_1_2_2_0=1 from depth=7 -> reward=-1.0000 assigned=14/81 contradiction=True
Contradiction found after pos_1_2_2_0=1
Frontier expanded pos_1_2_0_1=7 from depth=7 -> reward=-1.0000 assigned=15/81 contradiction=True
Contradiction found after pos_1_2_0_1=7
Frontier expanded pos_2_0_0_2=7 from depth=7 -> reward=-1.0000 assigned=24/81 contradiction=True
Contradiction found after pos_2_0_0_2=7
Frontier expanded pos_2_0_1_1=1 from depth=7 -> reward=-1.0000 assigned=24/81 contradiction=True
Contradiction found after pos_2_0_1_1=1
Frontier expanded pos_2_0_0_2=1 from depth=7 -> reward=0.1481 assigned=23/81 contradiction=False
Frontier expanded pos_2_0_1_1=7 from depth=7 -> reward=0.1481 assigned=23/81 contradiction=False
Frontier expanded pos_2_0_0_1=6 from depth=5 -> reward=-1.0000 assigned=21/81 contradiction=True
Contradiction found after pos_2_0_0_1=6
Frontier expanded pos_2_0_0_1=4 from depth=5 -> reward=0.0247 assigned=10/81 contradiction=False
Frontier expanded pos_0_2_1_1=3 from depth=5 -> reward=0.0123 assigned=9/81 contradiction=False
Frontier expanded pos_0_2_1_1=7 from depth=5 -> reward=0.0123 assigned=9/81 contradiction=False
Frontier expanded pos_1_0_2_0=7 from depth=5 -> reward=0.0370 assigned=11/81 contradiction=False
Frontier expanded pos_1_1_2_2=1 from depth=6 -> reward=-1.0000 assigned=19/81 contradiction=True
Contradiction found after pos_1_1_2_2=1
Frontier expanded pos_1_1_2_2=5 from depth=6 -> reward=-1.0000 assigned=15/81 contradiction=True
Contradiction found after pos_1_1_2_2=5
Frontier expanded pos_1_2_0_1=5 from depth=6 -> reward=-1.0000 assigned=15/81 contradiction=True
Contradiction found after pos_1_2_0_1=5
Frontier expanded pos_1_2_0_1=7 from depth=6 -> reward=-1.0000 assigned=23/81 contradiction=True
Contradiction found after pos_1_2_0_1=7
Frontier expanded pos_1_2_2_0=1 from depth=6 -> reward=-1.0000 assigned=13/81 contradiction=True
Contradiction found after pos_1_2_2_0=1
Frontier expanded pos_1_2_0_1=7 from depth=6 -> reward=-1.0000 assigned=14/81 contradiction=True
Contradiction found after pos_1_2_0_1=7
Frontier expanded pos_2_0_0_2=7 from depth=6 -> reward=-1.0000 assigned=22/81 contradiction=True
Contradiction found after pos_2_0_0_2=7
Frontier expanded pos_2_0_0_2=1 from depth=6 -> reward=0.1358 assigned=21/81 contradiction=False
Frontier expanded pos_1_0_2_0=7 from depth=6 -> reward=0.0617 assigned=15/81 contradiction=False
Frontier expanded pos_1_0_2_1=3 from depth=6 -> reward=0.0617 assigned=15/81 contradiction=False
Frontier expanded pos_1_0_2_0=3 from depth=7 -> reward=-1.0000 assigned=28/81 contradiction=True
Contradiction found after pos_1_0_2_0=3
Frontier expanded pos_1_0_2_0=7 from depth=7 -> reward=-1.0000 assigned=25/81 contradiction=True
Contradiction found after pos_1_0_2_0=7
Frontier expanded pos_1_0_2_1=3 from depth=7 -> reward=-1.0000 assigned=26/81 contradiction=True
Contradiction found after pos_1_0_2_1=3
Frontier expanded pos_1_0_2_1=7 from depth=7 -> reward=-1.0000 assigned=28/81 contradiction=True
Contradiction found after pos_1_0_2_1=7
Frontier expanded pos_0_2_1_1=7 from depth=7 -> reward=0.0370 assigned=24/81 contradiction=False
Frontier expanded pos_1_0_2_2=4 from depth=7 -> reward=-1.0000 assigned=21/81 contradiction=True
Contradiction found after pos_1_0_2_2=4
Frontier expanded pos_1_1_0_0=4 from depth=7 -> reward=-1.0000 assigned=20/81 contradiction=True
Contradiction found after pos_1_1_0_0=4
Frontier expanded pos_1_1_0_0=7 from depth=7 -> reward=-1.0000 assigned=21/81 contradiction=True
Contradiction found after pos_1_1_0_0=7
Frontier expanded pos_1_1_0_1=5 from depth=7 -> reward=-1.0000 assigned=20/81 contradiction=True
Contradiction found after pos_1_1_0_1=5
Frontier expanded pos_1_1_0_1=6 from depth=7 -> reward=-1.0000 assigned=23/81 contradiction=True
Contradiction found after pos_1_1_0_1=6
Frontier expanded pos_2_2_0_1=7 from depth=4 -> reward=-1.0000 assigned=16/81 contradiction=True
Contradiction found after pos_2_2_0_1=7
Frontier expanded pos_1_2_0_1=3 from depth=4 -> reward=-1.0000 assigned=17/81 contradiction=True
Contradiction found after pos_1_2_0_1=3
Frontier expanded pos_1_2_1_0=3 from depth=4 -> reward=0.0123 assigned=8/81 contradiction=False
Frontier expanded pos_2_2_0_1=3 from depth=4 -> reward=0.0123 assigned=8/81 contradiction=False
Frontier expanded pos_1_2_1_0=7 from depth=4 -> reward=0.0123 assigned=8/81 contradiction=False
Frontier expanded pos_2_2_0_1=7 from depth=5 -> reward=-1.0000 assigned=18/81 contradiction=True
Contradiction found after pos_2_2_0_1=7
Frontier expanded pos_0_1_1_0=0 from depth=5 -> reward=0.0247 assigned=10/81 contradiction=False
Frontier expanded pos_1_0_2_0=3 from depth=5 -> reward=0.0247 assigned=10/81 contradiction=False
Frontier expanded pos_1_0_2_0=7 from depth=5 -> reward=0.0370 assigned=11/81 contradiction=False
Frontier expanded pos_1_0_2_1=3 from depth=5 -> reward=0.0370 assigned=11/81 contradiction=False
Frontier expanded pos_1_1_2_2=1 from depth=6 -> reward=-1.0000 assigned=15/81 contradiction=True
Contradiction found after pos_1_1_2_2=1
Frontier expanded pos_1_1_2_2=5 from depth=6 -> reward=-1.0000 assigned=15/81 contradiction=True
Contradiction found after pos_1_1_2_2=5
Frontier expanded pos_1_2_0_1=5 from depth=6 -> reward=-1.0000 assigned=15/81 contradiction=True
Contradiction found after pos_1_2_0_1=5
Frontier expanded pos_1_2_0_1=7 from depth=6 -> reward=-1.0000 assigned=16/81 contradiction=True
Contradiction found after pos_1_2_0_1=7
Frontier expanded pos_1_2_2_0=1 from depth=6 -> reward=-1.0000 assigned=13/81 contradiction=True
Contradiction found after pos_1_2_2_0=1
Frontier expanded pos_1_1_2_2=1 from depth=6 -> reward=-1.0000 assigned=13/81 contradiction=True
Contradiction found after pos_1_1_2_2=1
Frontier expanded pos_1_1_2_2=5 from depth=6 -> reward=-1.0000 assigned=13/81 contradiction=True
Contradiction found after pos_1_1_2_2=5
Frontier expanded pos_1_2_0_1=5 from depth=6 -> reward=-1.0000 assigned=13/81 contradiction=True
Contradiction found after pos_1_2_0_1=5
Frontier expanded pos_1_2_0_1=7 from depth=6 -> reward=-1.0000 assigned=15/81 contradiction=True
Contradiction found after pos_1_2_0_1=7
Frontier expanded pos_1_2_2_0=1 from depth=6 -> reward=-1.0000 assigned=13/81 contradiction=True
Contradiction found after pos_1_2_2_0=1
Frontier expanded pos_2_2_0_1=7 from depth=6 -> reward=-1.0000 assigned=20/81 contradiction=True
Contradiction found after pos_2_2_0_1=7
Frontier expanded pos_1_2_2_0=7 from depth=6 -> reward=-1.0000 assigned=13/81 contradiction=True
Contradiction found after pos_1_2_2_0=7
Frontier expanded pos_1_0_2_0=3 from depth=6 -> reward=0.0247 assigned=12/81 contradiction=False
Frontier expanded pos_1_0_2_1=7 from depth=6 -> reward=0.0247 assigned=12/81 contradiction=False
Frontier expanded pos_1_0_2_0=7 from depth=6 -> reward=0.0370 assigned=13/81 contradiction=False
Frontier expanded pos_1_1_2_2=1 from depth=7 -> reward=-1.0000 assigned=17/81 contradiction=True
Contradiction found after pos_1_1_2_2=1
Frontier expanded pos_1_1_2_2=5 from depth=7 -> reward=-1.0000 assigned=17/81 contradiction=True
Contradiction found after pos_1_1_2_2=5
Frontier expanded pos_1_2_0_1=5 from depth=7 -> reward=-1.0000 assigned=17/81 contradiction=True
Contradiction found after pos_1_2_0_1=5
Frontier expanded pos_1_2_0_1=7 from depth=7 -> reward=-1.0000 assigned=18/81 contradiction=True
Contradiction found after pos_1_2_0_1=7
Frontier expanded pos_1_2_2_0=1 from depth=7 -> reward=-1.0000 assigned=15/81 contradiction=True
Contradiction found after pos_1_2_2_0=1
Frontier expanded pos_1_1_2_2=1 from depth=7 -> reward=-1.0000 assigned=15/81 contradiction=True
Contradiction found after pos_1_1_2_2=1
Frontier expanded pos_1_1_2_2=5 from depth=7 -> reward=-1.0000 assigned=15/81 contradiction=True
Contradiction found after pos_1_1_2_2=5
Frontier expanded pos_1_2_0_1=5 from depth=7 -> reward=-1.0000 assigned=15/81 contradiction=True
Contradiction found after pos_1_2_0_1=5
Frontier expanded pos_1_2_0_1=7 from depth=7 -> reward=-1.0000 assigned=17/81 contradiction=True
Contradiction found after pos_1_2_0_1=7
Frontier expanded pos_1_2_2_0=1 from depth=7 -> reward=-1.0000 assigned=15/81 contradiction=True
Contradiction found after pos_1_2_2_0=1
Frontier expanded pos_1_2_0_1=3 from depth=5 -> reward=-1.0000 assigned=19/81 contradiction=True
Contradiction found after pos_1_2_0_1=3
Frontier expanded pos_2_2_0_1=7 from depth=5 -> reward=-1.0000 assigned=18/81 contradiction=True
Contradiction found after pos_2_2_0_1=7
Frontier expanded pos_1_2_2_0=3 from depth=5 -> reward=-1.0000 assigned=11/81 contradiction=True
Contradiction found after pos_1_2_2_0=3
Frontier expanded pos_1_2_2_0=5 from depth=5 -> reward=-1.0000 assigned=20/81 contradiction=True
Contradiction found after pos_1_2_2_0=5
Frontier expanded pos_1_0_2_0=3 from depth=5 -> reward=0.0247 assigned=10/81 contradiction=False
Frontier expanded pos_1_1_2_2=1 from depth=6 -> reward=-1.0000 assigned=13/81 contradiction=True
Contradiction found after pos_1_1_2_2=1
Frontier expanded pos_1_1_2_2=5 from depth=6 -> reward=-1.0000 assigned=13/81 contradiction=True
Contradiction found after pos_1_1_2_2=5
Frontier expanded pos_1_2_0_1=3 from depth=6 -> reward=-1.0000 assigned=21/81 contradiction=True
Contradiction found after pos_1_2_0_1=3
Frontier expanded pos_1_2_0_1=5 from depth=6 -> reward=-1.0000 assigned=13/81 contradiction=True
Contradiction found after pos_1_2_0_1=5
Frontier expanded pos_1_2_2_0=1 from depth=6 -> reward=-1.0000 assigned=13/81 contradiction=True
Contradiction found after pos_1_2_2_0=1
Frontier expanded pos_2_2_0_1=7 from depth=4 -> reward=-1.0000 assigned=16/81 contradiction=True
Contradiction found after pos_2_2_0_1=7
Frontier expanded pos_1_2_0_1=3 from depth=4 -> reward=-1.0000 assigned=17/81 contradiction=True
Contradiction found after pos_1_2_0_1=3
Frontier expanded pos_1_2_1_0=7 from depth=4 -> reward=0.0123 assigned=8/81 contradiction=False
Frontier expanded pos_2_2_0_1=3 from depth=4 -> reward=0.0123 assigned=8/81 contradiction=False
Frontier expanded pos_1_2_1_0=3 from depth=4 -> reward=0.0123 assigned=8/81 contradiction=False
Frontier expanded pos_1_2_0_1=3 from depth=5 -> reward=-1.0000 assigned=18/81 contradiction=True
Contradiction found after pos_1_2_0_1=3
Frontier expanded pos_2_2_0_1=7 from depth=5 -> reward=-1.0000 assigned=17/81 contradiction=True
Contradiction found after pos_2_2_0_1=7
Frontier expanded pos_0_1_1_0=1 from depth=5 -> reward=0.0123 assigned=9/81 contradiction=False
Frontier expanded pos_0_1_1_0=0 from depth=5 -> reward=0.0247 assigned=10/81 contradiction=False
Frontier expanded pos_1_0_2_0=3 from depth=5 -> reward=0.0247 assigned=10/81 contradiction=False
Frontier expanded pos_1_1_2_2=1 from depth=6 -> reward=-1.0000 assigned=13/81 contradiction=True
Contradiction found after pos_1_1_2_2=1
Frontier expanded pos_1_1_2_2=5 from depth=6 -> reward=-1.0000 assigned=13/81 contradiction=True
Contradiction found after pos_1_1_2_2=5
Frontier expanded pos_1_2_0_1=3 from depth=6 -> reward=-1.0000 assigned=20/81 contradiction=True
Contradiction found after pos_1_2_0_1=3
Frontier expanded pos_1_2_0_1=5 from depth=6 -> reward=-1.0000 assigned=13/81 contradiction=True
Contradiction found after pos_1_2_0_1=5
Frontier expanded pos_1_2_2_0=1 from depth=6 -> reward=-1.0000 assigned=13/81 contradiction=True
Contradiction found after pos_1_2_2_0=1
Frontier expanded pos_1_2_0_1=3 from depth=6 -> reward=-1.0000 assigned=20/81 contradiction=True
Contradiction found after pos_1_2_0_1=3
Frontier expanded pos_2_2_0_1=7 from depth=6 -> reward=-1.0000 assigned=19/81 contradiction=True
Contradiction found after pos_2_2_0_1=7
Frontier expanded pos_1_2_2_0=3 from depth=6 -> reward=-1.0000 assigned=13/81 contradiction=True
Contradiction found after pos_1_2_2_0=3
Frontier expanded pos_1_2_2_0=5 from depth=6 -> reward=-1.0000 assigned=21/81 contradiction=True
Contradiction found after pos_1_2_2_0=5
Frontier expanded pos_1_0_2_0=3 from depth=6 -> reward=0.0247 assigned=12/81 contradiction=False
Frontier expanded pos_1_1_2_2=1 from depth=7 -> reward=-1.0000 assigned=15/81 contradiction=True
Contradiction found after pos_1_1_2_2=1
Frontier expanded pos_1_1_2_2=5 from depth=7 -> reward=-1.0000 assigned=15/81 contradiction=True
Contradiction found after pos_1_1_2_2=5
Frontier expanded pos_1_2_0_1=3 from depth=7 -> reward=-1.0000 assigned=22/81 contradiction=True
Contradiction found after pos_1_2_0_1=3
Frontier expanded pos_1_2_0_1=5 from depth=7 -> reward=-1.0000 assigned=15/81 contradiction=True
Contradiction found after pos_1_2_0_1=5
Frontier expanded pos_1_2_2_0=1 from depth=7 -> reward=-1.0000 assigned=15/81 contradiction=True
Contradiction found after pos_1_2_2_0=1
Frontier expanded pos_1_2_0_1=3 from depth=6 -> reward=-1.0000 assigned=19/81 contradiction=True
Contradiction found after pos_1_2_0_1=3
Frontier expanded pos_2_2_0_1=7 from depth=6 -> reward=-1.0000 assigned=18/81 contradiction=True
Contradiction found after pos_2_2_0_1=7
Frontier expanded pos_1_0_2_0=7 from depth=6 -> reward=0.0370 assigned=12/81 contradiction=False
Frontier expanded pos_1_0_2_1=3 from depth=6 -> reward=0.0370 assigned=12/81 contradiction=False
Frontier expanded pos_0_0_1_0=0 from depth=6 -> reward=0.0123 assigned=10/81 contradiction=False
Frontier expanded pos_0_1_2_0=5 from depth=7 -> reward=-1.0000 assigned=15/81 contradiction=True
Contradiction found after pos_0_1_2_0=5
Frontier expanded pos_1_1_2_2=1 from depth=7 -> reward=-1.0000 assigned=17/81 contradiction=True
Contradiction found after pos_1_1_2_2=1
Frontier expanded pos_1_1_2_2=5 from depth=7 -> reward=-1.0000 assigned=16/81 contradiction=True
Contradiction found after pos_1_1_2_2=5
Frontier expanded pos_1_2_0_1=3 from depth=7 -> reward=-1.0000 assigned=22/81 contradiction=True
Contradiction found after pos_1_2_0_1=3
Frontier expanded pos_1_2_0_1=5 from depth=7 -> reward=-1.0000 assigned=16/81 contradiction=True
Contradiction found after pos_1_2_0_1=5
Frontier expanded pos_1_2_0_1=3 from depth=7 -> reward=-1.0000 assigned=20/81 contradiction=True
Contradiction found after pos_1_2_0_1=3
Frontier expanded pos_2_2_0_1=7 from depth=7 -> reward=-1.0000 assigned=19/81 contradiction=True
Contradiction found after pos_2_2_0_1=7
Frontier expanded pos_1_2_2_0=3 from depth=7 -> reward=-1.0000 assigned=13/81 contradiction=True
Contradiction found after pos_1_2_2_0=3
Frontier expanded pos_1_2_2_0=5 from depth=7 -> reward=-1.0000 assigned=21/81 contradiction=True
Contradiction found after pos_1_2_2_0=5
Frontier expanded pos_1_0_2_0=7 from depth=7 -> reward=0.0370 assigned=13/81 contradiction=False
Frontier expanded pos_0_1_2_0=5 from depth=8 -> reward=-1.0000 assigned=16/81 contradiction=True
Contradiction found after pos_0_1_2_0=5
Frontier expanded pos_1_1_2_2=1 from depth=8 -> reward=-1.0000 assigned=18/81 contradiction=True
Contradiction found after pos_1_1_2_2=1
Frontier expanded pos_1_1_2_2=5 from depth=8 -> reward=-1.0000 assigned=17/81 contradiction=True
Contradiction found after pos_1_1_2_2=5
Frontier expanded pos_1_2_0_1=3 from depth=8 -> reward=-1.0000 assigned=23/81 contradiction=True
Contradiction found after pos_1_2_0_1=3
Frontier expanded pos_1_2_0_1=5 from depth=8 -> reward=-1.0000 assigned=17/81 contradiction=True
Contradiction found after pos_1_2_0_1=5
Frontier expanded pos_2_2_0_1=7 from depth=5 -> reward=-1.0000 assigned=20/81 contradiction=True
Contradiction found after pos_2_2_0_1=7
Frontier expanded pos_1_2_2_0=7 from depth=5 -> reward=-1.0000 assigned=11/81 contradiction=True
Contradiction found after pos_1_2_2_0=7
Frontier expanded pos_1_0_2_0=3 from depth=5 -> reward=0.0247 assigned=10/81 contradiction=False
Frontier expanded pos_1_0_2_1=7 from depth=5 -> reward=0.0247 assigned=10/81 contradiction=False
Frontier expanded pos_1_0_2_0=7 from depth=5 -> reward=0.0370 assigned=11/81 contradiction=False
Frontier expanded pos_1_1_2_2=1 from depth=6 -> reward=-1.0000 assigned=15/81 contradiction=True
Contradiction found after pos_1_1_2_2=1
Frontier expanded pos_1_1_2_2=5 from depth=6 -> reward=-1.0000 assigned=15/81 contradiction=True
Contradiction found after pos_1_1_2_2=5
Frontier expanded pos_1_2_0_1=5 from depth=6 -> reward=-1.0000 assigned=15/81 contradiction=True
Contradiction found after pos_1_2_0_1=5
Frontier expanded pos_1_2_0_1=7 from depth=6 -> reward=-1.0000 assigned=17/81 contradiction=True
Contradiction found after pos_1_2_0_1=7
Frontier expanded pos_1_2_2_0=1 from depth=6 -> reward=-1.0000 assigned=13/81 contradiction=True
Contradiction found after pos_1_2_2_0=1
Frontier expanded pos_1_1_2_2=1 from depth=6 -> reward=-1.0000 assigned=13/81 contradiction=True
Contradiction found after pos_1_1_2_2=1
Frontier expanded pos_1_1_2_2=5 from depth=6 -> reward=-1.0000 assigned=13/81 contradiction=True
Contradiction found after pos_1_1_2_2=5
Frontier expanded pos_1_2_0_1=5 from depth=6 -> reward=-1.0000 assigned=13/81 contradiction=True
Contradiction found after pos_1_2_0_1=5
Frontier expanded pos_1_2_0_1=7 from depth=6 -> reward=-1.0000 assigned=16/81 contradiction=True
Contradiction found after pos_1_2_0_1=7
Frontier expanded pos_1_2_2_0=1 from depth=6 -> reward=-1.0000 assigned=13/81 contradiction=True
Contradiction found after pos_1_2_2_0=1
Frontier expanded pos_2_0_0_2=5 from depth=3 -> reward=-1.0000 assigned=14/81 contradiction=True
Contradiction found after pos_2_0_0_2=5
Frontier expanded pos_2_0_0_2=7 from depth=3 -> reward=-1.0000 assigned=11/81 contradiction=True
Contradiction found after pos_2_0_0_2=7
Frontier expanded pos_2_2_0_1=2 from depth=3 -> reward=-1.0000 assigned=11/81 contradiction=True
Contradiction found after pos_2_2_0_1=2
Frontier expanded pos_2_2_0_1=3 from depth=3 -> reward=-1.0000 assigned=12/81 contradiction=True
Contradiction found after pos_2_2_0_1=3
Frontier expanded pos_2_2_0_2=5 from depth=3 -> reward=-1.0000 assigned=13/81 contradiction=True
Contradiction found after pos_2_2_0_2=5
Frontier expanded pos_2_0_0_2=1 from depth=3 -> reward=-1.0000 assigned=13/81 contradiction=True
Contradiction found after pos_2_0_0_2=1
Frontier expanded pos_2_0_0_2=5 from depth=3 -> reward=-1.0000 assigned=11/81 contradiction=True
Contradiction found after pos_2_0_0_2=5
Frontier expanded pos_0_2_1_1=1 from depth=3 -> reward=0.0123 assigned=6/81 contradiction=False
Frontier expanded pos_0_2_1_1=5 from depth=3 -> reward=0.0123 assigned=6/81 contradiction=False
Frontier expanded pos_0_2_1_1=7 from depth=3 -> reward=0.0123 assigned=6/81 contradiction=False
Frontier expanded pos_2_0_0_2=1 from depth=4 -> reward=-1.0000 assigned=14/81 contradiction=True
Contradiction found after pos_2_0_0_2=1
Frontier expanded pos_2_0_0_2=5 from depth=4 -> reward=-1.0000 assigned=13/81 contradiction=True
Contradiction found after pos_2_0_0_2=5
Frontier expanded pos_1_2_1_0=3 from depth=4 -> reward=0.0247 assigned=8/81 contradiction=False
Frontier expanded pos_1_2_0_1=3 from depth=4 -> reward=0.0123 assigned=7/81 contradiction=False
Frontier expanded pos_1_2_0_1=7 from depth=4 -> reward=0.0123 assigned=7/81 contradiction=False
Frontier expanded pos_2_0_0_2=1 from depth=5 -> reward=-1.0000 assigned=15/81 contradiction=True
Contradiction found after pos_2_0_0_2=1
Frontier expanded pos_2_0_0_2=5 from depth=5 -> reward=-1.0000 assigned=15/81 contradiction=True
Contradiction found after pos_2_0_0_2=5
Frontier expanded pos_1_2_0_1=7 from depth=5 -> reward=0.0123 assigned=9/81 contradiction=False
Frontier expanded pos_0_1_1_0=6 from depth=5 -> reward=0.0123 assigned=9/81 contradiction=False
Frontier expanded pos_0_1_1_0=8 from depth=5 -> reward=0.0247 assigned=10/81 contradiction=False
Frontier expanded pos_2_0_0_2=1 from depth=6 -> reward=-1.0000 assigned=17/81 contradiction=True
Contradiction found after pos_2_0_0_2=1
Frontier expanded pos_2_0_0_2=5 from depth=6 -> reward=-1.0000 assigned=19/81 contradiction=True
Contradiction found after pos_2_0_0_2=5
Frontier expanded pos_0_2_1_0=6 from depth=6 -> reward=0.0123 assigned=11/81 contradiction=False
Frontier expanded pos_1_0_2_0=7 from depth=6 -> reward=0.0494 assigned=14/81 contradiction=False
Frontier expanded pos_1_0_2_1=3 from depth=6 -> reward=0.0494 assigned=14/81 contradiction=False
Frontier expanded pos_1_1_2_2=1 from depth=7 -> reward=-1.0000 assigned=19/81 contradiction=True
Contradiction found after pos_1_1_2_2=1
Frontier expanded pos_1_1_2_2=5 from depth=7 -> reward=-1.0000 assigned=17/81 contradiction=True
Contradiction found after pos_1_1_2_2=5
Frontier expanded pos_1_2_0_1=5 from depth=7 -> reward=-1.0000 assigned=18/81 contradiction=True
Contradiction found after pos_1_2_0_1=5
Frontier expanded pos_1_2_2_0=1 from depth=7 -> reward=-1.0000 assigned=16/81 contradiction=True
Contradiction found after pos_1_2_2_0=1
Frontier expanded pos_1_2_2_0=5 from depth=7 -> reward=-1.0000 assigned=17/81 contradiction=True
Contradiction found after pos_1_2_2_0=5
Frontier expanded pos_1_0_2_0=7 from depth=7 -> reward=0.0494 assigned=15/81 contradiction=False
Frontier expanded pos_1_0_2_1=3 from depth=7 -> reward=0.0494 assigned=15/81 contradiction=False
Frontier expanded pos_2_0_0_2=1 from depth=7 -> reward=-1.0000 assigned=18/81 contradiction=True
Contradiction found after pos_2_0_0_2=1
Frontier expanded pos_2_0_0_2=5 from depth=7 -> reward=-1.0000 assigned=20/81 contradiction=True
Contradiction found after pos_2_0_0_2=5
Frontier expanded pos_0_2_1_2=4 from depth=7 -> reward=0.0123 assigned=12/81 contradiction=False
Frontier expanded pos_1_0_2_2=2 from depth=8 -> reward=0.0123 assigned=16/81 contradiction=False
Frontier expanded pos_1_2_0_1=7 from depth=8 -> reward=0.0123 assigned=16/81 contradiction=False
Frontier expanded pos_0_2_1_2=2 from depth=8 -> reward=0.0123 assigned=16/81 contradiction=False
Frontier expanded pos_1_1_2_2=1 from depth=8 -> reward=-1.0000 assigned=20/81 contradiction=True
Contradiction found after pos_1_1_2_2=1
Frontier expanded pos_1_1_2_2=5 from depth=8 -> reward=-1.0000 assigned=18/81 contradiction=True
Contradiction found after pos_1_1_2_2=5
Frontier expanded pos_1_0_2_2=2 from depth=9 -> reward=0.0123 assigned=17/81 contradiction=False
Frontier expanded pos_1_2_0_1=7 from depth=9 -> reward=0.0123 assigned=17/81 contradiction=False
Frontier expanded pos_0_2_2_0=5 from depth=9 -> reward=-1.0000 assigned=19/81 contradiction=True
Contradiction found after pos_0_2_2_0=5
Frontier expanded pos_1_1_2_2=1 from depth=9 -> reward=-1.0000 assigned=23/81 contradiction=True
Contradiction found after pos_1_1_2_2=1
Frontier expanded pos_1_1_2_2=5 from depth=9 -> reward=-1.0000 assigned=19/81 contradiction=True
Contradiction found after pos_1_1_2_2=5
Frontier expanded pos_0_2_2_0=5 from depth=10 -> reward=-1.0000 assigned=20/81 contradiction=True
Contradiction found after pos_0_2_2_0=5
Frontier expanded pos_1_1_2_2=1 from depth=10 -> reward=-1.0000 assigned=24/81 contradiction=True
Contradiction found after pos_1_1_2_2=1
Frontier expanded pos_1_1_2_2=5 from depth=10 -> reward=-1.0000 assigned=22/81 contradiction=True
Contradiction found after pos_1_1_2_2=5
Frontier expanded pos_1_2_0_1=5 from depth=10 -> reward=-1.0000 assigned=23/81 contradiction=True
Contradiction found after pos_1_2_0_1=5
Frontier expanded pos_1_2_2_0=1 from depth=10 -> reward=-1.0000 assigned=19/81 contradiction=True
Contradiction found after pos_1_2_2_0=1
Frontier expanded pos_0_2_2_0=5 from depth=10 -> reward=-1.0000 assigned=20/81 contradiction=True
Contradiction found after pos_0_2_2_0=5
Frontier expanded pos_1_1_2_2=1 from depth=10 -> reward=-1.0000 assigned=23/81 contradiction=True
Contradiction found after pos_1_1_2_2=1
Frontier expanded pos_1_1_2_2=5 from depth=10 -> reward=-1.0000 assigned=24/81 contradiction=True
Contradiction found after pos_1_1_2_2=5
Frontier expanded pos_1_2_2_0=1 from depth=10 -> reward=-1.0000 assigned=19/81 contradiction=True
Contradiction found after pos_1_2_2_0=1
Frontier expanded pos_1_2_2_0=5 from depth=10 -> reward=-1.0000 assigned=21/81 contradiction=True
Contradiction found after pos_1_2_2_0=5
Frontier expanded pos_1_2_0_1=7 from depth=9 -> reward=0.0123 assigned=17/81 contradiction=False
Frontier expanded pos_0_2_1_2=2 from depth=9 -> reward=0.0123 assigned=17/81 contradiction=False
Frontier expanded pos_1_1_2_2=1 from depth=9 -> reward=-1.0000 assigned=21/81 contradiction=True
Contradiction found after pos_1_1_2_2=1
Frontier expanded pos_1_1_2_2=5 from depth=9 -> reward=-1.0000 assigned=21/81 contradiction=True
Contradiction found after pos_1_1_2_2=5
Frontier expanded pos_1_2_0_1=5 from depth=9 -> reward=-1.0000 assigned=22/81 contradiction=True
Contradiction found after pos_1_2_0_1=5
Frontier expanded pos_1_1_2_2=1 from depth=10 -> reward=-1.0000 assigned=21/81 contradiction=True
Contradiction found after pos_1_1_2_2=1
Frontier expanded pos_1_1_2_2=5 from depth=10 -> reward=-1.0000 assigned=24/81 contradiction=True
Contradiction found after pos_1_1_2_2=5
Frontier expanded pos_1_2_2_0=1 from depth=10 -> reward=-1.0000 assigned=19/81 contradiction=True
Contradiction found after pos_1_2_2_0=1
Frontier expanded pos_1_2_2_0=5 from depth=10 -> reward=-1.0000 assigned=22/81 contradiction=True
Contradiction found after pos_1_2_2_0=5
Frontier expanded pos_2_0_0_2=1 from depth=10 -> reward=-1.0000 assigned=22/81 contradiction=True
Contradiction found after pos_2_0_0_2=1
Frontier expanded pos_1_0_2_2=2 from depth=9 -> reward=0.0123 assigned=17/81 contradiction=False
Frontier expanded pos_0_2_1_2=2 from depth=9 -> reward=0.0123 assigned=17/81 contradiction=False
Frontier expanded pos_1_1_2_2=1 from depth=9 -> reward=-1.0000 assigned=20/81 contradiction=True
Contradiction found after pos_1_1_2_2=1
Frontier expanded pos_1_1_2_2=5 from depth=9 -> reward=-1.0000 assigned=23/81 contradiction=True
Contradiction found after pos_1_1_2_2=5
Frontier expanded pos_1_2_2_0=1 from depth=9 -> reward=-1.0000 assigned=18/81 contradiction=True
Contradiction found after pos_1_2_2_0=1
Frontier expanded pos_1_0_2_0=3 from depth=8 -> reward=0.0247 assigned=14/81 contradiction=False
Frontier expanded pos_1_0_2_1=7 from depth=8 -> reward=0.0247 assigned=14/81 contradiction=False
Frontier expanded pos_0_0_1_1=3 from depth=8 -> reward=0.0247 assigned=14/81 contradiction=False
Frontier expanded pos_0_1_1_1=2 from depth=8 -> reward=0.0247 assigned=14/81 contradiction=False
Frontier expanded pos_1_0_2_0=7 from depth=8 -> reward=0.0494 assigned=16/81 contradiction=False
Frontier expanded pos_0_2_2_0=5 from depth=9 -> reward=-1.0000 assigned=19/81 contradiction=True
Contradiction found after pos_0_2_2_0=5
Frontier expanded pos_1_1_2_2=1 from depth=9 -> reward=-1.0000 assigned=22/81 contradiction=True
Contradiction found after pos_1_1_2_2=1
Frontier expanded pos_1_1_2_2=5 from depth=9 -> reward=-1.0000 assigned=19/81 contradiction=True
Contradiction found after pos_1_1_2_2=5
Frontier expanded pos_1_0_2_2=2 from depth=9 -> reward=0.0123 assigned=17/81 contradiction=False
Frontier expanded pos_1_0_2_2=4 from depth=9 -> reward=0.0123 assigned=17/81 contradiction=False
Frontier expanded pos_0_2_2_0=5 from depth=10 -> reward=-1.0000 assigned=24/81 contradiction=True
Contradiction found after pos_0_2_2_0=5
Frontier expanded pos_0_2_2_2=5 from depth=10 -> reward=-1.0000 assigned=25/81 contradiction=True
Contradiction found after pos_0_2_2_2=5
Frontier expanded pos_0_2_2_2=7 from depth=10 -> reward=-1.0000 assigned=26/81 contradiction=True
Contradiction found after pos_0_2_2_2=7
Frontier expanded pos_1_1_2_2=1 from depth=10 -> reward=-1.0000 assigned=23/81 contradiction=True
Contradiction found after pos_1_1_2_2=1
Frontier expanded pos_1_1_2_2=5 from depth=10 -> reward=-1.0000 assigned=23/81 contradiction=True
Contradiction found after pos_1_1_2_2=5
Frontier expanded pos_0_2_2_0=5 from depth=10 -> reward=-1.0000 assigned=21/81 contradiction=True
Contradiction found after pos_0_2_2_0=5
Frontier expanded pos_1_1_2_2=1 from depth=10 -> reward=-1.0000 assigned=25/81 contradiction=True
Contradiction found after pos_1_1_2_2=1
Frontier expanded pos_1_1_2_2=5 from depth=10 -> reward=-1.0000 assigned=20/81 contradiction=True
Contradiction found after pos_1_1_2_2=5
Frontier expanded pos_1_2_0_1=5 from depth=10 -> reward=-1.0000 assigned=21/81 contradiction=True
Contradiction found after pos_1_2_0_1=5
Frontier expanded pos_0_0_1_1=2 from depth=10 -> reward=0.0494 assigned=21/81 contradiction=False
Frontier expanded pos_0_0_1_2=5 from depth=11 -> reward=-1.0000 assigned=25/81 contradiction=True
Contradiction found after pos_0_0_1_2=5
Frontier expanded pos_0_1_1_2=0 from depth=11 -> reward=-1.0000 assigned=23/81 contradiction=True
Contradiction found after pos_0_1_1_2=0
Frontier expanded pos_0_2_2_0=2 from depth=11 -> reward=-1.0000 assigned=26/81 contradiction=True
Contradiction found after pos_0_2_2_0=2
Frontier expanded pos_0_2_2_0=5 from depth=11 -> reward=-1.0000 assigned=25/81 contradiction=True
Contradiction found after pos_0_2_2_0=5
Frontier expanded pos_1_0_0_0=0 from depth=11 -> reward=-1.0000 assigned=37/81 contradiction=True
Contradiction found after pos_1_0_0_0=0
Frontier expanded pos_1_1_2_2=1 from depth=9 -> reward=-1.0000 assigned=18/81 contradiction=True
Contradiction found after pos_1_1_2_2=1
Frontier expanded pos_1_1_2_2=5 from depth=9 -> reward=-1.0000 assigned=16/81 contradiction=True
Contradiction found after pos_1_1_2_2=5
Frontier expanded pos_0_0_1_1=3 from depth=9 -> reward=0.0247 assigned=16/81 contradiction=False
Frontier expanded pos_0_1_1_1=2 from depth=9 -> reward=0.0247 assigned=16/81 contradiction=False
Frontier expanded pos_0_2_2_1=5 from depth=9 -> reward=0.0123 assigned=15/81 contradiction=False
Frontier expanded pos_0_0_1_2=5 from depth=10 -> reward=-1.0000 assigned=23/81 contradiction=True
Contradiction found after pos_0_0_1_2=5
Frontier expanded pos_0_1_1_2=0 from depth=10 -> reward=-1.0000 assigned=23/81 contradiction=True
Contradiction found after pos_0_1_1_2=0
Frontier expanded pos_1_1_2_2=1 from depth=10 -> reward=-1.0000 assigned=20/81 contradiction=True
Contradiction found after pos_1_1_2_2=1
Frontier expanded pos_1_1_2_2=5 from depth=10 -> reward=-1.0000 assigned=18/81 contradiction=True
Contradiction found after pos_1_1_2_2=5
Frontier expanded pos_0_2_2_1=5 from depth=10 -> reward=0.0123 assigned=17/81 contradiction=False
Frontier expanded pos_0_0_1_2=5 from depth=11 -> reward=-1.0000 assigned=24/81 contradiction=True
Contradiction found after pos_0_0_1_2=5
Frontier expanded pos_0_1_1_2=0 from depth=11 -> reward=-1.0000 assigned=24/81 contradiction=True
Contradiction found after pos_0_1_1_2=0
Frontier expanded pos_0_1_2_0=1 from depth=11 -> reward=-1.0000 assigned=28/81 contradiction=True
Contradiction found after pos_0_1_2_0=1
Frontier expanded pos_0_2_2_0=2 from depth=11 -> reward=-1.0000 assigned=28/81 contradiction=True
Contradiction found after pos_0_2_2_0=2
Frontier expanded pos_0_2_2_2=7 from depth=11 -> reward=-1.0000 assigned=28/81 contradiction=True
Contradiction found after pos_0_2_2_2=7
Frontier expanded pos_0_1_2_0=1 from depth=10 -> reward=-1.0000 assigned=22/81 contradiction=True
Contradiction found after pos_0_1_2_0=1
Frontier expanded pos_0_2_2_0=2 from depth=10 -> reward=-1.0000 assigned=22/81 contradiction=True
Contradiction found after pos_0_2_2_0=2
Frontier expanded pos_0_2_2_2=7 from depth=10 -> reward=-1.0000 assigned=22/81 contradiction=True
Contradiction found after pos_0_2_2_2=7
Frontier expanded pos_0_1_2_0=6 from depth=10 -> reward=0.0494 assigned=19/81 contradiction=False
Frontier expanded pos_0_2_2_0=7 from depth=10 -> reward=0.0494 assigned=19/81 contradiction=False
Frontier expanded pos_1_0_2_2=6 from depth=11 -> reward=-1.0000 assigned=29/81 contradiction=True
Contradiction found after pos_1_0_2_2=6
Frontier expanded pos_1_1_2_2=1 from depth=11 -> reward=-1.0000 assigned=23/81 contradiction=True
Contradiction found after pos_1_1_2_2=1
Frontier expanded pos_1_1_2_2=5 from depth=11 -> reward=-1.0000 assigned=22/81 contradiction=True
Contradiction found after pos_1_1_2_2=5
Frontier expanded pos_1_2_0_1=5 from depth=11 -> reward=-1.0000 assigned=23/81 contradiction=True
Contradiction found after pos_1_2_0_1=5
Frontier expanded pos_1_0_2_2=8 from depth=11 -> reward=0.0123 assigned=20/81 contradiction=False
Frontier expanded pos_1_1_2_2=1 from depth=12 -> reward=-1.0000 assigned=24/81 contradiction=True
Contradiction found after pos_1_1_2_2=1
Frontier expanded pos_1_1_2_2=5 from depth=12 -> reward=-1.0000 assigned=24/81 contradiction=True
Contradiction found after pos_1_1_2_2=5
Frontier expanded pos_1_2_0_1=5 from depth=12 -> reward=-1.0000 assigned=25/81 contradiction=True
Contradiction found after pos_1_2_0_1=5
Frontier expanded pos_1_2_2_0=1 from depth=12 -> reward=-1.0000 assigned=23/81 contradiction=True
Contradiction found after pos_1_2_2_0=1
Frontier expanded pos_1_2_2_0=5 from depth=12 -> reward=-1.0000 assigned=23/81 contradiction=True
Contradiction found after pos_1_2_2_0=5
Frontier expanded pos_0_0_1_2=5 from depth=9 -> reward=-1.0000 assigned=21/81 contradiction=True
Contradiction found after pos_0_0_1_2=5
Frontier expanded pos_0_1_1_2=0 from depth=9 -> reward=-1.0000 assigned=21/81 contradiction=True
Contradiction found after pos_0_1_1_2=0
Frontier expanded pos_1_2_0_1=7 from depth=9 -> reward=0.0123 assigned=15/81 contradiction=False
Frontier expanded pos_1_0_2_0=3 from depth=9 -> reward=0.0247 assigned=16/81 contradiction=False
Frontier expanded pos_1_0_2_1=7 from depth=9 -> reward=0.0247 assigned=16/81 contradiction=False
Frontier expanded pos_0_0_1_2=5 from depth=10 -> reward=-1.0000 assigned=22/81 contradiction=True
Contradiction found after pos_0_0_1_2=5
Frontier expanded pos_0_1_1_2=0 from depth=10 -> reward=-1.0000 assigned=22/81 contradiction=True
Contradiction found after pos_0_1_1_2=0
Frontier expanded pos_1_2_2_0=1 from depth=10 -> reward=0.0247 assigned=17/81 contradiction=False
Frontier expanded pos_1_0_2_0=3 from depth=10 -> reward=0.0247 assigned=17/81 contradiction=False
Frontier expanded pos_1_0_2_1=7 from depth=10 -> reward=0.0247 assigned=17/81 contradiction=False
Frontier expanded pos_0_0_1_2=5 from depth=11 -> reward=-1.0000 assigned=24/81 contradiction=True
Contradiction found after pos_0_0_1_2=5
Frontier expanded pos_0_1_1_2=0 from depth=11 -> reward=-1.0000 assigned=24/81 contradiction=True
Contradiction found after pos_0_1_1_2=0
Frontier expanded pos_1_0_2_0=3 from depth=11 -> reward=-1.0000 assigned=20/81 contradiction=True
Contradiction found after pos_1_0_2_0=3
Frontier expanded pos_1_0_2_0=7 from depth=11 -> reward=-1.0000 assigned=20/81 contradiction=True
Contradiction found after pos_1_0_2_0=7
Frontier expanded pos_1_0_2_1=3 from depth=11 -> reward=-1.0000 assigned=22/81 contradiction=True
Contradiction found after pos_1_0_2_1=3
Frontier expanded pos_0_0_1_2=5 from depth=11 -> reward=-1.0000 assigned=24/81 contradiction=True
Contradiction found after pos_0_0_1_2=5
Frontier expanded pos_0_1_1_2=0 from depth=11 -> reward=-1.0000 assigned=24/81 contradiction=True
Contradiction found after pos_0_1_1_2=0
Frontier expanded pos_1_1_2_2=1 from depth=11 -> reward=-1.0000 assigned=20/81 contradiction=True
Contradiction found after pos_1_1_2_2=1
Frontier expanded pos_1_1_2_2=5 from depth=11 -> reward=-1.0000 assigned=24/81 contradiction=True
Contradiction found after pos_1_1_2_2=5
Frontier expanded pos_1_0_2_2=6 from depth=11 -> reward=0.0247 assigned=19/81 contradiction=False
Frontier expanded pos_0_0_1_2=5 from depth=12 -> reward=-1.0000 assigned=26/81 contradiction=True
Contradiction found after pos_0_0_1_2=5
Frontier expanded pos_0_1_1_2=0 from depth=12 -> reward=-1.0000 assigned=26/81 contradiction=True
Contradiction found after pos_0_1_1_2=0
Frontier expanded pos_0_2_2_1=2 from depth=12 -> reward=-1.0000 assigned=25/81 contradiction=True
Contradiction found after pos_0_2_2_1=2
Frontier expanded pos_1_1_2_2=1 from depth=12 -> reward=-1.0000 assigned=25/81 contradiction=True
Contradiction found after pos_1_1_2_2=1
Frontier expanded pos_1_1_2_2=5 from depth=12 -> reward=-1.0000 assigned=27/81 contradiction=True
Contradiction found after pos_1_1_2_2=5
Frontier expanded pos_2_0_0_2=1 from depth=6 -> reward=-1.0000 assigned=16/81 contradiction=True
Contradiction found after pos_2_0_0_2=1
Frontier expanded pos_2_0_0_2=5 from depth=6 -> reward=-1.0000 assigned=16/81 contradiction=True
Contradiction found after pos_2_0_0_2=5
Frontier expanded pos_0_2_1_0=4 from depth=6 -> reward=0.0123 assigned=10/81 contradiction=False
Frontier expanded pos_1_2_0_1=7 from depth=6 -> reward=0.0123 assigned=10/81 contradiction=False
Frontier expanded pos_0_2_1_0=8 from depth=6 -> reward=0.0247 assigned=11/81 contradiction=False
Frontier expanded pos_2_0_0_2=1 from depth=7 -> reward=-1.0000 assigned=21/81 contradiction=True
Contradiction found after pos_2_0_0_2=1
Frontier expanded pos_2_0_0_2=5 from depth=7 -> reward=-1.0000 assigned=20/81 contradiction=True
Contradiction found after pos_2_0_0_2=5
Frontier expanded pos_0_2_1_2=4 from depth=7 -> reward=0.0123 assigned=12/81 contradiction=False
Frontier expanded pos_1_0_2_0=7 from depth=7 -> reward=0.0494 assigned=15/81 contradiction=False
Frontier expanded pos_1_0_2_1=3 from depth=7 -> reward=0.0494 assigned=15/81 contradiction=False
Frontier expanded pos_1_1_2_2=1 from depth=8 -> reward=-1.0000 assigned=20/81 contradiction=True
Contradiction found after pos_1_1_2_2=1
Frontier expanded pos_1_1_2_2=5 from depth=8 -> reward=-1.0000 assigned=18/81 contradiction=True
Contradiction found after pos_1_1_2_2=5
Frontier expanded pos_1_2_0_1=5 from depth=8 -> reward=-1.0000 assigned=19/81 contradiction=True
Contradiction found after pos_1_2_0_1=5
Frontier expanded pos_1_2_2_0=1 from depth=8 -> reward=-1.0000 assigned=17/81 contradiction=True
Contradiction found after pos_1_2_2_0=1
Frontier expanded pos_1_2_2_0=5 from depth=8 -> reward=-1.0000 assigned=18/81 contradiction=True
Contradiction found after pos_1_2_2_0=5
Frontier expanded pos_1_2_0_1=5 from depth=8 -> reward=0.0123 assigned=13/81 contradiction=False
Frontier expanded pos_0_0_1_1=3 from depth=8 -> reward=0.0247 assigned=14/81 contradiction=False
Frontier expanded pos_0_0_1_1=2 from depth=8 -> reward=0.0494 assigned=16/81 contradiction=False
Frontier expanded pos_0_1_1_1=3 from depth=8 -> reward=0.0494 assigned=16/81 contradiction=False
Frontier expanded pos_0_1_1_1=2 from depth=8 -> reward=0.0247 assigned=14/81 contradiction=False
Frontier expanded pos_0_0_1_2=5 from depth=9 -> reward=-1.0000 assigned=19/81 contradiction=True
Contradiction found after pos_0_0_1_2=5
Frontier expanded pos_0_1_1_2=0 from depth=9 -> reward=-1.0000 assigned=18/81 contradiction=True
Contradiction found after pos_0_1_1_2=0
Frontier expanded pos_0_2_0_0=5 from depth=9 -> reward=-1.0000 assigned=17/81 contradiction=True
Contradiction found after pos_0_2_0_0=5
Frontier expanded pos_1_0_2_0=7 from depth=9 -> reward=0.0494 assigned=20/81 contradiction=False
Frontier expanded pos_1_0_2_1=3 from depth=9 -> reward=0.0494 assigned=20/81 contradiction=False
Frontier expanded pos_0_0_1_2=5 from depth=10 -> reward=-1.0000 assigned=23/81 contradiction=True
Contradiction found after pos_0_0_1_2=5
Frontier expanded pos_0_1_1_2=0 from depth=10 -> reward=-1.0000 assigned=22/81 contradiction=True
Contradiction found after pos_0_1_1_2=0
Frontier expanded pos_0_2_0_0=5 from depth=10 -> reward=-1.0000 assigned=21/81 contradiction=True
Contradiction found after pos_0_2_0_0=5
Frontier expanded pos_1_1_2_2=1 from depth=10 -> reward=-1.0000 assigned=28/81 contradiction=True
Contradiction found after pos_1_1_2_2=1
Frontier expanded pos_1_1_2_2=5 from depth=10 -> reward=-1.0000 assigned=23/81 contradiction=True
Contradiction found after pos_1_1_2_2=5
Frontier expanded pos_0_0_1_2=5 from depth=9 -> reward=-1.0000 assigned=22/81 contradiction=True
Contradiction found after pos_0_0_1_2=5
Frontier expanded pos_0_1_1_2=0 from depth=9 -> reward=-1.0000 assigned=23/81 contradiction=True
Contradiction found after pos_0_1_1_2=0
Frontier expanded pos_1_2_0_1=7 from depth=9 -> reward=0.0123 assigned=15/81 contradiction=False
Frontier expanded pos_0_0_1_2=0 from depth=9 -> reward=0.0247 assigned=16/81 contradiction=False
Frontier expanded pos_0_1_1_2=5 from depth=9 -> reward=0.0247 assigned=16/81 contradiction=False
Frontier expanded pos_0_0_0_0=5 from depth=10 -> reward=-1.0000 assigned=25/81 contradiction=True
Contradiction found after pos_0_0_0_0=5
Frontier expanded pos_0_1_0_0=4 from depth=10 -> reward=-1.0000 assigned=25/81 contradiction=True
Contradiction found after pos_0_1_0_0=4
Frontier expanded pos_0_0_0_0=2 from depth=10 -> reward=0.0247 assigned=18/81 contradiction=False
Frontier expanded pos_0_1_0_0=1 from depth=10 -> reward=0.0247 assigned=18/81 contradiction=False
Frontier expanded pos_0_2_2_0=2 from depth=10 -> reward=0.0123 assigned=17/81 contradiction=False
Frontier expanded pos_0_2_0_0=5 from depth=11 -> reward=-1.0000 assigned=19/81 contradiction=True
Contradiction found after pos_0_2_0_0=5
Frontier expanded pos_1_0_2_0=3 from depth=11 -> reward=-1.0000 assigned=28/81 contradiction=True
Contradiction found after pos_1_0_2_0=3
Frontier expanded pos_1_0_2_1=7 from depth=11 -> reward=-1.0000 assigned=28/81 contradiction=True
Contradiction found after pos_1_0_2_1=7
Frontier expanded pos_1_0_2_0=7 from depth=11 -> reward=0.0494 assigned=22/81 contradiction=False
Frontier expanded pos_1_0_2_1=3 from depth=11 -> reward=0.0494 assigned=22/81 contradiction=False
Frontier expanded pos_0_1_2_0=4 from depth=12 -> reward=-1.0000 assigned=30/81 contradiction=True
Contradiction found after pos_0_1_2_0=4
Frontier expanded pos_0_1_2_1=0 from depth=12 -> reward=-1.0000 assigned=28/81 contradiction=True
Contradiction found after pos_0_1_2_1=0
Frontier expanded pos_0_2_0_0=5 from depth=12 -> reward=-1.0000 assigned=23/81 contradiction=True
Contradiction found after pos_0_2_0_0=5
Frontier expanded pos_0_2_2_0=5 from depth=12 -> reward=-1.0000 assigned=31/81 contradiction=True
Contradiction found after pos_0_2_2_0=5
Frontier expanded pos_1_0_2_2=4 from depth=12 -> reward=0.0123 assigned=23/81 contradiction=False
Frontier expanded pos_0_1_2_0=4 from depth=13 -> reward=-1.0000 assigned=35/81 contradiction=True
Contradiction found after pos_0_1_2_0=4
Frontier expanded pos_0_1_2_1=0 from depth=13 -> reward=-1.0000 assigned=35/81 contradiction=True
Contradiction found after pos_0_1_2_1=0
Frontier expanded pos_0_1_2_2=3 from depth=13 -> reward=-1.0000 assigned=32/81 contradiction=True
Contradiction found after pos_0_1_2_2=3
Frontier expanded pos_0_2_0_0=5 from depth=13 -> reward=-1.0000 assigned=24/81 contradiction=True
Contradiction found after pos_0_2_0_0=5
Frontier expanded pos_0_2_2_0=5 from depth=13 -> reward=-1.0000 assigned=35/81 contradiction=True
Contradiction found after pos_0_2_2_0=5
Frontier expanded pos_0_0_0_0=5 from depth=11 -> reward=-1.0000 assigned=25/81 contradiction=True
Contradiction found after pos_0_0_0_0=5
Frontier expanded pos_0_1_0_0=4 from depth=11 -> reward=-1.0000 assigned=25/81 contradiction=True
Contradiction found after pos_0_1_0_0=4
Frontier expanded pos_0_1_2_0=1 from depth=11 -> reward=-1.0000 assigned=25/81 contradiction=True
Contradiction found after pos_0_1_2_0=1
Frontier expanded pos_0_2_0_0=5 from depth=11 -> reward=-1.0000 assigned=22/81 contradiction=True
Contradiction found after pos_0_2_0_0=5
Frontier expanded pos_1_0_2_0=3 from depth=11 -> reward=-1.0000 assigned=31/81 contradiction=True
Contradiction found after pos_1_0_2_0=3
Frontier expanded pos_0_0_1_2=5 from depth=10 -> reward=-1.0000 assigned=23/81 contradiction=True
Contradiction found after pos_0_0_1_2=5
Frontier expanded pos_0_1_1_2=0 from depth=10 -> reward=-1.0000 assigned=24/81 contradiction=True
Contradiction found after pos_0_1_1_2=0
Frontier expanded pos_0_0_1_2=0 from depth=10 -> reward=0.0247 assigned=17/81 contradiction=False
Frontier expanded pos_0_1_1_2=5 from depth=10 -> reward=0.0247 assigned=17/81 contradiction=False
Frontier expanded pos_1_0_2_0=7 from depth=10 -> reward=0.0494 assigned=19/81 contradiction=False
Frontier expanded pos_0_0_1_2=5 from depth=11 -> reward=-1.0000 assigned=27/81 contradiction=True
Contradiction found after pos_0_0_1_2=5
Frontier expanded pos_0_1_1_2=0 from depth=11 -> reward=-1.0000 assigned=28/81 contradiction=True
Contradiction found after pos_0_1_1_2=0
Frontier expanded pos_1_1_2_2=1 from depth=11 -> reward=-1.0000 assigned=24/81 contradiction=True
Contradiction found after pos_1_1_2_2=1
Frontier expanded pos_1_1_2_2=5 from depth=11 -> reward=-1.0000 assigned=26/81 contradiction=True
Contradiction found after pos_1_1_2_2=5
Frontier expanded pos_1_2_2_0=1 from depth=11 -> reward=-1.0000 assigned=21/81 contradiction=True
Contradiction found after pos_1_2_2_0=1
Frontier expanded pos_0_0_0_0=5 from depth=11 -> reward=-1.0000 assigned=26/81 contradiction=True
Contradiction found after pos_0_0_0_0=5
Frontier expanded pos_0_1_0_0=4 from depth=11 -> reward=-1.0000 assigned=26/81 contradiction=True
Contradiction found after pos_0_1_0_0=4
Frontier expanded pos_0_0_0_0=2 from depth=11 -> reward=0.0247 assigned=19/81 contradiction=False
Frontier expanded pos_0_1_0_0=1 from depth=11 -> reward=0.0247 assigned=19/81 contradiction=False
Frontier expanded pos_0_2_2_0=2 from depth=11 -> reward=0.0123 assigned=18/81 contradiction=False
Frontier expanded pos_0_2_0_0=5 from depth=12 -> reward=-1.0000 assigned=20/81 contradiction=True
Contradiction found after pos_0_2_0_0=5
Frontier expanded pos_1_0_2_0=3 from depth=12 -> reward=-1.0000 assigned=29/81 contradiction=True
Contradiction found after pos_1_0_2_0=3
Frontier expanded pos_1_0_2_1=7 from depth=12 -> reward=-1.0000 assigned=29/81 contradiction=True
Contradiction found after pos_1_0_2_1=7
Frontier expanded pos_1_0_2_0=7 from depth=12 -> reward=0.0494 assigned=23/81 contradiction=False
Frontier expanded pos_1_0_2_1=3 from depth=12 -> reward=0.0494 assigned=23/81 contradiction=False
Frontier expanded pos_0_1_2_0=4 from depth=13 -> reward=-1.0000 assigned=31/81 contradiction=True
Contradiction found after pos_0_1_2_0=4
Frontier expanded pos_0_1_2_1=0 from depth=13 -> reward=-1.0000 assigned=29/81 contradiction=True
Contradiction found after pos_0_1_2_1=0
Frontier expanded pos_0_2_0_0=5 from depth=13 -> reward=-1.0000 assigned=24/81 contradiction=True
Contradiction found after pos_0_2_0_0=5
Frontier expanded pos_0_2_2_0=5 from depth=13 -> reward=-1.0000 assigned=32/81 contradiction=True
Contradiction found after pos_0_2_2_0=5
Frontier expanded pos_1_0_2_2=4 from depth=13 -> reward=0.0123 assigned=24/81 contradiction=False
Frontier expanded pos_0_1_2_0=4 from depth=14 -> reward=-1.0000 assigned=36/81 contradiction=True
Contradiction found after pos_0_1_2_0=4
Frontier expanded pos_0_1_2_1=0 from depth=14 -> reward=-1.0000 assigned=36/81 contradiction=True
Contradiction found after pos_0_1_2_1=0
Frontier expanded pos_0_1_2_2=3 from depth=14 -> reward=-1.0000 assigned=33/81 contradiction=True
Contradiction found after pos_0_1_2_2=3
Frontier expanded pos_0_2_0_0=5 from depth=14 -> reward=-1.0000 assigned=25/81 contradiction=True
Contradiction found after pos_0_2_0_0=5
Frontier expanded pos_0_2_2_0=5 from depth=14 -> reward=-1.0000 assigned=36/81 contradiction=True
Contradiction found after pos_0_2_2_0=5
Frontier expanded pos_0_0_0_0=5 from depth=12 -> reward=-1.0000 assigned=26/81 contradiction=True
Contradiction found after pos_0_0_0_0=5
Frontier expanded pos_0_1_0_0=4 from depth=12 -> reward=-1.0000 assigned=26/81 contradiction=True
Contradiction found after pos_0_1_0_0=4
Frontier expanded pos_0_1_2_0=1 from depth=12 -> reward=-1.0000 assigned=30/81 contradiction=True
Contradiction found after pos_0_1_2_0=1
Frontier expanded pos_0_2_0_0=5 from depth=12 -> reward=-1.0000 assigned=23/81 contradiction=True
Contradiction found after pos_0_2_0_0=5
Frontier expanded pos_1_0_2_0=3 from depth=12 -> reward=-1.0000 assigned=31/81 contradiction=True
Contradiction found after pos_1_0_2_0=3
Frontier expanded pos_0_0_0_2=1 from depth=9 -> reward=-1.0000 assigned=16/81 contradiction=True
Contradiction found after pos_0_0_0_2=1
Frontier expanded pos_0_0_0_2=5 from depth=9 -> reward=-1.0000 assigned=17/81 contradiction=True
Contradiction found after pos_0_0_0_2=5
Frontier expanded pos_0_0_1_1=2 from depth=9 -> reward=-1.0000 assigned=22/81 contradiction=True
Contradiction found after pos_0_0_1_1=2
Frontier expanded pos_0_1_1_1=3 from depth=9 -> reward=-1.0000 assigned=22/81 contradiction=True
Contradiction found after pos_0_1_1_1=3
Frontier expanded pos_1_0_2_0=3 from depth=9 -> reward=-1.0000 assigned=18/81 contradiction=True
Contradiction found after pos_1_0_2_0=3
Frontier expanded pos_0_2_1_2=2 from depth=7 -> reward=-1.0000 assigned=11/81 contradiction=True
Contradiction found after pos_0_2_1_2=2
Frontier expanded pos_0_0_1_1=3 from depth=7 -> reward=0.0494 assigned=14/81 contradiction=False
Frontier expanded pos_0_1_1_1=2 from depth=7 -> reward=0.0494 assigned=14/81 contradiction=False
Frontier expanded pos_0_2_1_2=8 from depth=7 -> reward=0.0247 assigned=12/81 contradiction=False
Frontier expanded pos_1_0_2_0=7 from depth=7 -> reward=0.0370 assigned=13/81 contradiction=False
Frontier expanded pos_0_0_1_2=5 from depth=8 -> reward=-1.0000 assigned=22/81 contradiction=True
Contradiction found after pos_0_0_1_2=5
Frontier expanded pos_0_1_1_2=0 from depth=8 -> reward=-1.0000 assigned=23/81 contradiction=True
Contradiction found after pos_0_1_1_2=0
Frontier expanded pos_1_2_0_1=7 from depth=8 -> reward=0.0123 assigned=15/81 contradiction=False
Frontier expanded pos_0_0_1_2=0 from depth=8 -> reward=0.0247 assigned=16/81 contradiction=False
Frontier expanded pos_0_1_1_2=5 from depth=8 -> reward=0.0247 assigned=16/81 contradiction=False
Frontier expanded pos_0_0_0_0=5 from depth=9 -> reward=-1.0000 assigned=25/81 contradiction=True
Contradiction found after pos_0_0_0_0=5
Frontier expanded pos_0_1_0_0=4 from depth=9 -> reward=-1.0000 assigned=25/81 contradiction=True
Contradiction found after pos_0_1_0_0=4
Frontier expanded pos_0_0_0_0=2 from depth=9 -> reward=0.0247 assigned=18/81 contradiction=False
Frontier expanded pos_0_1_0_0=1 from depth=9 -> reward=0.0247 assigned=18/81 contradiction=False
Frontier expanded pos_0_2_2_0=2 from depth=9 -> reward=0.0123 assigned=17/81 contradiction=False
Frontier expanded pos_0_2_0_0=5 from depth=10 -> reward=-1.0000 assigned=19/81 contradiction=True
Contradiction found after pos_0_2_0_0=5
Frontier expanded pos_1_0_2_0=3 from depth=10 -> reward=-1.0000 assigned=28/81 contradiction=True
Contradiction found after pos_1_0_2_0=3
Frontier expanded pos_1_0_2_1=7 from depth=10 -> reward=-1.0000 assigned=28/81 contradiction=True
Contradiction found after pos_1_0_2_1=7
Frontier expanded pos_1_0_2_0=7 from depth=10 -> reward=0.0494 assigned=22/81 contradiction=False
Frontier expanded pos_1_0_2_1=3 from depth=10 -> reward=0.0494 assigned=22/81 contradiction=False
Frontier expanded pos_0_1_2_0=4 from depth=11 -> reward=-1.0000 assigned=30/81 contradiction=True
Contradiction found after pos_0_1_2_0=4
Frontier expanded pos_0_1_2_1=0 from depth=11 -> reward=-1.0000 assigned=28/81 contradiction=True
Contradiction found after pos_0_1_2_1=0
Frontier expanded pos_0_2_0_0=5 from depth=11 -> reward=-1.0000 assigned=23/81 contradiction=True
Contradiction found after pos_0_2_0_0=5
Frontier expanded pos_0_2_2_0=5 from depth=11 -> reward=-1.0000 assigned=31/81 contradiction=True
Contradiction found after pos_0_2_2_0=5
Frontier expanded pos_1_0_2_2=4 from depth=11 -> reward=0.0123 assigned=23/81 contradiction=False
Frontier expanded pos_0_1_2_0=4 from depth=12 -> reward=-1.0000 assigned=35/81 contradiction=True
Contradiction found after pos_0_1_2_0=4
Frontier expanded pos_0_1_2_1=0 from depth=12 -> reward=-1.0000 assigned=35/81 contradiction=True
Contradiction found after pos_0_1_2_1=0
Frontier expanded pos_0_1_2_2=3 from depth=12 -> reward=-1.0000 assigned=32/81 contradiction=True
Contradiction found after pos_0_1_2_2=3
Frontier expanded pos_0_2_0_0=5 from depth=12 -> reward=-1.0000 assigned=24/81 contradiction=True
Contradiction found after pos_0_2_0_0=5
Frontier expanded pos_0_2_2_0=5 from depth=12 -> reward=-1.0000 assigned=35/81 contradiction=True
Contradiction found after pos_0_2_2_0=5
Frontier expanded pos_0_0_0_0=5 from depth=10 -> reward=-1.0000 assigned=25/81 contradiction=True
Contradiction found after pos_0_0_0_0=5
Frontier expanded pos_0_1_0_0=4 from depth=10 -> reward=-1.0000 assigned=25/81 contradiction=True
Contradiction found after pos_0_1_0_0=4
Frontier expanded pos_0_1_2_0=1 from depth=10 -> reward=-1.0000 assigned=25/81 contradiction=True
Contradiction found after pos_0_1_2_0=1
Frontier expanded pos_0_2_0_0=5 from depth=10 -> reward=-1.0000 assigned=22/81 contradiction=True
Contradiction found after pos_0_2_0_0=5
Frontier expanded pos_1_0_2_0=3 from depth=10 -> reward=-1.0000 assigned=31/81 contradiction=True
Contradiction found after pos_1_0_2_0=3
Frontier expanded pos_0_0_1_2=5 from depth=9 -> reward=-1.0000 assigned=23/81 contradiction=True
Contradiction found after pos_0_0_1_2=5
Frontier expanded pos_0_1_1_2=0 from depth=9 -> reward=-1.0000 assigned=24/81 contradiction=True
Contradiction found after pos_0_1_1_2=0
Frontier expanded pos_0_0_1_2=0 from depth=9 -> reward=0.0247 assigned=17/81 contradiction=False
Frontier expanded pos_0_1_1_2=5 from depth=9 -> reward=0.0247 assigned=17/81 contradiction=False
Frontier expanded pos_1_0_2_0=7 from depth=9 -> reward=0.0494 assigned=19/81 contradiction=False
Frontier expanded pos_0_0_1_2=5 from depth=10 -> reward=-1.0000 assigned=27/81 contradiction=True
Contradiction found after pos_0_0_1_2=5
Frontier expanded pos_0_1_1_2=0 from depth=10 -> reward=-1.0000 assigned=28/81 contradiction=True
Contradiction found after pos_0_1_1_2=0
Frontier expanded pos_1_1_2_2=1 from depth=10 -> reward=-1.0000 assigned=24/81 contradiction=True
Contradiction found after pos_1_1_2_2=1
Frontier expanded pos_1_1_2_2=5 from depth=10 -> reward=-1.0000 assigned=26/81 contradiction=True
Contradiction found after pos_1_1_2_2=5
Frontier expanded pos_1_2_2_0=1 from depth=10 -> reward=-1.0000 assigned=21/81 contradiction=True
Contradiction found after pos_1_2_2_0=1
Frontier expanded pos_0_0_0_0=5 from depth=10 -> reward=-1.0000 assigned=26/81 contradiction=True
Contradiction found after pos_0_0_0_0=5
Frontier expanded pos_0_1_0_0=4 from depth=10 -> reward=-1.0000 assigned=26/81 contradiction=True
Contradiction found after pos_0_1_0_0=4
Frontier expanded pos_0_0_0_0=2 from depth=10 -> reward=0.0247 assigned=19/81 contradiction=False
Frontier expanded pos_0_1_0_0=1 from depth=10 -> reward=0.0247 assigned=19/81 contradiction=False
Frontier expanded pos_0_2_2_0=2 from depth=10 -> reward=0.0123 assigned=18/81 contradiction=False
Frontier expanded pos_0_2_0_0=5 from depth=11 -> reward=-1.0000 assigned=20/81 contradiction=True
Contradiction found after pos_0_2_0_0=5
Frontier expanded pos_1_0_2_0=3 from depth=11 -> reward=-1.0000 assigned=29/81 contradiction=True
Contradiction found after pos_1_0_2_0=3
Frontier expanded pos_1_0_2_1=7 from depth=11 -> reward=-1.0000 assigned=29/81 contradiction=True
Contradiction found after pos_1_0_2_1=7
Frontier expanded pos_1_0_2_0=7 from depth=11 -> reward=0.0494 assigned=23/81 contradiction=False
Frontier expanded pos_1_0_2_1=3 from depth=11 -> reward=0.0494 assigned=23/81 contradiction=False
Frontier expanded pos_0_1_2_0=4 from depth=12 -> reward=-1.0000 assigned=31/81 contradiction=True
Contradiction found after pos_0_1_2_0=4
Frontier expanded pos_0_1_2_1=0 from depth=12 -> reward=-1.0000 assigned=29/81 contradiction=True
Contradiction found after pos_0_1_2_1=0
Frontier expanded pos_0_2_0_0=5 from depth=12 -> reward=-1.0000 assigned=24/81 contradiction=True
Contradiction found after pos_0_2_0_0=5
Frontier expanded pos_0_2_2_0=5 from depth=12 -> reward=-1.0000 assigned=32/81 contradiction=True
Contradiction found after pos_0_2_2_0=5
Frontier expanded pos_1_0_2_2=4 from depth=12 -> reward=0.0123 assigned=24/81 contradiction=False
Frontier expanded pos_0_1_2_0=4 from depth=13 -> reward=-1.0000 assigned=36/81 contradiction=True
Contradiction found after pos_0_1_2_0=4
Frontier expanded pos_0_1_2_1=0 from depth=13 -> reward=-1.0000 assigned=36/81 contradiction=True
Contradiction found after pos_0_1_2_1=0
Frontier expanded pos_0_1_2_2=3 from depth=13 -> reward=-1.0000 assigned=33/81 contradiction=True
Contradiction found after pos_0_1_2_2=3
Frontier expanded pos_0_2_0_0=5 from depth=13 -> reward=-1.0000 assigned=25/81 contradiction=True
Contradiction found after pos_0_2_0_0=5
Frontier expanded pos_0_2_2_0=5 from depth=13 -> reward=-1.0000 assigned=36/81 contradiction=True
Contradiction found after pos_0_2_2_0=5
Frontier expanded pos_0_0_0_0=5 from depth=11 -> reward=-1.0000 assigned=26/81 contradiction=True
Contradiction found after pos_0_0_0_0=5
Frontier expanded pos_0_1_0_0=4 from depth=11 -> reward=-1.0000 assigned=26/81 contradiction=True
Contradiction found after pos_0_1_0_0=4
Frontier expanded pos_0_1_2_0=1 from depth=11 -> reward=-1.0000 assigned=30/81 contradiction=True
Contradiction found after pos_0_1_2_0=1
Frontier expanded pos_0_2_0_0=5 from depth=11 -> reward=-1.0000 assigned=23/81 contradiction=True
Contradiction found after pos_0_2_0_0=5
Frontier expanded pos_1_0_2_0=3 from depth=11 -> reward=-1.0000 assigned=31/81 contradiction=True
Contradiction found after pos_1_0_2_0=3
Frontier expanded pos_0_2_1_2=2 from depth=8 -> reward=-1.0000 assigned=14/81 contradiction=True
Contradiction found after pos_0_2_1_2=2
Frontier expanded pos_1_1_2_2=1 from depth=8 -> reward=-1.0000 assigned=19/81 contradiction=True
Contradiction found after pos_1_1_2_2=1
Frontier expanded pos_1_1_2_2=5 from depth=8 -> reward=-1.0000 assigned=16/81 contradiction=True
Contradiction found after pos_1_1_2_2=5
Frontier expanded pos_0_0_1_1=3 from depth=8 -> reward=0.0617 assigned=18/81 contradiction=False
Frontier expanded pos_0_1_1_1=2 from depth=8 -> reward=0.0617 assigned=18/81 contradiction=False
Frontier expanded pos_0_0_1_2=5 from depth=9 -> reward=-1.0000 assigned=26/81 contradiction=True
Contradiction found after pos_0_0_1_2=5
Frontier expanded pos_0_1_1_2=0 from depth=9 -> reward=-1.0000 assigned=27/81 contradiction=True
Contradiction found after pos_0_1_1_2=0
Frontier expanded pos_1_1_2_2=1 from depth=9 -> reward=-1.0000 assigned=24/81 contradiction=True
Contradiction found after pos_1_1_2_2=1
Frontier expanded pos_1_1_2_2=5 from depth=9 -> reward=-1.0000 assigned=21/81 contradiction=True
Contradiction found after pos_1_1_2_2=5
Frontier expanded pos_1_2_0_1=5 from depth=9 -> reward=-1.0000 assigned=22/81 contradiction=True
Contradiction found after pos_1_2_0_1=5
Frontier expanded pos_1_2_0_1=5 from depth=8 -> reward=0.0123 assigned=13/81 contradiction=False
Frontier expanded pos_0_0_1_1=3 from depth=8 -> reward=0.0247 assigned=14/81 contradiction=False
Frontier expanded pos_0_0_1_1=2 from depth=8 -> reward=0.0494 assigned=16/81 contradiction=False
Frontier expanded pos_0_1_1_1=3 from depth=8 -> reward=0.0494 assigned=16/81 contradiction=False
Frontier expanded pos_0_1_1_1=2 from depth=8 -> reward=0.0247 assigned=14/81 contradiction=False
Frontier expanded pos_0_0_1_2=5 from depth=9 -> reward=-1.0000 assigned=19/81 contradiction=True
Contradiction found after pos_0_0_1_2=5
Frontier expanded pos_0_1_1_2=0 from depth=9 -> reward=-1.0000 assigned=18/81 contradiction=True
Contradiction found after pos_0_1_1_2=0
Frontier expanded pos_0_2_0_0=5 from depth=9 -> reward=-1.0000 assigned=17/81 contradiction=True
Contradiction found after pos_0_2_0_0=5
Frontier expanded pos_1_0_2_0=7 from depth=9 -> reward=0.0494 assigned=20/81 contradiction=False
Frontier expanded pos_1_0_2_1=3 from depth=9 -> reward=0.0494 assigned=20/81 contradiction=False
Frontier expanded pos_0_0_1_2=5 from depth=10 -> reward=-1.0000 assigned=23/81 contradiction=True
Contradiction found after pos_0_0_1_2=5
Frontier expanded pos_0_1_1_2=0 from depth=10 -> reward=-1.0000 assigned=22/81 contradiction=True
Contradiction found after pos_0_1_1_2=0
Frontier expanded pos_0_2_0_0=5 from depth=10 -> reward=-1.0000 assigned=21/81 contradiction=True
Contradiction found after pos_0_2_0_0=5
Frontier expanded pos_1_1_2_2=1 from depth=10 -> reward=-1.0000 assigned=28/81 contradiction=True
Contradiction found after pos_1_1_2_2=1
Frontier expanded pos_1_1_2_2=5 from depth=10 -> reward=-1.0000 assigned=23/81 contradiction=True
Contradiction found after pos_1_1_2_2=5
Frontier expanded pos_0_0_0_2=1 from depth=9 -> reward=-1.0000 assigned=16/81 contradiction=True
Contradiction found after pos_0_0_0_2=1
Frontier expanded pos_0_0_0_2=5 from depth=9 -> reward=-1.0000 assigned=17/81 contradiction=True
Contradiction found after pos_0_0_0_2=5
Frontier expanded pos_0_0_1_1=2 from depth=9 -> reward=-1.0000 assigned=22/81 contradiction=True
Contradiction found after pos_0_0_1_1=2
Frontier expanded pos_0_1_1_1=3 from depth=9 -> reward=-1.0000 assigned=22/81 contradiction=True
Contradiction found after pos_0_1_1_1=3
Frontier expanded pos_1_0_2_0=3 from depth=9 -> reward=-1.0000 assigned=18/81 contradiction=True
Contradiction found after pos_1_0_2_0=3
Frontier expanded pos_2_0_0_2=1 from depth=7 -> reward=-1.0000 assigned=18/81 contradiction=True
Contradiction found after pos_2_0_0_2=1
Frontier expanded pos_2_0_0_2=5 from depth=7 -> reward=-1.0000 assigned=17/81 contradiction=True
Contradiction found after pos_2_0_0_2=5
Frontier expanded pos_0_2_1_0=4 from depth=7 -> reward=0.0123 assigned=11/81 contradiction=False
Frontier expanded pos_0_2_1_0=8 from depth=7 -> reward=0.0247 assigned=12/81 contradiction=False
Frontier expanded pos_1_0_2_0=3 from depth=7 -> reward=0.0247 assigned=12/81 contradiction=False
Frontier expanded pos_2_0_0_2=1 from depth=8 -> reward=-1.0000 assigned=23/81 contradiction=True
Contradiction found after pos_2_0_0_2=1
Frontier expanded pos_2_0_0_2=5 from depth=8 -> reward=-1.0000 assigned=21/81 contradiction=True
Contradiction found after pos_2_0_0_2=5
Frontier expanded pos_0_2_1_2=4 from depth=8 -> reward=0.0123 assigned=13/81 contradiction=False
Frontier expanded pos_1_2_2_0=5 from depth=8 -> reward=0.0123 assigned=13/81 contradiction=False
Frontier expanded pos_1_0_2_0=7 from depth=8 -> reward=0.0494 assigned=16/81 contradiction=False
Frontier expanded pos_1_1_2_2=1 from depth=9 -> reward=-1.0000 assigned=20/81 contradiction=True
Contradiction found after pos_1_1_2_2=1
Frontier expanded pos_1_1_2_2=5 from depth=9 -> reward=-1.0000 assigned=23/81 contradiction=True
Contradiction found after pos_1_1_2_2=5
Frontier expanded pos_1_2_2_0=1 from depth=9 -> reward=-1.0000 assigned=18/81 contradiction=True
Contradiction found after pos_1_2_2_0=1
Frontier expanded pos_1_2_2_0=5 from depth=9 -> reward=-1.0000 assigned=18/81 contradiction=True
Contradiction found after pos_1_2_2_0=5
Frontier expanded pos_2_0_0_2=1 from depth=9 -> reward=-1.0000 assigned=23/81 contradiction=True
Contradiction found after pos_2_0_0_2=1
Frontier expanded pos_0_1_2_0=3 from depth=9 -> reward=-1.0000 assigned=18/81 contradiction=True
Contradiction found after pos_0_1_2_0=3
Frontier expanded pos_0_2_1_2=2 from depth=9 -> reward=-1.0000 assigned=18/81 contradiction=True
Contradiction found after pos_0_2_1_2=2
Frontier expanded pos_0_2_2_0=4 from depth=9 -> reward=-1.0000 assigned=19/81 contradiction=True
Contradiction found after pos_0_2_2_0=4
Frontier expanded pos_1_0_2_0=3 from depth=9 -> reward=-1.0000 assigned=19/81 contradiction=True
Contradiction found after pos_1_0_2_0=3
Frontier expanded pos_1_0_2_0=7 from depth=9 -> reward=-1.0000 assigned=17/81 contradiction=True
Contradiction found after pos_1_0_2_0=7
Frontier expanded pos_0_0_1_1=2 from depth=9 -> reward=0.0494 assigned=17/81 contradiction=False
Frontier expanded pos_0_1_1_1=3 from depth=9 -> reward=0.0494 assigned=17/81 contradiction=False
Frontier expanded pos_0_0_1_1=3 from depth=9 -> reward=0.0247 assigned=15/81 contradiction=False
Frontier expanded pos_0_1_1_1=2 from depth=9 -> reward=0.0247 assigned=15/81 contradiction=False
Frontier expanded pos_1_2_2_0=1 from depth=9 -> reward=0.0247 assigned=15/81 contradiction=False
Frontier expanded pos_0_0_1_2=5 from depth=10 -> reward=-1.0000 assigned=20/81 contradiction=True
Contradiction found after pos_0_0_1_2=5
Frontier expanded pos_0_1_1_2=0 from depth=10 -> reward=-1.0000 assigned=19/81 contradiction=True
Contradiction found after pos_0_1_1_2=0
Frontier expanded pos_0_2_0_0=5 from depth=10 -> reward=-1.0000 assigned=18/81 contradiction=True
Contradiction found after pos_0_2_0_0=5
Frontier expanded pos_0_0_1_2=0 from depth=10 -> reward=0.0247 assigned=19/81 contradiction=False
Frontier expanded pos_0_1_1_2=5 from depth=10 -> reward=0.0247 assigned=19/81 contradiction=False
Frontier expanded pos_0_2_0_0=5 from depth=11 -> reward=-1.0000 assigned=20/81 contradiction=True
Contradiction found after pos_0_2_0_0=5
Frontier expanded pos_0_1_2_0=1 from depth=11 -> reward=0.0370 assigned=22/81 contradiction=False
Frontier expanded pos_0_1_2_0=4 from depth=11 -> reward=0.0617 assigned=24/81 contradiction=False
Frontier expanded pos_0_2_2_0=2 from depth=11 -> reward=0.0370 assigned=22/81 contradiction=False
Frontier expanded pos_0_2_2_0=5 from depth=11 -> reward=0.0617 assigned=24/81 contradiction=False
Frontier expanded pos_0_0_0_1=4 from depth=12 -> reward=-1.0000 assigned=28/81 contradiction=True
Contradiction found after pos_0_0_0_1=4
Frontier expanded pos_0_0_0_2=5 from depth=12 -> reward=-1.0000 assigned=28/81 contradiction=True
Contradiction found after pos_0_0_0_2=5
Frontier expanded pos_0_1_2_1=1 from depth=12 -> reward=-1.0000 assigned=26/81 contradiction=True
Contradiction found after pos_0_1_2_1=1
Frontier expanded pos_0_1_2_2=0 from depth=12 -> reward=-1.0000 assigned=26/81 contradiction=True
Contradiction found after pos_0_1_2_2=0
Frontier expanded pos_0_2_2_1=2 from depth=12 -> reward=-1.0000 assigned=27/81 contradiction=True
Contradiction found after pos_0_2_2_1=2
Frontier expanded pos_0_2_0_0=5 from depth=12 -> reward=-1.0000 assigned=23/81 contradiction=True
Contradiction found after pos_0_2_0_0=5
Frontier expanded pos_1_0_2_0=3 from depth=12 -> reward=-1.0000 assigned=26/81 contradiction=True
Contradiction found after pos_1_0_2_0=3
Frontier expanded pos_1_0_2_0=7 from depth=12 -> reward=-1.0000 assigned=26/81 contradiction=True
Contradiction found after pos_1_0_2_0=7
Frontier expanded pos_1_0_2_1=3 from depth=12 -> reward=-1.0000 assigned=26/81 contradiction=True
Contradiction found after pos_1_0_2_1=3
Frontier expanded pos_1_0_2_1=7 from depth=12 -> reward=-1.0000 assigned=26/81 contradiction=True
Contradiction found after pos_1_0_2_1=7
Frontier expanded pos_1_0_2_0=3 from depth=10 -> reward=-1.0000 assigned=18/81 contradiction=True
Contradiction found after pos_1_0_2_0=3
Frontier expanded pos_1_0_2_0=7 from depth=10 -> reward=-1.0000 assigned=18/81 contradiction=True
Contradiction found after pos_1_0_2_0=7
Frontier expanded pos_1_0_2_1=3 from depth=10 -> reward=-1.0000 assigned=20/81 contradiction=True
Contradiction found after pos_1_0_2_1=3
Frontier expanded pos_1_0_2_1=7 from depth=10 -> reward=-1.0000 assigned=18/81 contradiction=True
Contradiction found after pos_1_0_2_1=7
Frontier expanded pos_2_0_0_2=1 from depth=10 -> reward=-1.0000 assigned=27/81 contradiction=True
Contradiction found after pos_2_0_0_2=1
Frontier expanded pos_1_1_2_2=1 from depth=8 -> reward=-1.0000 assigned=15/81 contradiction=True
Contradiction found after pos_1_1_2_2=1
Frontier expanded pos_1_1_2_2=5 from depth=8 -> reward=-1.0000 assigned=19/81 contradiction=True
Contradiction found after pos_1_1_2_2=5
Frontier expanded pos_1_2_2_0=1 from depth=8 -> reward=-1.0000 assigned=15/81 contradiction=True
Contradiction found after pos_1_2_2_0=1
Frontier expanded pos_1_2_2_0=5 from depth=8 -> reward=-1.0000 assigned=14/81 contradiction=True
Contradiction found after pos_1_2_2_0=5
Frontier expanded pos_2_0_0_2=1 from depth=8 -> reward=-1.0000 assigned=24/81 contradiction=True
Contradiction found after pos_2_0_0_2=1
Frontier expanded pos_0_2_1_2=2 from depth=8 -> reward=-1.0000 assigned=12/81 contradiction=True
Contradiction found after pos_0_2_1_2=2
Frontier expanded pos_0_0_1_1=3 from depth=8 -> reward=0.0494 assigned=15/81 contradiction=False
Frontier expanded pos_0_1_1_1=2 from depth=8 -> reward=0.0494 assigned=15/81 contradiction=False
Frontier expanded pos_0_0_1_1=2 from depth=8 -> reward=0.0741 assigned=17/81 contradiction=False
Frontier expanded pos_0_1_1_1=3 from depth=8 -> reward=0.0741 assigned=17/81 contradiction=False
Frontier expanded pos_0_0_1_2=5 from depth=9 -> reward=-1.0000 assigned=20/81 contradiction=True
Contradiction found after pos_0_0_1_2=5
Frontier expanded pos_0_1_1_2=0 from depth=9 -> reward=-1.0000 assigned=19/81 contradiction=True
Contradiction found after pos_0_1_1_2=0
Frontier expanded pos_0_2_0_0=5 from depth=9 -> reward=-1.0000 assigned=18/81 contradiction=True
Contradiction found after pos_0_2_0_0=5
Frontier expanded pos_0_0_1_2=0 from depth=9 -> reward=0.0247 assigned=19/81 contradiction=False
Frontier expanded pos_0_1_1_2=5 from depth=9 -> reward=0.0247 assigned=19/81 contradiction=False
Frontier expanded pos_0_2_0_0=5 from depth=10 -> reward=-1.0000 assigned=20/81 contradiction=True
Contradiction found after pos_0_2_0_0=5
Frontier expanded pos_0_1_2_0=1 from depth=10 -> reward=0.0370 assigned=22/81 contradiction=False
Frontier expanded pos_0_1_2_0=4 from depth=10 -> reward=0.0617 assigned=24/81 contradiction=False
Frontier expanded pos_0_2_2_0=2 from depth=10 -> reward=0.0370 assigned=22/81 contradiction=False
Frontier expanded pos_0_2_2_0=5 from depth=10 -> reward=0.0617 assigned=24/81 contradiction=False
Frontier expanded pos_0_0_0_1=4 from depth=11 -> reward=-1.0000 assigned=28/81 contradiction=True
Contradiction found after pos_0_0_0_1=4
Frontier expanded pos_0_0_0_2=5 from depth=11 -> reward=-1.0000 assigned=28/81 contradiction=True
Contradiction found after pos_0_0_0_2=5
Frontier expanded pos_0_1_2_1=1 from depth=11 -> reward=-1.0000 assigned=26/81 contradiction=True
Contradiction found after pos_0_1_2_1=1
Frontier expanded pos_0_1_2_2=0 from depth=11 -> reward=-1.0000 assigned=26/81 contradiction=True
Contradiction found after pos_0_1_2_2=0
Frontier expanded pos_0_2_2_1=2 from depth=11 -> reward=-1.0000 assigned=27/81 contradiction=True
Contradiction found after pos_0_2_2_1=2
Frontier expanded pos_0_2_0_0=5 from depth=11 -> reward=-1.0000 assigned=23/81 contradiction=True
Contradiction found after pos_0_2_0_0=5
Frontier expanded pos_1_0_2_0=3 from depth=11 -> reward=-1.0000 assigned=26/81 contradiction=True
Contradiction found after pos_1_0_2_0=3
Frontier expanded pos_1_0_2_0=7 from depth=11 -> reward=-1.0000 assigned=26/81 contradiction=True
Contradiction found after pos_1_0_2_0=7
Frontier expanded pos_1_0_2_1=3 from depth=11 -> reward=-1.0000 assigned=26/81 contradiction=True
Contradiction found after pos_1_0_2_1=3
Frontier expanded pos_1_0_2_1=7 from depth=11 -> reward=-1.0000 assigned=26/81 contradiction=True
Contradiction found after pos_1_0_2_1=7
Frontier expanded pos_2_0_0_2=1 from depth=6 -> reward=-1.0000 assigned=17/81 contradiction=True
Contradiction found after pos_2_0_0_2=1
Frontier expanded pos_2_0_0_2=5 from depth=6 -> reward=-1.0000 assigned=16/81 contradiction=True
Contradiction found after pos_2_0_0_2=5
Frontier expanded pos_0_1_1_0=6 from depth=6 -> reward=0.0123 assigned=10/81 contradiction=False
Frontier expanded pos_0_1_1_0=8 from depth=6 -> reward=0.0247 assigned=11/81 contradiction=False
Frontier expanded pos_1_0_2_0=3 from depth=6 -> reward=0.0247 assigned=11/81 contradiction=False
Frontier expanded pos_2_0_0_2=1 from depth=7 -> reward=-1.0000 assigned=20/81 contradiction=True
Contradiction found after pos_2_0_0_2=1
Frontier expanded pos_2_0_0_2=5 from depth=7 -> reward=-1.0000 assigned=20/81 contradiction=True
Contradiction found after pos_2_0_0_2=5
Frontier expanded pos_0_2_1_0=6 from depth=7 -> reward=0.0123 assigned=12/81 contradiction=False
Frontier expanded pos_1_0_2_0=7 from depth=7 -> reward=0.0494 assigned=15/81 contradiction=False
Frontier expanded pos_1_0_2_1=3 from depth=7 -> reward=0.0494 assigned=15/81 contradiction=False
Frontier expanded pos_0_2_1_0=6 from depth=8 -> reward=0.0123 assigned=16/81 contradiction=False
Frontier expanded pos_1_1_2_2=1 from depth=8 -> reward=-1.0000 assigned=19/81 contradiction=True
Contradiction found after pos_1_1_2_2=1
Frontier expanded pos_1_1_2_2=5 from depth=8 -> reward=-1.0000 assigned=22/81 contradiction=True
Contradiction found after pos_1_1_2_2=5
Frontier expanded pos_1_2_2_0=1 from depth=8 -> reward=-1.0000 assigned=17/81 contradiction=True
Contradiction found after pos_1_2_2_0=1
Frontier expanded pos_1_2_2_0=5 from depth=8 -> reward=-1.0000 assigned=17/81 contradiction=True
Contradiction found after pos_1_2_2_0=5
Frontier expanded pos_1_0_2_0=7 from depth=8 -> reward=0.0494 assigned=16/81 contradiction=False
Frontier expanded pos_1_0_2_1=3 from depth=8 -> reward=0.0494 assigned=16/81 contradiction=False
Frontier expanded pos_2_0_0_2=1 from depth=8 -> reward=-1.0000 assigned=21/81 contradiction=True
Contradiction found after pos_2_0_0_2=1
Frontier expanded pos_2_0_0_2=5 from depth=8 -> reward=-1.0000 assigned=21/81 contradiction=True
Contradiction found after pos_2_0_0_2=5
Frontier expanded pos_0_2_1_2=4 from depth=8 -> reward=0.0123 assigned=13/81 contradiction=False
Frontier expanded pos_1_2_2_0=1 from depth=9 -> reward=0.0247 assigned=15/81 contradiction=False
Frontier expanded pos_1_0_2_0=3 from depth=9 -> reward=0.0247 assigned=15/81 contradiction=False
Frontier expanded pos_1_0_2_1=7 from depth=9 -> reward=0.0247 assigned=15/81 contradiction=False
Frontier expanded pos_0_0_1_1=3 from depth=9 -> reward=0.0247 assigned=15/81 contradiction=False
Frontier expanded pos_0_1_1_1=2 from depth=9 -> reward=0.0247 assigned=15/81 contradiction=False
Frontier expanded pos_1_0_2_0=3 from depth=10 -> reward=-1.0000 assigned=18/81 contradiction=True
Contradiction found after pos_1_0_2_0=3
Frontier expanded pos_1_0_2_0=7 from depth=10 -> reward=-1.0000 assigned=18/81 contradiction=True
Contradiction found after pos_1_0_2_0=7
Frontier expanded pos_1_0_2_1=3 from depth=10 -> reward=-1.0000 assigned=20/81 contradiction=True
Contradiction found after pos_1_0_2_1=3
Frontier expanded pos_1_0_2_1=7 from depth=10 -> reward=-1.0000 assigned=18/81 contradiction=True
Contradiction found after pos_1_0_2_1=7
Frontier expanded pos_2_0_0_2=1 from depth=10 -> reward=-1.0000 assigned=25/81 contradiction=True
Contradiction found after pos_2_0_0_2=1
Frontier expanded pos_1_1_2_2=1 from depth=10 -> reward=-1.0000 assigned=18/81 contradiction=True
Contradiction found after pos_1_1_2_2=1
Frontier expanded pos_1_1_2_2=5 from depth=10 -> reward=-1.0000 assigned=22/81 contradiction=True
Contradiction found after pos_1_1_2_2=5
Frontier expanded pos_0_0_1_1=3 from depth=10 -> reward=0.0247 assigned=17/81 contradiction=False
Frontier expanded pos_0_1_1_1=2 from depth=10 -> reward=0.0247 assigned=17/81 contradiction=False
Frontier expanded pos_0_2_2_1=5 from depth=10 -> reward=0.0123 assigned=16/81 contradiction=False
Frontier expanded pos_0_1_2_0=1 from depth=11 -> reward=-1.0000 assigned=22/81 contradiction=True
Contradiction found after pos_0_1_2_0=1
Frontier expanded pos_0_2_2_0=2 from depth=11 -> reward=-1.0000 assigned=22/81 contradiction=True
Contradiction found after pos_0_2_2_0=2
Frontier expanded pos_0_2_2_2=7 from depth=11 -> reward=-1.0000 assigned=22/81 contradiction=True
Contradiction found after pos_0_2_2_2=7
Frontier expanded pos_0_1_2_0=6 from depth=11 -> reward=0.0494 assigned=20/81 contradiction=False
Frontier expanded pos_0_2_2_0=7 from depth=11 -> reward=0.0494 assigned=20/81 contradiction=False
Frontier expanded pos_1_0_2_2=6 from depth=12 -> reward=-1.0000 assigned=30/81 contradiction=True
Contradiction found after pos_1_0_2_2=6
Frontier expanded pos_1_1_2_2=1 from depth=12 -> reward=-1.0000 assigned=24/81 contradiction=True
Contradiction found after pos_1_1_2_2=1
Frontier expanded pos_1_1_2_2=5 from depth=12 -> reward=-1.0000 assigned=27/81 contradiction=True
Contradiction found after pos_1_1_2_2=5
Frontier expanded pos_1_2_2_0=1 from depth=12 -> reward=-1.0000 assigned=23/81 contradiction=True
Contradiction found after pos_1_2_2_0=1
Frontier expanded pos_1_2_2_0=5 from depth=12 -> reward=-1.0000 assigned=22/81 contradiction=True
Contradiction found after pos_1_2_2_0=5
Frontier expanded pos_1_1_2_2=1 from depth=7 -> reward=-1.0000 assigned=14/81 contradiction=True
Contradiction found after pos_1_1_2_2=1
Frontier expanded pos_1_1_2_2=5 from depth=7 -> reward=-1.0000 assigned=18/81 contradiction=True
Contradiction found after pos_1_1_2_2=5
Frontier expanded pos_1_2_2_0=1 from depth=7 -> reward=-1.0000 assigned=14/81 contradiction=True
Contradiction found after pos_1_2_2_0=1
Frontier expanded pos_1_2_2_0=5 from depth=7 -> reward=-1.0000 assigned=13/81 contradiction=True
Contradiction found after pos_1_2_2_0=5
Frontier expanded pos_2_0_0_2=1 from depth=7 -> reward=-1.0000 assigned=23/81 contradiction=True
Contradiction found after pos_2_0_0_2=1
Frontier expanded pos_2_0_0_2=1 from depth=5 -> reward=-1.0000 assigned=15/81 contradiction=True
Contradiction found after pos_2_0_0_2=1
Frontier expanded pos_2_0_0_2=5 from depth=5 -> reward=-1.0000 assigned=8/81 contradiction=True
Contradiction found after pos_2_0_0_2=5
Frontier expanded pos_2_2_0_1=2 from depth=5 -> reward=-1.0000 assigned=16/81 contradiction=True
Contradiction found after pos_2_2_0_1=2
Frontier expanded pos_2_2_0_1=5 from depth=5 -> reward=-1.0000 assigned=11/81 contradiction=True
Contradiction found after pos_2_2_0_1=5
Frontier expanded pos_1_2_1_0=7 from depth=5 -> reward=0.0123 assigned=8/81 contradiction=False
Frontier expanded pos_2_0_0_2=1 from depth=6 -> reward=-1.0000 assigned=16/81 contradiction=True
Contradiction found after pos_2_0_0_2=1
Frontier expanded pos_2_0_0_2=5 from depth=6 -> reward=-1.0000 assigned=9/81 contradiction=True
Contradiction found after pos_2_0_0_2=5
Frontier expanded pos_2_2_0_1=2 from depth=6 -> reward=-1.0000 assigned=17/81 contradiction=True
Contradiction found after pos_2_2_0_1=2
Frontier expanded pos_2_2_0_1=5 from depth=6 -> reward=-1.0000 assigned=12/81 contradiction=True
Contradiction found after pos_2_2_0_1=5
Frontier expanded pos_1_0_2_0=3 from depth=6 -> reward=0.0247 assigned=10/81 contradiction=False
Frontier expanded pos_1_1_2_2=1 from depth=7 -> reward=-1.0000 assigned=13/81 contradiction=True
Contradiction found after pos_1_1_2_2=1
Frontier expanded pos_1_1_2_2=5 from depth=7 -> reward=-1.0000 assigned=18/81 contradiction=True
Contradiction found after pos_1_1_2_2=5
Frontier expanded pos_1_2_2_0=1 from depth=7 -> reward=-1.0000 assigned=13/81 contradiction=True
Contradiction found after pos_1_2_2_0=1
Frontier expanded pos_1_2_2_0=5 from depth=7 -> reward=-1.0000 assigned=12/81 contradiction=True
Contradiction found after pos_1_2_2_0=5
Frontier expanded pos_2_0_0_2=1 from depth=7 -> reward=-1.0000 assigned=21/81 contradiction=True
Contradiction found after pos_2_0_0_2=1
Frontier expanded pos_2_0_0_2=1 from depth=5 -> reward=-1.0000 assigned=15/81 contradiction=True
Contradiction found after pos_2_0_0_2=1
Frontier expanded pos_2_0_0_2=5 from depth=5 -> reward=-1.0000 assigned=14/81 contradiction=True
Contradiction found after pos_2_0_0_2=5
Frontier expanded pos_1_2_2_0=3 from depth=5 -> reward=-1.0000 assigned=10/81 contradiction=True
Contradiction found after pos_1_2_2_0=3
Frontier expanded pos_1_2_1_0=3 from depth=5 -> reward=0.0247 assigned=9/81 contradiction=False
Frontier expanded pos_1_2_2_0=1 from depth=5 -> reward=0.0494 assigned=11/81 contradiction=False
Frontier expanded pos_1_0_2_0=3 from depth=6 -> reward=-1.0000 assigned=14/81 contradiction=True
Contradiction found after pos_1_0_2_0=3
Frontier expanded pos_1_0_2_0=7 from depth=6 -> reward=-1.0000 assigned=14/81 contradiction=True
Contradiction found after pos_1_0_2_0=7
Frontier expanded pos_1_0_2_1=3 from depth=6 -> reward=-1.0000 assigned=16/81 contradiction=True
Contradiction found after pos_1_0_2_1=3
Frontier expanded pos_1_0_2_1=7 from depth=6 -> reward=-1.0000 assigned=14/81 contradiction=True
Contradiction found after pos_1_0_2_1=7
Frontier expanded pos_2_0_0_2=1 from depth=6 -> reward=-1.0000 assigned=19/81 contradiction=True
Contradiction found after pos_2_0_0_2=1
Frontier expanded pos_2_0_0_2=1 from depth=4 -> reward=-1.0000 assigned=14/81 contradiction=True
Contradiction found after pos_2_0_0_2=1
Frontier expanded pos_2_0_0_2=5 from depth=4 -> reward=-1.0000 assigned=12/81 contradiction=True
Contradiction found after pos_2_0_0_2=5
Frontier expanded pos_1_2_0_1=3 from depth=4 -> reward=0.0123 assigned=7/81 contradiction=False
Frontier expanded pos_1_2_0_1=7 from depth=4 -> reward=0.0123 assigned=7/81 contradiction=False
Frontier expanded pos_1_2_1_0=3 from depth=4 -> reward=0.0123 assigned=7/81 contradiction=False
Frontier expanded pos_2_0_0_2=1 from depth=5 -> reward=-1.0000 assigned=16/81 contradiction=True
Contradiction found after pos_2_0_0_2=1
Frontier expanded pos_2_0_0_2=5 from depth=5 -> reward=-1.0000 assigned=8/81 contradiction=True
Contradiction found after pos_2_0_0_2=5
Frontier expanded pos_2_2_0_1=2 from depth=5 -> reward=-1.0000 assigned=17/81 contradiction=True
Contradiction found after pos_2_2_0_1=2
Frontier expanded pos_2_2_0_1=5 from depth=5 -> reward=-1.0000 assigned=11/81 contradiction=True
Contradiction found after pos_2_2_0_1=5
Frontier expanded pos_1_2_1_0=7 from depth=5 -> reward=0.0123 assigned=8/81 contradiction=False
Frontier expanded pos_2_0_0_2=1 from depth=6 -> reward=-1.0000 assigned=17/81 contradiction=True
Contradiction found after pos_2_0_0_2=1
Frontier expanded pos_2_0_0_2=5 from depth=6 -> reward=-1.0000 assigned=9/81 contradiction=True
Contradiction found after pos_2_0_0_2=5
Frontier expanded pos_2_2_0_1=2 from depth=6 -> reward=-1.0000 assigned=18/81 contradiction=True
Contradiction found after pos_2_2_0_1=2
Frontier expanded pos_2_2_0_1=5 from depth=6 -> reward=-1.0000 assigned=12/81 contradiction=True
Contradiction found after pos_2_2_0_1=5
Frontier expanded pos_1_0_2_0=3 from depth=6 -> reward=0.0247 assigned=10/81 contradiction=False
Frontier expanded pos_1_1_2_2=1 from depth=7 -> reward=-1.0000 assigned=12/81 contradiction=True
Contradiction found after pos_1_1_2_2=1
Frontier expanded pos_1_1_2_2=5 from depth=7 -> reward=-1.0000 assigned=18/81 contradiction=True
Contradiction found after pos_1_1_2_2=5
Frontier expanded pos_1_2_2_0=1 from depth=7 -> reward=-1.0000 assigned=13/81 contradiction=True
Contradiction found after pos_1_2_2_0=1
Frontier expanded pos_1_2_2_0=5 from depth=7 -> reward=-1.0000 assigned=12/81 contradiction=True
Contradiction found after pos_1_2_2_0=5
Frontier expanded pos_2_0_0_2=1 from depth=7 -> reward=-1.0000 assigned=22/81 contradiction=True
Contradiction found after pos_2_0_0_2=1
Frontier expanded pos_2_0_0_2=1 from depth=5 -> reward=-1.0000 assigned=14/81 contradiction=True
Contradiction found after pos_2_0_0_2=1
Frontier expanded pos_2_0_0_2=5 from depth=5 -> reward=-1.0000 assigned=13/81 contradiction=True
Contradiction found after pos_2_0_0_2=5
Frontier expanded pos_0_0_1_0=1 from depth=5 -> reward=0.0123 assigned=8/81 contradiction=False
Frontier expanded pos_0_0_1_0=0 from depth=5 -> reward=0.0247 assigned=9/81 contradiction=False
Frontier expanded pos_0_0_1_0=2 from depth=5 -> reward=0.0247 assigned=9/81 contradiction=False
Frontier expanded pos_1_2_0_1=5 from depth=6 -> reward=-1.0000 assigned=16/81 contradiction=True
Contradiction found after pos_1_2_0_1=5
Frontier expanded pos_2_0_0_2=1 from depth=6 -> reward=-1.0000 assigned=18/81 contradiction=True
Contradiction found after pos_2_0_0_2=1
Frontier expanded pos_2_0_0_2=5 from depth=6 -> reward=-1.0000 assigned=18/81 contradiction=True
Contradiction found after pos_2_0_0_2=5
Frontier expanded pos_0_0_0_1=4 from depth=6 -> reward=-1.0000 assigned=15/81 contradiction=True
Contradiction found after pos_0_0_0_1=4
Frontier expanded pos_0_0_0_1=6 from depth=6 -> reward=-1.0000 assigned=15/81 contradiction=True
Contradiction found after pos_0_0_0_1=6
Frontier expanded pos_2_0_0_2=1 from depth=6 -> reward=-1.0000 assigned=18/81 contradiction=True
Contradiction found after pos_2_0_0_2=1
Frontier expanded pos_2_0_0_2=5 from depth=6 -> reward=-1.0000 assigned=15/81 contradiction=True
Contradiction found after pos_2_0_0_2=5
Frontier expanded pos_1_2_2_0=7 from depth=6 -> reward=-1.0000 assigned=12/81 contradiction=True
Contradiction found after pos_1_2_2_0=7
Frontier expanded pos_1_2_0_1=7 from depth=6 -> reward=0.0123 assigned=10/81 contradiction=False
Frontier expanded pos_1_0_2_0=3 from depth=6 -> reward=0.0247 assigned=11/81 contradiction=False
Frontier expanded pos_1_1_2_2=1 from depth=7 -> reward=-1.0000 assigned=15/81 contradiction=True
Contradiction found after pos_1_1_2_2=1
Frontier expanded pos_1_1_2_2=5 from depth=7 -> reward=-1.0000 assigned=13/81 contradiction=True
Contradiction found after pos_1_1_2_2=5
Frontier expanded pos_1_2_0_1=5 from depth=7 -> reward=-1.0000 assigned=15/81 contradiction=True
Contradiction found after pos_1_2_0_1=5
Frontier expanded pos_1_2_2_0=1 from depth=7 -> reward=-1.0000 assigned=14/81 contradiction=True
Contradiction found after pos_1_2_2_0=1
Frontier expanded pos_1_2_2_0=5 from depth=7 -> reward=-1.0000 assigned=15/81 contradiction=True
Contradiction found after pos_1_2_2_0=5
Frontier expanded pos_2_0_0_2=1 from depth=7 -> reward=-1.0000 assigned=20/81 contradiction=True
Contradiction found after pos_2_0_0_2=1
Frontier expanded pos_2_0_0_2=5 from depth=7 -> reward=-1.0000 assigned=16/81 contradiction=True
Contradiction found after pos_2_0_0_2=5
Frontier expanded pos_2_0_1_1=1 from depth=7 -> reward=-1.0000 assigned=20/81 contradiction=True
Contradiction found after pos_2_0_1_1=1
Frontier expanded pos_2_0_1_1=5 from depth=7 -> reward=-1.0000 assigned=21/81 contradiction=True
Contradiction found after pos_2_0_1_1=5
Frontier expanded pos_2_0_1_1=3 from depth=7 -> reward=0.0123 assigned=11/81 contradiction=False
Frontier expanded pos_2_0_0_2=1 from depth=8 -> reward=-1.0000 assigned=23/81 contradiction=True
Contradiction found after pos_2_0_0_2=1
Frontier expanded pos_2_0_0_2=5 from depth=8 -> reward=-1.0000 assigned=18/81 contradiction=True
Contradiction found after pos_2_0_0_2=5
Frontier expanded pos_0_0_1_1=5 from depth=8 -> reward=-1.0000 assigned=17/81 contradiction=True
Contradiction found after pos_0_0_1_1=5
Frontier expanded pos_0_0_1_1=4 from depth=8 -> reward=0.0247 assigned=13/81 contradiction=False
Frontier expanded pos_1_0_2_0=3 from depth=8 -> reward=0.0247 assigned=13/81 contradiction=False
Frontier expanded pos_0_0_0_0=5 from depth=9 -> reward=-1.0000 assigned=18/81 contradiction=True
Contradiction found after pos_0_0_0_0=5
Frontier expanded pos_2_0_0_2=1 from depth=9 -> reward=-1.0000 assigned=26/81 contradiction=True
Contradiction found after pos_2_0_0_2=1
Frontier expanded pos_2_0_0_2=5 from depth=9 -> reward=-1.0000 assigned=21/81 contradiction=True
Contradiction found after pos_2_0_0_2=5
Frontier expanded pos_0_0_0_0=1 from depth=9 -> reward=0.0247 assigned=15/81 contradiction=False
Frontier expanded pos_1_0_2_0=7 from depth=9 -> reward=0.0370 assigned=16/81 contradiction=False
Frontier expanded pos_0_0_0_0=5 from depth=10 -> reward=-1.0000 assigned=21/81 contradiction=True
Contradiction found after pos_0_0_0_0=5
Frontier expanded pos_1_1_2_2=1 from depth=10 -> reward=-1.0000 assigned=19/81 contradiction=True
Contradiction found after pos_1_1_2_2=1
Frontier expanded pos_1_1_2_2=5 from depth=10 -> reward=-1.0000 assigned=23/81 contradiction=True
Contradiction found after pos_1_1_2_2=5
Frontier expanded pos_1_2_2_0=1 from depth=10 -> reward=-1.0000 assigned=18/81 contradiction=True
Contradiction found after pos_1_2_2_0=1
Frontier expanded pos_1_2_2_0=5 from depth=10 -> reward=-1.0000 assigned=18/81 contradiction=True
Contradiction found after pos_1_2_2_0=5
Frontier expanded pos_0_0_0_1=6 from depth=10 -> reward=-1.0000 assigned=19/81 contradiction=True
Contradiction found after pos_0_0_0_1=6
Frontier expanded pos_0_0_0_2=5 from depth=10 -> reward=-1.0000 assigned=19/81 contradiction=True
Contradiction found after pos_0_0_0_2=5
Frontier expanded pos_0_0_0_1=5 from depth=10 -> reward=0.0247 assigned=17/81 contradiction=False
Frontier expanded pos_0_0_0_2=6 from depth=10 -> reward=0.0247 assigned=17/81 contradiction=False
Frontier expanded pos_1_0_2_0=7 from depth=10 -> reward=0.0370 assigned=18/81 contradiction=False
Frontier expanded pos_0_0_0_1=6 from depth=11 -> reward=-1.0000 assigned=22/81 contradiction=True
Contradiction found after pos_0_0_0_1=6
Frontier expanded pos_0_0_0_2=5 from depth=11 -> reward=-1.0000 assigned=22/81 contradiction=True
Contradiction found after pos_0_0_0_2=5
Frontier expanded pos_1_1_2_2=1 from depth=11 -> reward=-1.0000 assigned=21/81 contradiction=True
Contradiction found after pos_1_1_2_2=1
Frontier expanded pos_1_1_2_2=5 from depth=11 -> reward=-1.0000 assigned=27/81 contradiction=True
Contradiction found after pos_1_1_2_2=5
Frontier expanded pos_1_2_2_0=1 from depth=11 -> reward=-1.0000 assigned=20/81 contradiction=True
Contradiction found after pos_1_2_2_0=1
Frontier expanded pos_0_1_0_1=8 from depth=11 -> reward=-1.0000 assigned=25/81 contradiction=True
Contradiction found after pos_0_1_0_1=8
Frontier expanded pos_0_2_0_0=4 from depth=11 -> reward=-1.0000 assigned=25/81 contradiction=True
Contradiction found after pos_0_2_0_0=4
Frontier expanded pos_1_2_2_0=5 from depth=11 -> reward=-1.0000 assigned=22/81 contradiction=True
Contradiction found after pos_1_2_2_0=5
Frontier expanded pos_0_1_0_1=4 from depth=11 -> reward=0.0247 assigned=19/81 contradiction=False
Frontier expanded pos_0_2_0_0=8 from depth=11 -> reward=0.0247 assigned=19/81 contradiction=False
Frontier expanded pos_1_2_2_0=5 from depth=12 -> reward=-1.0000 assigned=25/81 contradiction=True
Contradiction found after pos_1_2_2_0=5
Frontier expanded pos_0_2_1_0=2 from depth=12 -> reward=0.0247 assigned=21/81 contradiction=False
Frontier expanded pos_0_2_1_0=6 from depth=12 -> reward=0.0247 assigned=21/81 contradiction=False
Frontier expanded pos_0_2_1_2=2 from depth=12 -> reward=0.0247 assigned=21/81 contradiction=False
Frontier expanded pos_0_2_1_2=6 from depth=12 -> reward=0.0247 assigned=21/81 contradiction=False
Frontier expanded pos_1_2_2_0=5 from depth=13 -> reward=-1.0000 assigned=27/81 contradiction=True
Contradiction found after pos_1_2_2_0=5
Frontier expanded pos_0_0_1_2=3 from depth=13 -> reward=0.0247 assigned=23/81 contradiction=False
Frontier expanded pos_0_1_1_2=8 from depth=13 -> reward=0.0247 assigned=23/81 contradiction=False
Frontier expanded pos_1_0_2_0=3 from depth=13 -> reward=0.0247 assigned=23/81 contradiction=False
Frontier expanded pos_1_0_2_1=7 from depth=13 -> reward=0.0247 assigned=23/81 contradiction=False
Frontier expanded pos_0_1_2_0=0 from depth=14 -> reward=-1.0000 assigned=31/81 contradiction=True
Contradiction found after pos_0_1_2_0=0
Frontier expanded pos_0_1_2_0=6 from depth=14 -> reward=-1.0000 assigned=28/81 contradiction=True
Contradiction found after pos_0_1_2_0=6
Frontier expanded pos_0_2_2_0=1 from depth=14 -> reward=-1.0000 assigned=31/81 contradiction=True
Contradiction found after pos_0_2_2_0=1
Frontier expanded pos_0_2_2_0=5 from depth=14 -> reward=-1.0000 assigned=28/81 contradiction=True
Contradiction found after pos_0_2_2_0=5
Frontier expanded pos_1_0_2_2=6 from depth=14 -> reward=0.0247 assigned=25/81 contradiction=False
Frontier expanded pos_0_1_2_0=0 from depth=15 -> reward=-1.0000 assigned=32/81 contradiction=True
Contradiction found after pos_0_1_2_0=0
Frontier expanded pos_0_1_2_0=6 from depth=15 -> reward=-1.0000 assigned=35/81 contradiction=True
Contradiction found after pos_0_1_2_0=6
Frontier expanded pos_0_2_2_0=1 from depth=15 -> reward=-1.0000 assigned=32/81 contradiction=True
Contradiction found after pos_0_2_2_0=1
Frontier expanded pos_0_2_2_0=5 from depth=15 -> reward=-1.0000 assigned=34/81 contradiction=True
Contradiction found after pos_0_2_2_0=5
Frontier expanded pos_0_0_2_0=7 from depth=15 -> reward=0.0123 assigned=26/81 contradiction=False
Frontier expanded pos_0_0_1_2=8 from depth=16 -> reward=-1.0000 assigned=36/81 contradiction=True
Contradiction found after pos_0_0_1_2=8
Frontier expanded pos_0_1_1_2=3 from depth=16 -> reward=-1.0000 assigned=36/81 contradiction=True
Contradiction found after pos_0_1_1_2=3
Frontier expanded pos_0_1_2_0=0 from depth=16 -> reward=-1.0000 assigned=37/81 contradiction=True
Contradiction found after pos_0_1_2_0=0
Frontier expanded pos_0_1_2_0=6 from depth=16 -> reward=-1.0000 assigned=31/81 contradiction=True
Contradiction found after pos_0_1_2_0=6
Frontier expanded pos_0_2_2_0=1 from depth=16 -> reward=-1.0000 assigned=37/81 contradiction=True
Contradiction found after pos_0_2_2_0=1
Frontier expanded pos_1_0_2_0=7 from depth=14 -> reward=-1.0000 assigned=34/81 contradiction=True
Contradiction found after pos_1_0_2_0=7
Frontier expanded pos_1_0_2_1=3 from depth=14 -> reward=-1.0000 assigned=34/81 contradiction=True
Contradiction found after pos_1_0_2_1=3
Frontier expanded pos_1_2_2_0=5 from depth=14 -> reward=-1.0000 assigned=29/81 contradiction=True
Contradiction found after pos_1_2_2_0=5
Frontier expanded pos_2_0_0_0=5 from depth=14 -> reward=-1.0000 assigned=31/81 contradiction=True
Contradiction found after pos_2_0_0_0=5
Frontier expanded pos_2_0_0_0=7 from depth=14 -> reward=-1.0000 assigned=31/81 contradiction=True
Contradiction found after pos_2_0_0_0=7
Frontier expanded pos_1_2_2_0=5 from depth=13 -> reward=-1.0000 assigned=27/81 contradiction=True
Contradiction found after pos_1_2_2_0=5
Frontier expanded pos_0_0_1_2=3 from depth=13 -> reward=0.0247 assigned=23/81 contradiction=False
Frontier expanded pos_0_1_1_2=8 from depth=13 -> reward=0.0247 assigned=23/81 contradiction=False
Frontier expanded pos_1_0_2_0=3 from depth=13 -> reward=0.0247 assigned=23/81 contradiction=False
Frontier expanded pos_1_0_2_1=7 from depth=13 -> reward=0.0247 assigned=23/81 contradiction=False
Frontier expanded pos_0_1_2_0=0 from depth=14 -> reward=-1.0000 assigned=31/81 contradiction=True
Contradiction found after pos_0_1_2_0=0
Frontier expanded pos_0_1_2_0=6 from depth=14 -> reward=-1.0000 assigned=28/81 contradiction=True
Contradiction found after pos_0_1_2_0=6
Frontier expanded pos_0_2_2_0=1 from depth=14 -> reward=-1.0000 assigned=31/81 contradiction=True
Contradiction found after pos_0_2_2_0=1
Frontier expanded pos_0_2_2_0=5 from depth=14 -> reward=-1.0000 assigned=28/81 contradiction=True
Contradiction found after pos_0_2_2_0=5
Frontier expanded pos_1_0_2_2=6 from depth=14 -> reward=0.0247 assigned=25/81 contradiction=False
Frontier expanded pos_0_1_2_0=0 from depth=15 -> reward=-1.0000 assigned=32/81 contradiction=True
Contradiction found after pos_0_1_2_0=0
Frontier expanded pos_0_1_2_0=6 from depth=15 -> reward=-1.0000 assigned=34/81 contradiction=True
Contradiction found after pos_0_1_2_0=6
Frontier expanded pos_0_2_2_0=1 from depth=15 -> reward=-1.0000 assigned=32/81 contradiction=True
Contradiction found after pos_0_2_2_0=1
Frontier expanded pos_0_2_2_0=5 from depth=15 -> reward=-1.0000 assigned=34/81 contradiction=True
Contradiction found after pos_0_2_2_0=5
Frontier expanded pos_0_0_2_0=7 from depth=15 -> reward=0.0123 assigned=26/81 contradiction=False
Frontier expanded pos_0_0_1_2=8 from depth=16 -> reward=-1.0000 assigned=36/81 contradiction=True
Contradiction found after pos_0_0_1_2=8
Frontier expanded pos_0_1_1_2=3 from depth=16 -> reward=-1.0000 assigned=36/81 contradiction=True
Contradiction found after pos_0_1_1_2=3
Frontier expanded pos_0_1_2_0=0 from depth=16 -> reward=-1.0000 assigned=37/81 contradiction=True
Contradiction found after pos_0_1_2_0=0
Frontier expanded pos_0_1_2_0=6 from depth=16 -> reward=-1.0000 assigned=31/81 contradiction=True
Contradiction found after pos_0_1_2_0=6
Frontier expanded pos_0_2_2_0=1 from depth=16 -> reward=-1.0000 assigned=37/81 contradiction=True
Contradiction found after pos_0_2_2_0=1
Frontier expanded pos_1_0_2_0=7 from depth=14 -> reward=-1.0000 assigned=34/81 contradiction=True
Contradiction found after pos_1_0_2_0=7
Frontier expanded pos_1_0_2_1=3 from depth=14 -> reward=-1.0000 assigned=34/81 contradiction=True
Contradiction found after pos_1_0_2_1=3
Frontier expanded pos_1_2_2_0=5 from depth=14 -> reward=-1.0000 assigned=29/81 contradiction=True
Contradiction found after pos_1_2_2_0=5
Frontier expanded pos_2_0_0_0=5 from depth=14 -> reward=-1.0000 assigned=31/81 contradiction=True
Contradiction found after pos_2_0_0_0=5
Frontier expanded pos_2_0_0_0=7 from depth=14 -> reward=-1.0000 assigned=29/81 contradiction=True
Contradiction found after pos_2_0_0_0=7
Frontier expanded pos_1_1_2_2=1 from depth=9 -> reward=-1.0000 assigned=16/81 contradiction=True
Contradiction found after pos_1_1_2_2=1
Frontier expanded pos_1_1_2_2=5 from depth=9 -> reward=-1.0000 assigned=20/81 contradiction=True
Contradiction found after pos_1_1_2_2=5
Frontier expanded pos_1_2_2_0=1 from depth=9 -> reward=-1.0000 assigned=16/81 contradiction=True
Contradiction found after pos_1_2_2_0=1
Frontier expanded pos_1_2_2_0=5 from depth=9 -> reward=-1.0000 assigned=16/81 contradiction=True
Contradiction found after pos_1_2_2_0=5
Frontier expanded pos_2_0_0_2=1 from depth=9 -> reward=-1.0000 assigned=28/81 contradiction=True
Contradiction found after pos_2_0_0_2=1
Frontier expanded pos_1_2_0_1=5 from depth=6 -> reward=-1.0000 assigned=15/81 contradiction=True
Contradiction found after pos_1_2_0_1=5
Frontier expanded pos_2_0_0_2=1 from depth=6 -> reward=-1.0000 assigned=17/81 contradiction=True
Contradiction found after pos_2_0_0_2=1
Frontier expanded pos_2_0_0_2=5 from depth=6 -> reward=-1.0000 assigned=17/81 contradiction=True
Contradiction found after pos_2_0_0_2=5
Frontier expanded pos_1_2_0_1=7 from depth=6 -> reward=0.0123 assigned=9/81 contradiction=False
Frontier expanded pos_0_1_1_0=0 from depth=6 -> reward=0.0123 assigned=9/81 contradiction=False
Frontier expanded pos_2_0_0_2=1 from depth=7 -> reward=-1.0000 assigned=19/81 contradiction=True
Contradiction found after pos_2_0_0_2=1
Frontier expanded pos_2_0_0_2=5 from depth=7 -> reward=-1.0000 assigned=17/81 contradiction=True
Contradiction found after pos_2_0_0_2=5
Frontier expanded pos_0_1_1_0=0 from depth=7 -> reward=0.0123 assigned=10/81 contradiction=False
Frontier expanded pos_0_1_1_0=2 from depth=7 -> reward=0.0123 assigned=10/81 contradiction=False
Frontier expanded pos_1_0_2_0=7 from depth=7 -> reward=0.0370 assigned=12/81 contradiction=False
Frontier expanded pos_1_1_2_2=1 from depth=8 -> reward=-1.0000 assigned=15/81 contradiction=True
Contradiction found after pos_1_1_2_2=1
Frontier expanded pos_1_1_2_2=5 from depth=8 -> reward=-1.0000 assigned=20/81 contradiction=True
Contradiction found after pos_1_1_2_2=5
Frontier expanded pos_1_2_2_0=1 from depth=8 -> reward=-1.0000 assigned=14/81 contradiction=True
Contradiction found after pos_1_2_2_0=1
Frontier expanded pos_1_2_2_0=5 from depth=8 -> reward=-1.0000 assigned=14/81 contradiction=True
Contradiction found after pos_1_2_2_0=5
Frontier expanded pos_2_0_0_2=1 from depth=8 -> reward=-1.0000 assigned=19/81 contradiction=True
Contradiction found after pos_2_0_0_2=1
Frontier expanded pos_2_0_0_2=1 from depth=8 -> reward=-1.0000 assigned=20/81 contradiction=True
Contradiction found after pos_2_0_0_2=1
Frontier expanded pos_2_0_0_2=5 from depth=8 -> reward=-1.0000 assigned=18/81 contradiction=True
Contradiction found after pos_2_0_0_2=5
Frontier expanded pos_0_0_0_1=4 from depth=8 -> reward=-1.0000 assigned=16/81 contradiction=True
Contradiction found after pos_0_0_0_1=4
Frontier expanded pos_0_0_0_1=6 from depth=8 -> reward=-1.0000 assigned=16/81 contradiction=True
Contradiction found after pos_0_0_0_1=6
Frontier expanded pos_0_0_0_1=5 from depth=8 -> reward=0.0370 assigned=13/81 contradiction=False
Frontier expanded pos_1_2_2_0=5 from depth=9 -> reward=-1.0000 assigned=15/81 contradiction=True
Contradiction found after pos_1_2_2_0=5
Frontier expanded pos_2_0_0_2=1 from depth=9 -> reward=-1.0000 assigned=19/81 contradiction=True
Contradiction found after pos_2_0_0_2=1
Frontier expanded pos_2_0_0_2=5 from depth=9 -> reward=-1.0000 assigned=17/81 contradiction=True
Contradiction found after pos_2_0_0_2=5
Frontier expanded pos_1_0_2_0=3 from depth=9 -> reward=0.0247 assigned=15/81 contradiction=False
Frontier expanded pos_1_0_2_1=7 from depth=9 -> reward=0.0247 assigned=15/81 contradiction=False
Frontier expanded pos_1_1_2_2=1 from depth=10 -> reward=-1.0000 assigned=19/81 contradiction=True
Contradiction found after pos_1_1_2_2=1
Frontier expanded pos_1_1_2_2=5 from depth=10 -> reward=-1.0000 assigned=20/81 contradiction=True
Contradiction found after pos_1_1_2_2=5
Frontier expanded pos_1_2_2_0=1 from depth=10 -> reward=-1.0000 assigned=18/81 contradiction=True
Contradiction found after pos_1_2_2_0=1
Frontier expanded pos_1_2_2_0=5 from depth=10 -> reward=-1.0000 assigned=20/81 contradiction=True
Contradiction found after pos_1_2_2_0=5
Frontier expanded pos_2_0_0_2=1 from depth=10 -> reward=-1.0000 assigned=25/81 contradiction=True
Contradiction found after pos_2_0_0_2=1
Frontier expanded pos_2_0_0_2=1 from depth=8 -> reward=-1.0000 assigned=20/81 contradiction=True
Contradiction found after pos_2_0_0_2=1
Frontier expanded pos_2_0_0_2=5 from depth=8 -> reward=-1.0000 assigned=18/81 contradiction=True
Contradiction found after pos_2_0_0_2=5
Frontier expanded pos_0_0_0_1=4 from depth=8 -> reward=-1.0000 assigned=16/81 contradiction=True
Contradiction found after pos_0_0_0_1=4
Frontier expanded pos_0_0_0_1=6 from depth=8 -> reward=-1.0000 assigned=16/81 contradiction=True
Contradiction found after pos_0_0_0_1=6
Frontier expanded pos_0_0_0_1=5 from depth=8 -> reward=0.0370 assigned=13/81 contradiction=False
Frontier expanded pos_1_2_2_0=5 from depth=9 -> reward=-1.0000 assigned=15/81 contradiction=True
Contradiction found after pos_1_2_2_0=5
Frontier expanded pos_2_0_0_2=1 from depth=9 -> reward=-1.0000 assigned=19/81 contradiction=True
Contradiction found after pos_2_0_0_2=1
Frontier expanded pos_2_0_0_2=5 from depth=9 -> reward=-1.0000 assigned=17/81 contradiction=True
Contradiction found after pos_2_0_0_2=5
Frontier expanded pos_1_0_2_0=7 from depth=9 -> reward=0.0370 assigned=16/81 contradiction=False
Frontier expanded pos_1_0_2_1=3 from depth=9 -> reward=0.0370 assigned=16/81 contradiction=False
Frontier expanded pos_1_1_2_2=1 from depth=10 -> reward=-1.0000 assigned=19/81 contradiction=True
Contradiction found after pos_1_1_2_2=1
Frontier expanded pos_1_1_2_2=5 from depth=10 -> reward=-1.0000 assigned=21/81 contradiction=True
Contradiction found after pos_1_1_2_2=5
Frontier expanded pos_1_2_2_0=1 from depth=10 -> reward=-1.0000 assigned=18/81 contradiction=True
Contradiction found after pos_1_2_2_0=1
Frontier expanded pos_1_2_2_0=5 from depth=10 -> reward=-1.0000 assigned=19/81 contradiction=True
Contradiction found after pos_1_2_2_0=5
Frontier expanded pos_2_0_0_2=1 from depth=10 -> reward=-1.0000 assigned=21/81 contradiction=True
Contradiction found after pos_2_0_0_2=1
Frontier expanded pos_1_2_0_1=5 from depth=7 -> reward=-1.0000 assigned=16/81 contradiction=True
Contradiction found after pos_1_2_0_1=5
Frontier expanded pos_2_0_0_2=1 from depth=7 -> reward=-1.0000 assigned=18/81 contradiction=True
Contradiction found after pos_2_0_0_2=1
Frontier expanded pos_2_0_0_2=5 from depth=7 -> reward=-1.0000 assigned=18/81 contradiction=True
Contradiction found after pos_2_0_0_2=5
Frontier expanded pos_0_0_0_1=4 from depth=7 -> reward=-1.0000 assigned=15/81 contradiction=True
Contradiction found after pos_0_0_0_1=4
Frontier expanded pos_0_0_0_1=6 from depth=7 -> reward=-1.0000 assigned=15/81 contradiction=True
Contradiction found after pos_0_0_0_1=6
Frontier expanded pos_2_0_0_2=1 from depth=5 -> reward=-1.0000 assigned=15/81 contradiction=True
Contradiction found after pos_2_0_0_2=1
Frontier expanded pos_2_0_0_2=5 from depth=5 -> reward=-1.0000 assigned=13/81 contradiction=True
Contradiction found after pos_2_0_0_2=5
Frontier expanded pos_1_2_2_0=3 from depth=5 -> reward=-1.0000 assigned=10/81 contradiction=True
Contradiction found after pos_1_2_2_0=3
Frontier expanded pos_1_2_1_0=3 from depth=5 -> reward=0.0123 assigned=8/81 contradiction=False
Frontier expanded pos_1_0_2_0=3 from depth=5 -> reward=0.0247 assigned=9/81 contradiction=False
Frontier expanded pos_1_1_2_2=1 from depth=6 -> reward=-1.0000 assigned=11/81 contradiction=True
Contradiction found after pos_1_1_2_2=1
Frontier expanded pos_1_1_2_2=5 from depth=6 -> reward=-1.0000 assigned=16/81 contradiction=True
Contradiction found after pos_1_1_2_2=5
Frontier expanded pos_1_2_1_0=1 from depth=6 -> reward=-1.0000 assigned=12/81 contradiction=True
Contradiction found after pos_1_2_1_0=1
Frontier expanded pos_1_2_2_0=1 from depth=6 -> reward=-1.0000 assigned=13/81 contradiction=True
Contradiction found after pos_1_2_2_0=1
Frontier expanded pos_1_2_2_0=5 from depth=6 -> reward=-1.0000 assigned=11/81 contradiction=True
Contradiction found after pos_1_2_2_0=5
Frontier expanded pos_2_0_0_2=1 from depth=6 -> reward=-1.0000 assigned=16/81 contradiction=True
Contradiction found after pos_2_0_0_2=1
Frontier expanded pos_2_0_0_2=5 from depth=6 -> reward=-1.0000 assigned=14/81 contradiction=True
Contradiction found after pos_2_0_0_2=5
Frontier expanded pos_0_0_1_0=1 from depth=6 -> reward=0.0123 assigned=9/81 contradiction=False
Frontier expanded pos_0_0_1_0=0 from depth=6 -> reward=0.0247 assigned=10/81 contradiction=False
Frontier expanded pos_0_0_1_0=2 from depth=6 -> reward=0.0247 assigned=10/81 contradiction=False
Frontier expanded pos_2_0_0_2=1 from depth=7 -> reward=-1.0000 assigned=20/81 contradiction=True
Contradiction found after pos_2_0_0_2=1
Frontier expanded pos_2_0_0_2=5 from depth=7 -> reward=-1.0000 assigned=18/81 contradiction=True
Contradiction found after pos_2_0_0_2=5
Frontier expanded pos_0_0_0_1=4 from depth=7 -> reward=-1.0000 assigned=16/81 contradiction=True
Contradiction found after pos_0_0_0_1=4
Frontier expanded pos_0_0_0_1=6 from depth=7 -> reward=-1.0000 assigned=16/81 contradiction=True
Contradiction found after pos_0_0_0_1=6
Frontier expanded pos_0_0_0_1=5 from depth=7 -> reward=0.0370 assigned=13/81 contradiction=False
Frontier expanded pos_1_2_2_0=5 from depth=8 -> reward=-1.0000 assigned=15/81 contradiction=True
Contradiction found after pos_1_2_2_0=5
Frontier expanded pos_2_0_0_2=1 from depth=8 -> reward=-1.0000 assigned=19/81 contradiction=True
Contradiction found after pos_2_0_0_2=1
Frontier expanded pos_2_0_0_2=5 from depth=8 -> reward=-1.0000 assigned=17/81 contradiction=True
Contradiction found after pos_2_0_0_2=5
Frontier expanded pos_1_0_2_0=3 from depth=8 -> reward=0.0247 assigned=15/81 contradiction=False
Frontier expanded pos_1_0_2_1=7 from depth=8 -> reward=0.0247 assigned=15/81 contradiction=False
Frontier expanded pos_1_1_2_2=1 from depth=9 -> reward=-1.0000 assigned=19/81 contradiction=True
Contradiction found after pos_1_1_2_2=1
Frontier expanded pos_1_1_2_2=5 from depth=9 -> reward=-1.0000 assigned=20/81 contradiction=True
Contradiction found after pos_1_1_2_2=5
Frontier expanded pos_1_2_2_0=1 from depth=9 -> reward=-1.0000 assigned=18/81 contradiction=True
Contradiction found after pos_1_2_2_0=1
Frontier expanded pos_1_2_2_0=5 from depth=9 -> reward=-1.0000 assigned=20/81 contradiction=True
Contradiction found after pos_1_2_2_0=5
Frontier expanded pos_2_0_0_2=1 from depth=9 -> reward=-1.0000 assigned=25/81 contradiction=True
Contradiction found after pos_2_0_0_2=1
Frontier expanded pos_2_0_0_2=1 from depth=4 -> reward=-1.0000 assigned=15/81 contradiction=True
Contradiction found after pos_2_0_0_2=1
Frontier expanded pos_2_0_0_2=5 from depth=4 -> reward=-1.0000 assigned=12/81 contradiction=True
Contradiction found after pos_2_0_0_2=5
Frontier expanded pos_1_2_0_1=3 from depth=4 -> reward=0.0123 assigned=7/81 contradiction=False
Frontier expanded pos_1_2_0_1=7 from depth=4 -> reward=0.0123 assigned=7/81 contradiction=False
Frontier expanded pos_1_2_1_0=3 from depth=4 -> reward=0.0123 assigned=7/81 contradiction=False
Frontier expanded pos_2_0_0_2=1 from depth=5 -> reward=-1.0000 assigned=17/81 contradiction=True
Contradiction found after pos_2_0_0_2=1
Frontier expanded pos_2_0_0_2=5 from depth=5 -> reward=-1.0000 assigned=8/81 contradiction=True
Contradiction found after pos_2_0_0_2=5
Frontier expanded pos_2_2_0_1=2 from depth=5 -> reward=-1.0000 assigned=18/81 contradiction=True
Contradiction found after pos_2_2_0_1=2
Frontier expanded pos_2_2_0_1=5 from depth=5 -> reward=-1.0000 assigned=11/81 contradiction=True
Contradiction found after pos_2_2_0_1=5
Frontier expanded pos_1_2_1_0=7 from depth=5 -> reward=0.0123 assigned=8/81 contradiction=False
Frontier expanded pos_2_0_0_2=1 from depth=6 -> reward=-1.0000 assigned=18/81 contradiction=True
Contradiction found after pos_2_0_0_2=1
Frontier expanded pos_2_0_0_2=5 from depth=6 -> reward=-1.0000 assigned=9/81 contradiction=True
Contradiction found after pos_2_0_0_2=5
Frontier expanded pos_2_2_0_1=2 from depth=6 -> reward=-1.0000 assigned=19/81 contradiction=True
Contradiction found after pos_2_2_0_1=2
Frontier expanded pos_2_2_0_1=5 from depth=6 -> reward=-1.0000 assigned=12/81 contradiction=True
Contradiction found after pos_2_2_0_1=5
Frontier expanded pos_1_0_2_0=3 from depth=6 -> reward=0.0247 assigned=10/81 contradiction=False
Frontier expanded pos_1_1_2_2=1 from depth=7 -> reward=-1.0000 assigned=12/81 contradiction=True
Contradiction found after pos_1_1_2_2=1
Frontier expanded pos_1_1_2_2=5 from depth=7 -> reward=-1.0000 assigned=18/81 contradiction=True
Contradiction found after pos_1_1_2_2=5
Frontier expanded pos_1_2_2_0=1 from depth=7 -> reward=-1.0000 assigned=13/81 contradiction=True
Contradiction found after pos_1_2_2_0=1
Frontier expanded pos_1_2_2_0=5 from depth=7 -> reward=-1.0000 assigned=12/81 contradiction=True
Contradiction found after pos_1_2_2_0=5
Frontier expanded pos_2_0_0_2=1 from depth=7 -> reward=-1.0000 assigned=23/81 contradiction=True
Contradiction found after pos_2_0_0_2=1
Frontier expanded pos_2_0_0_2=1 from depth=5 -> reward=-1.0000 assigned=15/81 contradiction=True
Contradiction found after pos_2_0_0_2=1
Frontier expanded pos_2_0_0_2=5 from depth=5 -> reward=-1.0000 assigned=13/81 contradiction=True
Contradiction found after pos_2_0_0_2=5
Frontier expanded pos_1_2_2_0=7 from depth=5 -> reward=-1.0000 assigned=10/81 contradiction=True
Contradiction found after pos_1_2_2_0=7
Frontier expanded pos_1_2_0_1=7 from depth=5 -> reward=0.0123 assigned=8/81 contradiction=False
Frontier expanded pos_1_0_2_0=3 from depth=5 -> reward=0.0247 assigned=9/81 contradiction=False
Frontier expanded pos_1_1_2_2=1 from depth=6 -> reward=-1.0000 assigned=12/81 contradiction=True
Contradiction found after pos_1_1_2_2=1
Frontier expanded pos_1_1_2_2=5 from depth=6 -> reward=-1.0000 assigned=11/81 contradiction=True
Contradiction found after pos_1_1_2_2=5
Frontier expanded pos_1_2_0_1=5 from depth=6 -> reward=-1.0000 assigned=12/81 contradiction=True
Contradiction found after pos_1_2_0_1=5
Frontier expanded pos_1_2_2_0=1 from depth=6 -> reward=-1.0000 assigned=12/81 contradiction=True
Contradiction found after pos_1_2_2_0=1
Frontier expanded pos_1_2_2_0=5 from depth=6 -> reward=-1.0000 assigned=12/81 contradiction=True
Contradiction found after pos_1_2_2_0=5
Frontier expanded pos_2_0_0_2=1 from depth=6 -> reward=-1.0000 assigned=18/81 contradiction=True
Contradiction found after pos_2_0_0_2=1
Frontier expanded pos_2_0_0_2=5 from depth=6 -> reward=-1.0000 assigned=14/81 contradiction=True
Contradiction found after pos_2_0_0_2=5
Frontier expanded pos_2_0_1_1=1 from depth=6 -> reward=-1.0000 assigned=16/81 contradiction=True
Contradiction found after pos_2_0_1_1=1
Frontier expanded pos_2_0_1_1=7 from depth=6 -> reward=0.0494 assigned=12/81 contradiction=False
Frontier expanded pos_2_0_1_1=3 from depth=6 -> reward=0.0123 assigned=9/81 contradiction=False
Frontier expanded pos_2_0_0_2=1 from depth=7 -> reward=-1.0000 assigned=15/81 contradiction=True
Contradiction found after pos_2_0_0_2=1
Frontier expanded pos_2_0_0_2=5 from depth=7 -> reward=-1.0000 assigned=15/81 contradiction=True
Contradiction found after pos_2_0_0_2=5
Frontier expanded pos_1_0_2_0=7 from depth=7 -> reward=0.0741 assigned=18/81 contradiction=False
Frontier expanded pos_1_0_2_1=3 from depth=7 -> reward=0.0741 assigned=18/81 contradiction=False
Frontier expanded pos_0_2_1_0=6 from depth=7 -> reward=0.0123 assigned=13/81 contradiction=False
Frontier expanded pos_1_1_2_2=1 from depth=8 -> reward=-1.0000 assigned=22/81 contradiction=True
Contradiction found after pos_1_1_2_2=1
Frontier expanded pos_1_1_2_2=5 from depth=8 -> reward=-1.0000 assigned=25/81 contradiction=True
Contradiction found after pos_1_1_2_2=5
Frontier expanded pos_1_2_2_0=1 from depth=8 -> reward=-1.0000 assigned=21/81 contradiction=True
Contradiction found after pos_1_2_2_0=1
Frontier expanded pos_1_2_2_0=5 from depth=8 -> reward=-1.0000 assigned=20/81 contradiction=True
Contradiction found after pos_1_2_2_0=5
Frontier expanded pos_2_0_0_2=1 from depth=8 -> reward=-1.0000 assigned=21/81 contradiction=True
Contradiction found after pos_2_0_0_2=1
Frontier expanded pos_2_0_0_2=1 from depth=8 -> reward=-1.0000 assigned=16/81 contradiction=True
Contradiction found after pos_2_0_0_2=1
Frontier expanded pos_2_0_0_2=5 from depth=8 -> reward=-1.0000 assigned=16/81 contradiction=True
Contradiction found after pos_2_0_0_2=5
Frontier expanded pos_1_0_2_0=7 from depth=8 -> reward=0.0741 assigned=19/81 contradiction=False
Frontier expanded pos_1_0_2_1=3 from depth=8 -> reward=0.0741 assigned=19/81 contradiction=False
Frontier expanded pos_1_0_2_0=3 from depth=8 -> reward=0.0247 assigned=15/81 contradiction=False
Frontier expanded pos_1_1_2_2=1 from depth=9 -> reward=-1.0000 assigned=23/81 contradiction=True
Contradiction found after pos_1_1_2_2=1
Frontier expanded pos_1_1_2_2=5 from depth=9 -> reward=-1.0000 assigned=26/81 contradiction=True
Contradiction found after pos_1_1_2_2=5
Frontier expanded pos_1_2_2_0=1 from depth=9 -> reward=-1.0000 assigned=22/81 contradiction=True
Contradiction found after pos_1_2_2_0=1
Frontier expanded pos_1_2_2_0=5 from depth=9 -> reward=-1.0000 assigned=21/81 contradiction=True
Contradiction found after pos_1_2_2_0=5
Frontier expanded pos_2_0_0_2=1 from depth=9 -> reward=-1.0000 assigned=22/81 contradiction=True
Contradiction found after pos_2_0_0_2=1
Frontier expanded pos_1_1_2_2=1 from depth=9 -> reward=-1.0000 assigned=17/81 contradiction=True
Contradiction found after pos_1_1_2_2=1
Frontier expanded pos_1_1_2_2=5 from depth=9 -> reward=-1.0000 assigned=22/81 contradiction=True
Contradiction found after pos_1_1_2_2=5
Frontier expanded pos_1_2_2_0=1 from depth=9 -> reward=-1.0000 assigned=18/81 contradiction=True
Contradiction found after pos_1_2_2_0=1
Frontier expanded pos_1_2_2_0=5 from depth=9 -> reward=-1.0000 assigned=17/81 contradiction=True
Contradiction found after pos_1_2_2_0=5
Frontier expanded pos_2_0_0_2=1 from depth=9 -> reward=-1.0000 assigned=18/81 contradiction=True
Contradiction found after pos_2_0_0_2=1
Frontier expanded pos_2_0_0_2=1 from depth=7 -> reward=-1.0000 assigned=21/81 contradiction=True
Contradiction found after pos_2_0_0_2=1
Frontier expanded pos_2_0_0_2=5 from depth=7 -> reward=-1.0000 assigned=15/81 contradiction=True
Contradiction found after pos_2_0_0_2=5
Frontier expanded pos_2_0_0_0=1 from depth=7 -> reward=-1.0000 assigned=17/81 contradiction=True
Contradiction found after pos_2_0_0_0=1
Frontier expanded pos_2_0_0_0=5 from depth=7 -> reward=-1.0000 assigned=14/81 contradiction=True
Contradiction found after pos_2_0_0_0=5
Frontier expanded pos_2_0_0_0=7 from depth=7 -> reward=0.0123 assigned=10/81 contradiction=False
Frontier expanded pos_2_0_0_2=1 from depth=8 -> reward=-1.0000 assigned=19/81 contradiction=True
Contradiction found after pos_2_0_0_2=1
Frontier expanded pos_2_0_0_2=5 from depth=8 -> reward=-1.0000 assigned=15/81 contradiction=True
Contradiction found after pos_2_0_0_2=5
Frontier expanded pos_1_0_2_0=7 from depth=8 -> reward=0.1235 assigned=20/81 contradiction=False
Frontier expanded pos_1_0_2_1=3 from depth=8 -> reward=0.1235 assigned=20/81 contradiction=False
Frontier expanded pos_2_0_0_1=6 from depth=8 -> reward=0.0370 assigned=13/81 contradiction=False
Frontier expanded pos_1_1_2_2=1 from depth=9 -> reward=-1.0000 assigned=23/81 contradiction=True
Contradiction found after pos_1_1_2_2=1
Frontier expanded pos_1_1_2_2=5 from depth=9 -> reward=-1.0000 assigned=27/81 contradiction=True
Contradiction found after pos_1_1_2_2=5
Frontier expanded pos_1_2_2_0=1 from depth=9 -> reward=-1.0000 assigned=22/81 contradiction=True
Contradiction found after pos_1_2_2_0=1
Frontier expanded pos_1_2_2_0=5 from depth=9 -> reward=-1.0000 assigned=22/81 contradiction=True
Contradiction found after pos_1_2_2_0=5
Frontier expanded pos_2_0_0_2=1 from depth=9 -> reward=-1.0000 assigned=29/81 contradiction=True
Contradiction found after pos_2_0_0_2=1
Frontier expanded pos_2_0_0_2=1 from depth=9 -> reward=-1.0000 assigned=27/81 contradiction=True
Contradiction found after pos_2_0_0_2=1
Frontier expanded pos_2_0_0_2=5 from depth=9 -> reward=-1.0000 assigned=18/81 contradiction=True
Contradiction found after pos_2_0_0_2=5
Frontier expanded pos_0_0_0_1=2 from depth=9 -> reward=-1.0000 assigned=17/81 contradiction=True
Contradiction found after pos_0_0_0_1=2
Frontier expanded pos_0_0_0_1=4 from depth=9 -> reward=-1.0000 assigned=20/81 contradiction=True
Contradiction found after pos_0_0_0_1=4
Frontier expanded pos_1_0_2_0=7 from depth=9 -> reward=0.0864 assigned=20/81 contradiction=False
Frontier expanded pos_2_0_0_2=1 from depth=5 -> reward=-1.0000 assigned=17/81 contradiction=True
Contradiction found after pos_2_0_0_2=1
Frontier expanded pos_2_0_0_2=5 from depth=5 -> reward=-1.0000 assigned=13/81 contradiction=True
Contradiction found after pos_2_0_0_2=5
Frontier expanded pos_1_2_2_0=3 from depth=5 -> reward=-1.0000 assigned=10/81 contradiction=True
Contradiction found after pos_1_2_2_0=3
Frontier expanded pos_1_2_1_0=3 from depth=5 -> reward=0.0123 assigned=8/81 contradiction=False
Frontier expanded pos_1_0_2_0=3 from depth=5 -> reward=0.0247 assigned=9/81 contradiction=False
Frontier expanded pos_1_1_2_2=1 from depth=6 -> reward=-1.0000 assigned=11/81 contradiction=True
Contradiction found after pos_1_1_2_2=1
Frontier expanded pos_1_1_2_2=5 from depth=6 -> reward=-1.0000 assigned=16/81 contradiction=True
Contradiction found after pos_1_1_2_2=5
Frontier expanded pos_1_2_1_0=1 from depth=6 -> reward=-1.0000 assigned=12/81 contradiction=True
Contradiction found after pos_1_2_1_0=1
Frontier expanded pos_1_2_2_0=1 from depth=6 -> reward=-1.0000 assigned=13/81 contradiction=True
Contradiction found after pos_1_2_2_0=1
Frontier expanded pos_1_2_2_0=5 from depth=6 -> reward=-1.0000 assigned=11/81 contradiction=True
Contradiction found after pos_1_2_2_0=5
Frontier expanded pos_1_1_2_2=1 from depth=3 -> reward=-1.0000 assigned=7/81 contradiction=True
Contradiction found after pos_1_1_2_2=1
Frontier expanded pos_1_1_2_2=5 from depth=3 -> reward=-1.0000 assigned=7/81 contradiction=True
Contradiction found after pos_1_1_2_2=5
Frontier expanded pos_1_2_2_0=1 from depth=3 -> reward=-1.0000 assigned=8/81 contradiction=True
Contradiction found after pos_1_2_2_0=1
Frontier expanded pos_1_2_2_0=5 from depth=3 -> reward=-1.0000 assigned=7/81 contradiction=True
Contradiction found after pos_1_2_2_0=5
Frontier expanded pos_1_2_0_1=5 from depth=3 -> reward=-1.0000 assigned=8/81 contradiction=True
Contradiction found after pos_1_2_0_1=5
Frontier expanded pos_0_2_0_2=1 from depth=3 -> reward=0.0123 assigned=5/81 contradiction=False
Frontier expanded pos_1_2_1_0=7 from depth=3 -> reward=0.0123 assigned=5/81 contradiction=False
Frontier expanded pos_1_2_0_1=7 from depth=3 -> reward=0.0123 assigned=5/81 contradiction=False
Frontier expanded pos_1_2_1_0=3 from depth=3 -> reward=0.0123 assigned=5/81 contradiction=False
Frontier expanded pos_0_2_0_2=7 from depth=3 -> reward=0.0123 assigned=5/81 contradiction=False
Frontier expanded pos_2_0_0_2=5 from depth=4 -> reward=-1.0000 assigned=14/81 contradiction=True
Contradiction found after pos_2_0_0_2=5
Frontier expanded pos_2_0_0_2=7 from depth=4 -> reward=-1.0000 assigned=11/81 contradiction=True
Contradiction found after pos_2_0_0_2=7
Frontier expanded pos_2_2_0_1=2 from depth=4 -> reward=-1.0000 assigned=11/81 contradiction=True
Contradiction found after pos_2_2_0_1=2
Frontier expanded pos_2_2_0_1=3 from depth=4 -> reward=-1.0000 assigned=12/81 contradiction=True
Contradiction found after pos_2_2_0_1=3
Frontier expanded pos_2_2_0_2=5 from depth=4 -> reward=-1.0000 assigned=13/81 contradiction=True
Contradiction found after pos_2_2_0_2=5
Frontier expanded pos_1_2_2_0=3 from depth=4 -> reward=-1.0000 assigned=8/81 contradiction=True
Contradiction found after pos_1_2_2_0=3
Frontier expanded pos_0_2_0_2=1 from depth=4 -> reward=0.0123 assigned=6/81 contradiction=False
Frontier expanded pos_0_2_0_2=7 from depth=4 -> reward=0.0123 assigned=6/81 contradiction=False
Frontier expanded pos_1_0_2_0=7 from depth=4 -> reward=0.0370 assigned=8/81 contradiction=False
Frontier expanded pos_1_0_2_1=3 from depth=4 -> reward=0.0370 assigned=8/81 contradiction=False
Frontier expanded pos_1_1_2_2=1 from depth=5 -> reward=-1.0000 assigned=12/81 contradiction=True
Contradiction found after pos_1_1_2_2=1
Frontier expanded pos_1_1_2_2=5 from depth=5 -> reward=-1.0000 assigned=11/81 contradiction=True
Contradiction found after pos_1_1_2_2=5
Frontier expanded pos_1_2_0_1=5 from depth=5 -> reward=-1.0000 assigned=12/81 contradiction=True
Contradiction found after pos_1_2_0_1=5
Frontier expanded pos_1_2_2_0=1 from depth=5 -> reward=-1.0000 assigned=10/81 contradiction=True
Contradiction found after pos_1_2_2_0=1
Frontier expanded pos_1_2_2_0=5 from depth=5 -> reward=-1.0000 assigned=11/81 contradiction=True
Contradiction found after pos_1_2_2_0=5
Frontier expanded pos_1_2_0_1=3 from depth=5 -> reward=-1.0000 assigned=15/81 contradiction=True
Contradiction found after pos_1_2_0_1=3
Frontier expanded pos_2_0_0_2=5 from depth=5 -> reward=-1.0000 assigned=15/81 contradiction=True
Contradiction found after pos_2_0_0_2=5
Frontier expanded pos_2_0_0_2=7 from depth=5 -> reward=-1.0000 assigned=12/81 contradiction=True
Contradiction found after pos_2_0_0_2=7
Frontier expanded pos_2_2_0_1=2 from depth=5 -> reward=-1.0000 assigned=12/81 contradiction=True
Contradiction found after pos_2_2_0_1=2
Frontier expanded pos_2_2_0_1=3 from depth=5 -> reward=-1.0000 assigned=11/81 contradiction=True
Contradiction found after pos_2_2_0_1=3
Frontier expanded pos_2_0_0_2=1 from depth=5 -> reward=-1.0000 assigned=13/81 contradiction=True
Contradiction found after pos_2_0_0_2=1
Frontier expanded pos_2_0_0_2=5 from depth=5 -> reward=-1.0000 assigned=13/81 contradiction=True
Contradiction found after pos_2_0_0_2=5
Frontier expanded pos_0_2_1_1=1 from depth=5 -> reward=0.0247 assigned=8/81 contradiction=False
Frontier expanded pos_1_2_0_1=3 from depth=5 -> reward=0.0123 assigned=7/81 contradiction=False
Frontier expanded pos_0_2_1_1=3 from depth=5 -> reward=0.0123 assigned=7/81 contradiction=False
Frontier expanded pos_2_0_0_2=1 from depth=6 -> reward=-1.0000 assigned=15/81 contradiction=True
Contradiction found after pos_2_0_0_2=1
Frontier expanded pos_2_0_0_2=5 from depth=6 -> reward=-1.0000 assigned=15/81 contradiction=True
Contradiction found after pos_2_0_0_2=5
Frontier expanded pos_1_2_0_1=3 from depth=6 -> reward=0.0123 assigned=9/81 contradiction=False
Frontier expanded pos_0_1_1_0=2 from depth=6 -> reward=0.0123 assigned=9/81 contradiction=False
Frontier expanded pos_0_1_1_0=4 from depth=6 -> reward=0.0123 assigned=9/81 contradiction=False
Frontier expanded pos_2_0_0_2=1 from depth=7 -> reward=-1.0000 assigned=17/81 contradiction=True
Contradiction found after pos_2_0_0_2=1
Frontier expanded pos_2_0_0_2=5 from depth=7 -> reward=-1.0000 assigned=10/81 contradiction=True
Contradiction found after pos_2_0_0_2=5
Frontier expanded pos_0_1_1_0=2 from depth=7 -> reward=0.0123 assigned=10/81 contradiction=False
Frontier expanded pos_0_1_1_0=4 from depth=7 -> reward=0.0123 assigned=10/81 contradiction=False
Frontier expanded pos_1_0_2_0=7 from depth=7 -> reward=0.0370 assigned=12/81 contradiction=False
Frontier expanded pos_1_1_2_2=1 from depth=8 -> reward=-1.0000 assigned=16/81 contradiction=True
Contradiction found after pos_1_1_2_2=1
Frontier expanded pos_1_1_2_2=5 from depth=8 -> reward=-1.0000 assigned=20/81 contradiction=True
Contradiction found after pos_1_1_2_2=5
Frontier expanded pos_1_2_2_0=1 from depth=8 -> reward=-1.0000 assigned=14/81 contradiction=True
Contradiction found after pos_1_2_2_0=1
Frontier expanded pos_1_2_2_0=5 from depth=8 -> reward=-1.0000 assigned=14/81 contradiction=True
Contradiction found after pos_1_2_2_0=5
Frontier expanded pos_2_0_0_2=1 from depth=8 -> reward=-1.0000 assigned=17/81 contradiction=True
Contradiction found after pos_2_0_0_2=1
Frontier expanded pos_2_0_0_2=1 from depth=8 -> reward=-1.0000 assigned=18/81 contradiction=True
Contradiction found after pos_2_0_0_2=1
Frontier expanded pos_2_0_0_2=5 from depth=8 -> reward=-1.0000 assigned=11/81 contradiction=True
Contradiction found after pos_2_0_0_2=5
Frontier expanded pos_2_2_0_1=2 from depth=8 -> reward=-1.0000 assigned=19/81 contradiction=True
Contradiction found after pos_2_2_0_1=2
Frontier expanded pos_2_2_0_1=5 from depth=8 -> reward=-1.0000 assigned=14/81 contradiction=True
Contradiction found after pos_2_2_0_1=5
Frontier expanded pos_1_0_2_0=3 from depth=8 -> reward=0.0247 assigned=12/81 contradiction=False
Frontier expanded pos_1_1_2_2=1 from depth=9 -> reward=-1.0000 assigned=15/81 contradiction=True
Contradiction found after pos_1_1_2_2=1
Frontier expanded pos_1_1_2_2=5 from depth=9 -> reward=-1.0000 assigned=20/81 contradiction=True
Contradiction found after pos_1_1_2_2=5
Frontier expanded pos_1_2_2_0=1 from depth=9 -> reward=-1.0000 assigned=15/81 contradiction=True
Contradiction found after pos_1_2_2_0=1
Frontier expanded pos_1_2_2_0=5 from depth=9 -> reward=-1.0000 assigned=14/81 contradiction=True
Contradiction found after pos_1_2_2_0=5
Frontier expanded pos_2_0_0_2=1 from depth=9 -> reward=-1.0000 assigned=25/81 contradiction=True
Contradiction found after pos_2_0_0_2=1
Frontier expanded pos_2_0_0_2=1 from depth=8 -> reward=-1.0000 assigned=20/81 contradiction=True
Contradiction found after pos_2_0_0_2=1
Frontier expanded pos_2_0_0_2=5 from depth=8 -> reward=-1.0000 assigned=11/81 contradiction=True
Contradiction found after pos_2_0_0_2=5
Frontier expanded pos_2_2_0_1=2 from depth=8 -> reward=-1.0000 assigned=21/81 contradiction=True
Contradiction found after pos_2_2_0_1=2
Frontier expanded pos_2_2_0_1=5 from depth=8 -> reward=-1.0000 assigned=14/81 contradiction=True
Contradiction found after pos_2_2_0_1=5
Frontier expanded pos_1_0_2_0=3 from depth=8 -> reward=0.0247 assigned=12/81 contradiction=False
Frontier expanded pos_1_1_2_2=1 from depth=9 -> reward=-1.0000 assigned=15/81 contradiction=True
Contradiction found after pos_1_1_2_2=1
Frontier expanded pos_1_1_2_2=5 from depth=9 -> reward=-1.0000 assigned=20/81 contradiction=True
Contradiction found after pos_1_1_2_2=5
Frontier expanded pos_1_2_2_0=1 from depth=9 -> reward=-1.0000 assigned=15/81 contradiction=True
Contradiction found after pos_1_2_2_0=1
Frontier expanded pos_1_2_2_0=5 from depth=9 -> reward=-1.0000 assigned=14/81 contradiction=True
Contradiction found after pos_1_2_2_0=5
Frontier expanded pos_2_0_0_2=1 from depth=9 -> reward=-1.0000 assigned=25/81 contradiction=True
Contradiction found after pos_2_0_0_2=1
Frontier expanded pos_2_0_0_2=1 from depth=7 -> reward=-1.0000 assigned=16/81 contradiction=True
Contradiction found after pos_2_0_0_2=1
Frontier expanded pos_2_0_0_2=5 from depth=7 -> reward=-1.0000 assigned=16/81 contradiction=True
Contradiction found after pos_2_0_0_2=5
Frontier expanded pos_0_2_1_0=2 from depth=7 -> reward=0.0123 assigned=10/81 contradiction=False
Frontier expanded pos_0_2_1_0=6 from depth=7 -> reward=0.0123 assigned=10/81 contradiction=False
Frontier expanded pos_0_2_1_0=8 from depth=7 -> reward=0.0247 assigned=11/81 contradiction=False
Frontier expanded pos_0_2_1_2=6 from depth=8 -> reward=-1.0000 assigned=12/81 contradiction=True
Contradiction found after pos_0_2_1_2=6
Frontier expanded pos_2_0_0_2=1 from depth=8 -> reward=-1.0000 assigned=21/81 contradiction=True
Contradiction found after pos_2_0_0_2=1
Frontier expanded pos_2_0_0_2=5 from depth=8 -> reward=-1.0000 assigned=19/81 contradiction=True
Contradiction found after pos_2_0_0_2=5
Frontier expanded pos_1_0_2_0=7 from depth=8 -> reward=0.0494 assigned=15/81 contradiction=False
Frontier expanded pos_1_0_2_1=3 from depth=8 -> reward=0.0494 assigned=15/81 contradiction=False
Frontier expanded pos_0_2_1_2=6 from depth=9 -> reward=-1.0000 assigned=16/81 contradiction=True
Contradiction found after pos_0_2_1_2=6
Frontier expanded pos_1_1_2_2=1 from depth=9 -> reward=-1.0000 assigned=20/81 contradiction=True
Contradiction found after pos_1_1_2_2=1
Frontier expanded pos_1_1_2_2=5 from depth=9 -> reward=-1.0000 assigned=18/81 contradiction=True
Contradiction found after pos_1_1_2_2=5
Frontier expanded pos_1_2_0_1=5 from depth=9 -> reward=-1.0000 assigned=19/81 contradiction=True
Contradiction found after pos_1_2_0_1=5
Frontier expanded pos_1_2_2_0=1 from depth=9 -> reward=-1.0000 assigned=17/81 contradiction=True
Contradiction found after pos_1_2_2_0=1
Frontier expanded pos_0_2_1_2=8 from depth=8 -> reward=-1.0000 assigned=11/81 contradiction=True
Contradiction found after pos_0_2_1_2=8
Frontier expanded pos_0_0_1_1=8 from depth=8 -> reward=0.0370 assigned=13/81 contradiction=False
Frontier expanded pos_0_1_1_1=7 from depth=8 -> reward=0.0370 assigned=13/81 contradiction=False
Frontier expanded pos_1_0_2_0=7 from depth=8 -> reward=0.0370 assigned=13/81 contradiction=False
Frontier expanded pos_1_0_2_1=3 from depth=8 -> reward=0.0370 assigned=13/81 contradiction=False
Frontier expanded pos_0_2_1_2=8 from depth=9 -> reward=-1.0000 assigned=14/81 contradiction=True
Contradiction found after pos_0_2_1_2=8
Frontier expanded pos_1_1_2_2=1 from depth=9 -> reward=-1.0000 assigned=18/81 contradiction=True
Contradiction found after pos_1_1_2_2=1
Frontier expanded pos_1_1_2_2=5 from depth=9 -> reward=-1.0000 assigned=16/81 contradiction=True
Contradiction found after pos_1_1_2_2=5
Frontier expanded pos_1_0_2_2=4 from depth=9 -> reward=0.0123 assigned=14/81 contradiction=False
Frontier expanded pos_0_0_1_1=8 from depth=9 -> reward=0.0370 assigned=16/81 contradiction=False
Frontier expanded pos_0_0_1_2=5 from depth=10 -> reward=-1.0000 assigned=23/81 contradiction=True
Contradiction found after pos_0_0_1_2=5
Frontier expanded pos_0_1_1_2=0 from depth=10 -> reward=-1.0000 assigned=23/81 contradiction=True
Contradiction found after pos_0_1_1_2=0
Frontier expanded pos_1_1_2_2=1 from depth=10 -> reward=-1.0000 assigned=24/81 contradiction=True
Contradiction found after pos_1_1_2_2=1
Frontier expanded pos_1_1_2_2=5 from depth=10 -> reward=-1.0000 assigned=19/81 contradiction=True
Contradiction found after pos_1_1_2_2=5
Frontier expanded pos_1_2_0_1=5 from depth=10 -> reward=-1.0000 assigned=20/81 contradiction=True
Contradiction found after pos_1_2_0_1=5
Frontier expanded pos_0_2_1_2=8 from depth=10 -> reward=-1.0000 assigned=15/81 contradiction=True
Contradiction found after pos_0_2_1_2=8
Frontier expanded pos_1_1_2_2=1 from depth=10 -> reward=-1.0000 assigned=21/81 contradiction=True
Contradiction found after pos_1_1_2_2=1
Frontier expanded pos_1_1_2_2=5 from depth=10 -> reward=-1.0000 assigned=17/81 contradiction=True
Contradiction found after pos_1_1_2_2=5
Frontier expanded pos_1_2_0_1=5 from depth=10 -> reward=-1.0000 assigned=18/81 contradiction=True
Contradiction found after pos_1_2_0_1=5
Frontier expanded pos_1_2_0_1=3 from depth=10 -> reward=0.0123 assigned=15/81 contradiction=False
Frontier expanded pos_0_2_1_2=8 from depth=11 -> reward=-1.0000 assigned=16/81 contradiction=True
Contradiction found after pos_0_2_1_2=8
Frontier expanded pos_1_1_2_2=1 from depth=11 -> reward=-1.0000 assigned=21/81 contradiction=True
Contradiction found after pos_1_1_2_2=1
Frontier expanded pos_1_1_2_2=5 from depth=11 -> reward=-1.0000 assigned=24/81 contradiction=True
Contradiction found after pos_1_1_2_2=5
Frontier expanded pos_1_2_2_0=1 from depth=11 -> reward=-1.0000 assigned=19/81 contradiction=True
Contradiction found after pos_1_2_2_0=1
Frontier expanded pos_1_2_2_0=5 from depth=11 -> reward=-1.0000 assigned=17/81 contradiction=True
Contradiction found after pos_1_2_2_0=5
Frontier expanded pos_0_0_1_2=5 from depth=9 -> reward=-1.0000 assigned=20/81 contradiction=True
Contradiction found after pos_0_0_1_2=5
Frontier expanded pos_0_1_1_2=0 from depth=9 -> reward=-1.0000 assigned=20/81 contradiction=True
Contradiction found after pos_0_1_1_2=0
Frontier expanded pos_0_0_1_2=0 from depth=9 -> reward=0.0247 assigned=15/81 contradiction=False
Frontier expanded pos_0_1_1_2=5 from depth=9 -> reward=0.0247 assigned=15/81 contradiction=False
Frontier expanded pos_1_0_2_0=7 from depth=9 -> reward=0.0370 assigned=16/81 contradiction=False
Frontier expanded pos_1_0_2_0=3 from depth=10 -> reward=-1.0000 assigned=22/81 contradiction=True
Contradiction found after pos_1_0_2_0=3
Frontier expanded pos_1_0_2_1=7 from depth=10 -> reward=-1.0000 assigned=22/81 contradiction=True
Contradiction found after pos_1_0_2_1=7
Frontier expanded pos_0_1_2_0=2 from depth=10 -> reward=0.0617 assigned=20/81 contradiction=False
Frontier expanded pos_0_2_2_0=3 from depth=10 -> reward=0.0617 assigned=20/81 contradiction=False
Frontier expanded pos_1_0_2_0=7 from depth=10 -> reward=0.0370 assigned=18/81 contradiction=False
Frontier expanded pos_0_0_0_0=5 from depth=11 -> reward=-1.0000 assigned=30/81 contradiction=True
Contradiction found after pos_0_0_0_0=5
Frontier expanded pos_0_1_0_0=6 from depth=11 -> reward=-1.0000 assigned=33/81 contradiction=True
Contradiction found after pos_0_1_0_0=6
Frontier expanded pos_0_1_0_1=6 from depth=11 -> reward=-1.0000 assigned=46/81 contradiction=True
Contradiction found after pos_0_1_0_1=6
Frontier expanded pos_1_1_2_2=1 from depth=11 -> reward=-1.0000 assigned=26/81 contradiction=True
Contradiction found after pos_1_1_2_2=1
Frontier expanded pos_1_1_2_2=5 from depth=11 -> reward=-1.0000 assigned=23/81 contradiction=True
Contradiction found after pos_1_1_2_2=5
Frontier expanded pos_0_1_2_0=6 from depth=11 -> reward=-1.0000 assigned=24/81 contradiction=True
Contradiction found after pos_0_1_2_0=6
Frontier expanded pos_0_2_2_0=5 from depth=11 -> reward=-1.0000 assigned=24/81 contradiction=True
Contradiction found after pos_0_2_2_0=5
Frontier expanded pos_1_1_2_2=1 from depth=11 -> reward=-1.0000 assigned=26/81 contradiction=True
Contradiction found after pos_1_1_2_2=1
Frontier expanded pos_1_1_2_2=5 from depth=11 -> reward=-1.0000 assigned=21/81 contradiction=True
Contradiction found after pos_1_1_2_2=5
Frontier expanded pos_1_2_0_1=5 from depth=11 -> reward=-1.0000 assigned=22/81 contradiction=True
Contradiction found after pos_1_2_0_1=5
Frontier expanded pos_2_0_0_2=1 from depth=8 -> reward=-1.0000 assigned=17/81 contradiction=True
Contradiction found after pos_2_0_0_2=1
Frontier expanded pos_2_0_0_2=5 from depth=8 -> reward=-1.0000 assigned=17/81 contradiction=True
Contradiction found after pos_2_0_0_2=5
Frontier expanded pos_1_0_2_0=7 from depth=8 -> reward=0.0370 assigned=13/81 contradiction=False
Frontier expanded pos_1_0_2_1=3 from depth=8 -> reward=0.0370 assigned=13/81 contradiction=False
Frontier expanded pos_1_0_2_0=3 from depth=8 -> reward=0.0247 assigned=12/81 contradiction=False
Frontier expanded pos_1_1_2_2=1 from depth=9 -> reward=-1.0000 assigned=20/81 contradiction=True
Contradiction found after pos_1_1_2_2=1
Frontier expanded pos_1_1_2_2=5 from depth=9 -> reward=-1.0000 assigned=16/81 contradiction=True
Contradiction found after pos_1_1_2_2=5
Frontier expanded pos_1_2_0_1=5 from depth=9 -> reward=-1.0000 assigned=17/81 contradiction=True
Contradiction found after pos_1_2_0_1=5
Frontier expanded pos_1_2_2_0=1 from depth=9 -> reward=-1.0000 assigned=15/81 contradiction=True
Contradiction found after pos_1_2_2_0=1
Frontier expanded pos_1_2_2_0=5 from depth=9 -> reward=-1.0000 assigned=18/81 contradiction=True
Contradiction found after pos_1_2_2_0=5
Frontier expanded pos_1_1_2_2=1 from depth=9 -> reward=-1.0000 assigned=17/81 contradiction=True
Contradiction found after pos_1_1_2_2=1
Frontier expanded pos_1_1_2_2=5 from depth=9 -> reward=-1.0000 assigned=14/81 contradiction=True
Contradiction found after pos_1_1_2_2=5
Frontier expanded pos_1_2_0_1=5 from depth=9 -> reward=-1.0000 assigned=15/81 contradiction=True
Contradiction found after pos_1_2_0_1=5
Frontier expanded pos_1_2_2_0=1 from depth=9 -> reward=-1.0000 assigned=15/81 contradiction=True
Contradiction found after pos_1_2_2_0=1
Frontier expanded pos_1_2_2_0=5 from depth=9 -> reward=-1.0000 assigned=16/81 contradiction=True
Contradiction found after pos_1_2_2_0=5
Frontier expanded pos_2_0_0_2=1 from depth=7 -> reward=-1.0000 assigned=18/81 contradiction=True
Contradiction found after pos_2_0_0_2=1
Frontier expanded pos_2_0_0_2=5 from depth=7 -> reward=-1.0000 assigned=18/81 contradiction=True
Contradiction found after pos_2_0_0_2=5
Frontier expanded pos_0_2_1_0=6 from depth=7 -> reward=0.0123 assigned=10/81 contradiction=False
Frontier expanded pos_0_2_1_0=4 from depth=7 -> reward=0.0123 assigned=10/81 contradiction=False
Frontier expanded pos_0_2_1_0=8 from depth=7 -> reward=0.0247 assigned=11/81 contradiction=False
Frontier expanded pos_2_0_0_2=1 from depth=8 -> reward=-1.0000 assigned=23/81 contradiction=True
Contradiction found after pos_2_0_0_2=1
Frontier expanded pos_2_0_0_2=5 from depth=8 -> reward=-1.0000 assigned=21/81 contradiction=True
Contradiction found after pos_2_0_0_2=5
Frontier expanded pos_0_2_1_2=6 from depth=8 -> reward=0.0123 assigned=12/81 contradiction=False
Frontier expanded pos_1_0_2_0=7 from depth=8 -> reward=0.0494 assigned=15/81 contradiction=False
Frontier expanded pos_1_0_2_1=3 from depth=8 -> reward=0.0494 assigned=15/81 contradiction=False
Frontier expanded pos_1_1_2_2=1 from depth=9 -> reward=-1.0000 assigned=20/81 contradiction=True
Contradiction found after pos_1_1_2_2=1
Frontier expanded pos_1_1_2_2=5 from depth=9 -> reward=-1.0000 assigned=18/81 contradiction=True
Contradiction found after pos_1_1_2_2=5
Frontier expanded pos_1_2_0_1=5 from depth=9 -> reward=-1.0000 assigned=19/81 contradiction=True
Contradiction found after pos_1_2_0_1=5
Frontier expanded pos_1_2_2_0=1 from depth=9 -> reward=-1.0000 assigned=17/81 contradiction=True
Contradiction found after pos_1_2_2_0=1
Frontier expanded pos_1_2_2_0=5 from depth=9 -> reward=-1.0000 assigned=18/81 contradiction=True
Contradiction found after pos_1_2_2_0=5
Frontier expanded pos_0_0_1_1=5 from depth=9 -> reward=-1.0000 assigned=20/81 contradiction=True
Contradiction found after pos_0_0_1_1=5
Frontier expanded pos_0_1_1_1=4 from depth=9 -> reward=-1.0000 assigned=21/81 contradiction=True
Contradiction found after pos_0_1_1_1=4
Frontier expanded pos_1_0_2_0=7 from depth=9 -> reward=0.0494 assigned=16/81 contradiction=False
Frontier expanded pos_1_0_2_1=3 from depth=9 -> reward=0.0494 assigned=16/81 contradiction=False
Frontier expanded pos_0_0_1_1=4 from depth=9 -> reward=0.0247 assigned=14/81 contradiction=False
Frontier expanded pos_0_0_1_1=5 from depth=10 -> reward=-1.0000 assigned=24/81 contradiction=True
Contradiction found after pos_0_0_1_1=5
Frontier expanded pos_0_1_1_1=4 from depth=10 -> reward=-1.0000 assigned=26/81 contradiction=True
Contradiction found after pos_0_1_1_1=4
Frontier expanded pos_1_1_2_2=1 from depth=10 -> reward=-1.0000 assigned=21/81 contradiction=True
Contradiction found after pos_1_1_2_2=1
Frontier expanded pos_1_1_2_2=5 from depth=10 -> reward=-1.0000 assigned=19/81 contradiction=True
Contradiction found after pos_1_1_2_2=5
Frontier expanded pos_1_2_0_1=5 from depth=10 -> reward=-1.0000 assigned=20/81 contradiction=True
Contradiction found after pos_1_2_0_1=5
Frontier expanded pos_0_0_0_0=5 from depth=10 -> reward=-1.0000 assigned=22/81 contradiction=True
Contradiction found after pos_0_0_0_0=5
Frontier expanded pos_1_0_2_0=7 from depth=10 -> reward=0.0494 assigned=18/81 contradiction=False
Frontier expanded pos_1_0_2_1=3 from depth=10 -> reward=0.0494 assigned=18/81 contradiction=False
Frontier expanded pos_0_0_1_2=0 from depth=10 -> reward=0.0247 assigned=16/81 contradiction=False
Frontier expanded pos_0_0_1_2=7 from depth=10 -> reward=0.0247 assigned=16/81 contradiction=False
Frontier expanded pos_0_0_0_0=5 from depth=11 -> reward=-1.0000 assigned=26/81 contradiction=True
Contradiction found after pos_0_0_0_0=5
Frontier expanded pos_0_0_1_2=0 from depth=11 -> reward=-1.0000 assigned=26/81 contradiction=True
Contradiction found after pos_0_0_1_2=0
Frontier expanded pos_0_0_1_2=7 from depth=11 -> reward=-1.0000 assigned=40/81 contradiction=True
Contradiction found after pos_0_0_1_2=7
Frontier expanded pos_0_1_1_2=0 from depth=11 -> reward=-1.0000 assigned=40/81 contradiction=True
Contradiction found after pos_0_1_1_2=0
Frontier expanded pos_0_1_1_2=7 from depth=11 -> reward=-1.0000 assigned=26/81 contradiction=True
Contradiction found after pos_0_1_1_2=7
Frontier expanded pos_0_0_0_0=5 from depth=11 -> reward=-1.0000 assigned=24/81 contradiction=True
Contradiction found after pos_0_0_0_0=5
Frontier expanded pos_1_0_2_0=7 from depth=11 -> reward=-1.0000 assigned=26/81 contradiction=True
Contradiction found after pos_1_0_2_0=7
Frontier expanded pos_1_0_2_1=3 from depth=11 -> reward=-1.0000 assigned=26/81 contradiction=True
Contradiction found after pos_1_0_2_1=3
Frontier expanded pos_2_0_0_2=1 from depth=11 -> reward=-1.0000 assigned=32/81 contradiction=True
Contradiction found after pos_2_0_0_2=1
Frontier expanded pos_2_0_0_2=5 from depth=11 -> reward=-1.0000 assigned=27/81 contradiction=True
Contradiction found after pos_2_0_0_2=5
Frontier expanded pos_0_0_0_0=5 from depth=11 -> reward=-1.0000 assigned=24/81 contradiction=True
Contradiction found after pos_0_0_0_0=5
Frontier expanded pos_1_0_2_0=7 from depth=11 -> reward=-1.0000 assigned=40/81 contradiction=True
Contradiction found after pos_1_0_2_0=7
Frontier expanded pos_1_0_2_1=3 from depth=11 -> reward=-1.0000 assigned=40/81 contradiction=True
Contradiction found after pos_1_0_2_1=3
Frontier expanded pos_2_0_0_2=1 from depth=11 -> reward=-1.0000 assigned=32/81 contradiction=True
Contradiction found after pos_2_0_0_2=1
Frontier expanded pos_2_0_0_2=5 from depth=11 -> reward=-1.0000 assigned=27/81 contradiction=True
Contradiction found after pos_2_0_0_2=5
Frontier expanded pos_2_0_0_2=1 from depth=8 -> reward=-1.0000 assigned=19/81 contradiction=True
Contradiction found after pos_2_0_0_2=1
Frontier expanded pos_2_0_0_2=5 from depth=8 -> reward=-1.0000 assigned=19/81 contradiction=True
Contradiction found after pos_2_0_0_2=5
Frontier expanded pos_1_0_2_0=7 from depth=8 -> reward=0.0370 assigned=13/81 contradiction=False
Frontier expanded pos_1_0_2_1=3 from depth=8 -> reward=0.0370 assigned=13/81 contradiction=False
Frontier expanded pos_0_2_1_2=4 from depth=8 -> reward=0.0123 assigned=11/81 contradiction=False
Frontier expanded pos_1_1_2_2=1 from depth=9 -> reward=-1.0000 assigned=18/81 contradiction=True
Contradiction found after pos_1_1_2_2=1
Frontier expanded pos_1_1_2_2=5 from depth=9 -> reward=-1.0000 assigned=16/81 contradiction=True
Contradiction found after pos_1_1_2_2=5
Frontier expanded pos_1_2_0_1=5 from depth=9 -> reward=-1.0000 assigned=17/81 contradiction=True
Contradiction found after pos_1_2_0_1=5
Frontier expanded pos_1_2_2_0=1 from depth=9 -> reward=-1.0000 assigned=15/81 contradiction=True
Contradiction found after pos_1_2_2_0=1
Frontier expanded pos_1_2_2_0=5 from depth=9 -> reward=-1.0000 assigned=16/81 contradiction=True
Contradiction found after pos_1_2_2_0=5
Frontier expanded pos_1_2_0_1=5 from depth=9 -> reward=0.0123 assigned=12/81 contradiction=False
Frontier expanded pos_0_0_1_1=7 from depth=9 -> reward=0.0370 assigned=14/81 contradiction=False
Frontier expanded pos_0_1_1_1=8 from depth=9 -> reward=0.0370 assigned=14/81 contradiction=False
Frontier expanded pos_0_0_1_1=8 from depth=9 -> reward=0.0247 assigned=13/81 contradiction=False
Frontier expanded pos_0_1_1_1=7 from depth=9 -> reward=0.0247 assigned=13/81 contradiction=False
Frontier expanded pos_0_0_1_2=5 from depth=10 -> reward=-1.0000 assigned=21/81 contradiction=True
Contradiction found after pos_0_0_1_2=5
Frontier expanded pos_0_1_1_2=0 from depth=10 -> reward=-1.0000 assigned=21/81 contradiction=True
Contradiction found after pos_0_1_1_2=0
Frontier expanded pos_1_0_2_0=7 from depth=10 -> reward=0.0494 assigned=18/81 contradiction=False
Frontier expanded pos_1_0_2_1=3 from depth=10 -> reward=0.0494 assigned=18/81 contradiction=False
Frontier expanded pos_0_0_1_2=0 from depth=10 -> reward=0.0247 assigned=16/81 contradiction=False
Frontier expanded pos_0_0_1_2=5 from depth=11 -> reward=-1.0000 assigned=25/81 contradiction=True
Contradiction found after pos_0_0_1_2=5
Frontier expanded pos_0_1_1_2=0 from depth=11 -> reward=-1.0000 assigned=25/81 contradiction=True
Contradiction found after pos_0_1_1_2=0
Frontier expanded pos_1_1_2_2=1 from depth=11 -> reward=-1.0000 assigned=25/81 contradiction=True
Contradiction found after pos_1_1_2_2=1
Frontier expanded pos_1_1_2_2=5 from depth=11 -> reward=-1.0000 assigned=21/81 contradiction=True
Contradiction found after pos_1_1_2_2=5
Frontier expanded pos_1_0_2_2=2 from depth=11 -> reward=0.0123 assigned=19/81 contradiction=False
Frontier expanded pos_0_0_1_2=5 from depth=12 -> reward=-1.0000 assigned=26/81 contradiction=True
Contradiction found after pos_0_0_1_2=5
Frontier expanded pos_0_1_1_2=0 from depth=12 -> reward=-1.0000 assigned=26/81 contradiction=True
Contradiction found after pos_0_1_1_2=0
Frontier expanded pos_0_2_2_1=5 from depth=12 -> reward=-1.0000 assigned=34/81 contradiction=True
Contradiction found after pos_0_2_2_1=5
Frontier expanded pos_0_2_2_2=5 from depth=12 -> reward=-1.0000 assigned=30/81 contradiction=True
Contradiction found after pos_0_2_2_2=5
Frontier expanded pos_1_1_2_2=1 from depth=12 -> reward=-1.0000 assigned=27/81 contradiction=True
Contradiction found after pos_1_1_2_2=1
Frontier expanded pos_0_0_0_0=5 from depth=11 -> reward=-1.0000 assigned=22/81 contradiction=True
Contradiction found after pos_0_0_0_0=5
Frontier expanded pos_1_0_2_0=7 from depth=11 -> reward=0.0494 assigned=20/81 contradiction=False
Frontier expanded pos_1_0_2_1=3 from depth=11 -> reward=0.0494 assigned=20/81 contradiction=False
Frontier expanded pos_0_1_0_1=4 from depth=11 -> reward=0.0123 assigned=17/81 contradiction=False
Frontier expanded pos_0_0_0_0=2 from depth=11 -> reward=0.0247 assigned=18/81 contradiction=False
Frontier expanded pos_0_0_0_0=5 from depth=12 -> reward=-1.0000 assigned=26/81 contradiction=True
Contradiction found after pos_0_0_0_0=5
Frontier expanded pos_0_1_0_1=6 from depth=12 -> reward=-1.0000 assigned=31/81 contradiction=True
Contradiction found after pos_0_1_0_1=6
Frontier expanded pos_1_1_2_2=1 from depth=12 -> reward=-1.0000 assigned=27/81 contradiction=True
Contradiction found after pos_1_1_2_2=1
Frontier expanded pos_1_1_2_2=5 from depth=12 -> reward=-1.0000 assigned=23/81 contradiction=True
Contradiction found after pos_1_1_2_2=5
Frontier expanded pos_1_0_2_2=2 from depth=12 -> reward=0.0123 assigned=21/81 contradiction=False
Frontier expanded pos_0_0_0_0=5 from depth=13 -> reward=-1.0000 assigned=27/81 contradiction=True
Contradiction found after pos_0_0_0_0=5
Frontier expanded pos_0_1_0_1=6 from depth=13 -> reward=-1.0000 assigned=35/81 contradiction=True
Contradiction found after pos_0_1_0_1=6
Frontier expanded pos_0_2_2_1=5 from depth=13 -> reward=-1.0000 assigned=39/81 contradiction=True
Contradiction found after pos_0_2_2_1=5
Frontier expanded pos_0_2_2_2=5 from depth=13 -> reward=-1.0000 assigned=34/81 contradiction=True
Contradiction found after pos_0_2_2_2=5
Frontier expanded pos_1_0_1_2=6 from depth=13 -> reward=-1.0000 assigned=51/81 contradiction=True
Contradiction found after pos_1_0_1_2=6
Frontier expanded pos_0_2_2_0=3 from depth=12 -> reward=-1.0000 assigned=39/81 contradiction=True
Contradiction found after pos_0_2_2_0=3
Frontier expanded pos_1_0_2_0=3 from depth=12 -> reward=-1.0000 assigned=26/81 contradiction=True
Contradiction found after pos_1_0_2_0=3
Frontier expanded pos_1_0_2_1=7 from depth=12 -> reward=-1.0000 assigned=26/81 contradiction=True
Contradiction found after pos_1_0_2_1=7
Frontier expanded pos_1_0_2_0=7 from depth=12 -> reward=0.0494 assigned=22/81 contradiction=False
Frontier expanded pos_1_0_2_1=3 from depth=12 -> reward=0.0494 assigned=22/81 contradiction=False
Frontier expanded pos_0_1_0_1=4 from depth=13 -> reward=-1.0000 assigned=33/81 contradiction=True
Contradiction found after pos_0_1_0_1=4
Frontier expanded pos_0_1_0_1=6 from depth=13 -> reward=-1.0000 assigned=36/81 contradiction=True
Contradiction found after pos_0_1_0_1=6
Frontier expanded pos_0_1_2_0=4 from depth=13 -> reward=-1.0000 assigned=36/81 contradiction=True
Contradiction found after pos_0_1_2_0=4
Frontier expanded pos_0_1_2_0=6 from depth=13 -> reward=-1.0000 assigned=33/81 contradiction=True
Contradiction found after pos_0_1_2_0=6
Frontier expanded pos_0_2_2_0=3 from depth=13 -> reward=-1.0000 assigned=39/81 contradiction=True
Contradiction found after pos_0_2_2_0=3
Frontier expanded pos_0_0_0_0=5 from depth=12 -> reward=-1.0000 assigned=25/81 contradiction=True
Contradiction found after pos_0_0_0_0=5
Frontier expanded pos_0_1_0_0=6 from depth=12 -> reward=-1.0000 assigned=28/81 contradiction=True
Contradiction found after pos_0_1_0_0=6
Frontier expanded pos_0_1_2_0=1 from depth=12 -> reward=-1.0000 assigned=24/81 contradiction=True
Contradiction found after pos_0_1_2_0=1
Frontier expanded pos_0_2_2_0=2 from depth=12 -> reward=-1.0000 assigned=26/81 contradiction=True
Contradiction found after pos_0_2_2_0=2
Frontier expanded pos_1_0_2_0=7 from depth=12 -> reward=0.0617 assigned=22/81 contradiction=False
Frontier expanded pos_0_0_0_0=2 from depth=13 -> reward=-1.0000 assigned=34/81 contradiction=True
Contradiction found after pos_0_0_0_0=2
Frontier expanded pos_0_0_0_0=5 from depth=13 -> reward=-1.0000 assigned=30/81 contradiction=True
Contradiction found after pos_0_0_0_0=5
Frontier expanded pos_0_1_0_0=1 from depth=13 -> reward=-1.0000 assigned=34/81 contradiction=True
Contradiction found after pos_0_1_0_0=1
Frontier expanded pos_0_1_0_0=6 from depth=13 -> reward=-1.0000 assigned=35/81 contradiction=True
Contradiction found after pos_0_1_0_0=6
Frontier expanded pos_0_1_2_0=1 from depth=13 -> reward=-1.0000 assigned=33/81 contradiction=True
Contradiction found after pos_0_1_2_0=1
Frontier expanded pos_0_0_1_2=5 from depth=10 -> reward=-1.0000 assigned=20/81 contradiction=True
Contradiction found after pos_0_0_1_2=5
Frontier expanded pos_0_1_1_2=0 from depth=10 -> reward=-1.0000 assigned=21/81 contradiction=True
Contradiction found after pos_0_1_1_2=0
Frontier expanded pos_1_0_2_0=7 from depth=10 -> reward=0.0370 assigned=16/81 contradiction=False
Frontier expanded pos_1_0_2_1=3 from depth=10 -> reward=0.0370 assigned=16/81 contradiction=False
Frontier expanded pos_0_0_1_2=0 from depth=10 -> reward=0.0247 assigned=15/81 contradiction=False
Frontier expanded pos_0_0_1_2=5 from depth=11 -> reward=-1.0000 assigned=23/81 contradiction=True
Contradiction found after pos_0_0_1_2=5
Frontier expanded pos_0_1_1_2=0 from depth=11 -> reward=-1.0000 assigned=24/81 contradiction=True
Contradiction found after pos_0_1_1_2=0
Frontier expanded pos_1_1_2_2=1 from depth=11 -> reward=-1.0000 assigned=22/81 contradiction=True
Contradiction found after pos_1_1_2_2=1
Frontier expanded pos_1_1_2_2=5 from depth=11 -> reward=-1.0000 assigned=19/81 contradiction=True
Contradiction found after pos_1_1_2_2=5
Frontier expanded pos_1_2_0_1=5 from depth=11 -> reward=-1.0000 assigned=20/81 contradiction=True
Contradiction found after pos_1_2_0_1=5
Frontier expanded pos_0_0_0_0=5 from depth=11 -> reward=-1.0000 assigned=22/81 contradiction=True
Contradiction found after pos_0_0_0_0=5
Frontier expanded pos_2_0_0_2=1 from depth=11 -> reward=-1.0000 assigned=26/81 contradiction=True
Contradiction found after pos_2_0_0_2=1
Frontier expanded pos_2_0_0_2=5 from depth=11 -> reward=-1.0000 assigned=28/81 contradiction=True
Contradiction found after pos_2_0_0_2=5
Frontier expanded pos_1_0_2_0=7 from depth=11 -> reward=0.0370 assigned=18/81 contradiction=False
Frontier expanded pos_1_0_2_1=3 from depth=11 -> reward=0.0370 assigned=18/81 contradiction=False
Frontier expanded pos_0_0_0_0=5 from depth=12 -> reward=-1.0000 assigned=25/81 contradiction=True
Contradiction found after pos_0_0_0_0=5
Frontier expanded pos_1_1_2_2=1 from depth=12 -> reward=-1.0000 assigned=24/81 contradiction=True
Contradiction found after pos_1_1_2_2=1
Frontier expanded pos_1_1_2_2=5 from depth=12 -> reward=-1.0000 assigned=21/81 contradiction=True
Contradiction found after pos_1_1_2_2=5
Frontier expanded pos_1_2_0_1=5 from depth=12 -> reward=-1.0000 assigned=22/81 contradiction=True
Contradiction found after pos_1_2_0_1=5
Frontier expanded pos_1_2_2_0=1 from depth=12 -> reward=-1.0000 assigned=20/81 contradiction=True
Contradiction found after pos_1_2_2_0=1
Frontier expanded pos_0_0_0_2=1 from depth=10 -> reward=-1.0000 assigned=15/81 contradiction=True
Contradiction found after pos_0_0_0_2=1
Frontier expanded pos_0_0_0_2=5 from depth=10 -> reward=-1.0000 assigned=18/81 contradiction=True
Contradiction found after pos_0_0_0_2=5
Frontier expanded pos_1_0_2_0=3 from depth=10 -> reward=-1.0000 assigned=16/81 contradiction=True
Contradiction found after pos_1_0_2_0=3
Frontier expanded pos_1_0_2_0=7 from depth=10 -> reward=-1.0000 assigned=17/81 contradiction=True
Contradiction found after pos_1_0_2_0=7
Frontier expanded pos_1_0_2_1=3 from depth=10 -> reward=-1.0000 assigned=16/81 contradiction=True
Contradiction found after pos_1_0_2_1=3
Frontier expanded pos_2_0_0_2=1 from depth=8 -> reward=-1.0000 assigned=19/81 contradiction=True
Contradiction found after pos_2_0_0_2=1
Frontier expanded pos_2_0_0_2=5 from depth=8 -> reward=-1.0000 assigned=19/81 contradiction=True
Contradiction found after pos_2_0_0_2=5
Frontier expanded pos_1_0_2_0=7 from depth=8 -> reward=0.0370 assigned=13/81 contradiction=False
Frontier expanded pos_1_0_2_1=3 from depth=8 -> reward=0.0370 assigned=13/81 contradiction=False
Frontier expanded pos_0_2_1_2=6 from depth=8 -> reward=0.0123 assigned=11/81 contradiction=False
Frontier expanded pos_1_1_2_2=1 from depth=9 -> reward=-1.0000 assigned=18/81 contradiction=True
Contradiction found after pos_1_1_2_2=1
Frontier expanded pos_1_1_2_2=5 from depth=9 -> reward=-1.0000 assigned=16/81 contradiction=True
Contradiction found after pos_1_1_2_2=5
Frontier expanded pos_1_2_0_1=5 from depth=9 -> reward=-1.0000 assigned=17/81 contradiction=True
Contradiction found after pos_1_2_0_1=5
Frontier expanded pos_1_2_2_0=1 from depth=9 -> reward=-1.0000 assigned=15/81 contradiction=True
Contradiction found after pos_1_2_2_0=1
Frontier expanded pos_1_2_2_0=5 from depth=9 -> reward=-1.0000 assigned=16/81 contradiction=True
Contradiction found after pos_1_2_2_0=5
Frontier expanded pos_1_2_0_1=5 from depth=9 -> reward=0.0123 assigned=12/81 contradiction=False
Frontier expanded pos_0_0_1_1=7 from depth=9 -> reward=0.0370 assigned=14/81 contradiction=False
Frontier expanded pos_0_1_1_1=8 from depth=9 -> reward=0.0370 assigned=14/81 contradiction=False
Frontier expanded pos_0_0_1_1=8 from depth=9 -> reward=0.0247 assigned=13/81 contradiction=False
Frontier expanded pos_0_1_1_1=7 from depth=9 -> reward=0.0247 assigned=13/81 contradiction=False
Frontier expanded pos_0_0_1_2=5 from depth=10 -> reward=-1.0000 assigned=21/81 contradiction=True
Contradiction found after pos_0_0_1_2=5
Frontier expanded pos_0_1_1_2=0 from depth=10 -> reward=-1.0000 assigned=21/81 contradiction=True
Contradiction found after pos_0_1_1_2=0
Frontier expanded pos_1_0_2_0=7 from depth=10 -> reward=0.0494 assigned=18/81 contradiction=False
Frontier expanded pos_1_0_2_1=3 from depth=10 -> reward=0.0494 assigned=18/81 contradiction=False
Frontier expanded pos_0_0_1_2=0 from depth=10 -> reward=0.0247 assigned=16/81 contradiction=False
Frontier expanded pos_0_0_1_2=5 from depth=11 -> reward=-1.0000 assigned=25/81 contradiction=True
Contradiction found after pos_0_0_1_2=5
Frontier expanded pos_0_1_1_2=0 from depth=11 -> reward=-1.0000 assigned=25/81 contradiction=True
Contradiction found after pos_0_1_1_2=0
Frontier expanded pos_1_1_2_2=1 from depth=11 -> reward=-1.0000 assigned=25/81 contradiction=True
Contradiction found after pos_1_1_2_2=1
Frontier expanded pos_1_1_2_2=5 from depth=11 -> reward=-1.0000 assigned=21/81 contradiction=True
Contradiction found after pos_1_1_2_2=5
Frontier expanded pos_1_0_2_2=2 from depth=11 -> reward=0.0123 assigned=19/81 contradiction=False
Frontier expanded pos_0_0_1_2=5 from depth=12 -> reward=-1.0000 assigned=26/81 contradiction=True
Contradiction found after pos_0_0_1_2=5
Frontier expanded pos_0_1_1_2=0 from depth=12 -> reward=-1.0000 assigned=26/81 contradiction=True
Contradiction found after pos_0_1_1_2=0
Frontier expanded pos_0_2_2_1=5 from depth=12 -> reward=-1.0000 assigned=34/81 contradiction=True
Contradiction found after pos_0_2_2_1=5
Frontier expanded pos_0_2_2_2=5 from depth=12 -> reward=-1.0000 assigned=30/81 contradiction=True
Contradiction found after pos_0_2_2_2=5
Frontier expanded pos_1_1_2_2=1 from depth=12 -> reward=-1.0000 assigned=27/81 contradiction=True
Contradiction found after pos_1_1_2_2=1
Frontier expanded pos_0_0_0_0=5 from depth=11 -> reward=-1.0000 assigned=22/81 contradiction=True
Contradiction found after pos_0_0_0_0=5
Frontier expanded pos_1_0_2_0=7 from depth=11 -> reward=0.0494 assigned=20/81 contradiction=False
Frontier expanded pos_1_0_2_1=3 from depth=11 -> reward=0.0494 assigned=20/81 contradiction=False
Frontier expanded pos_0_1_0_1=4 from depth=11 -> reward=0.0123 assigned=17/81 contradiction=False
Frontier expanded pos_0_0_0_0=2 from depth=11 -> reward=0.0247 assigned=18/81 contradiction=False
Frontier expanded pos_0_0_0_0=5 from depth=12 -> reward=-1.0000 assigned=26/81 contradiction=True
Contradiction found after pos_0_0_0_0=5
Frontier expanded pos_0_1_0_1=6 from depth=12 -> reward=-1.0000 assigned=31/81 contradiction=True
Contradiction found after pos_0_1_0_1=6
Frontier expanded pos_1_1_2_2=1 from depth=12 -> reward=-1.0000 assigned=27/81 contradiction=True
Contradiction found after pos_1_1_2_2=1
Frontier expanded pos_1_1_2_2=5 from depth=12 -> reward=-1.0000 assigned=23/81 contradiction=True
Contradiction found after pos_1_1_2_2=5
Frontier expanded pos_1_0_2_2=2 from depth=12 -> reward=0.0123 assigned=21/81 contradiction=False
Frontier expanded pos_0_0_0_0=5 from depth=13 -> reward=-1.0000 assigned=27/81 contradiction=True
Contradiction found after pos_0_0_0_0=5
Frontier expanded pos_0_1_0_1=6 from depth=13 -> reward=-1.0000 assigned=35/81 contradiction=True
Contradiction found after pos_0_1_0_1=6
Frontier expanded pos_0_2_2_1=5 from depth=13 -> reward=-1.0000 assigned=37/81 contradiction=True
Contradiction found after pos_0_2_2_1=5
Frontier expanded pos_0_2_2_2=5 from depth=13 -> reward=-1.0000 assigned=34/81 contradiction=True
Contradiction found after pos_0_2_2_2=5
Frontier expanded pos_1_0_1_2=4 from depth=13 -> reward=0.0741 assigned=27/81 contradiction=False
Frontier expanded pos_0_0_0_0=5 from depth=14 -> reward=-1.0000 assigned=34/81 contradiction=True
Contradiction found after pos_0_0_0_0=5
Frontier expanded pos_0_1_0_1=6 from depth=14 -> reward=-1.0000 assigned=35/81 contradiction=True
Contradiction found after pos_0_1_0_1=6
Frontier expanded pos_0_2_2_1=5 from depth=14 -> reward=-1.0000 assigned=31/81 contradiction=True
Contradiction found after pos_0_2_2_1=5
Frontier expanded pos_0_2_2_2=5 from depth=14 -> reward=-1.0000 assigned=35/81 contradiction=True
Contradiction found after pos_0_2_2_2=5
Frontier expanded pos_1_0_0_0=0 from depth=14 -> reward=-1.0000 assigned=43/81 contradiction=True
Contradiction found after pos_1_0_0_0=0
Frontier expanded pos_0_2_2_0=3 from depth=12 -> reward=-1.0000 assigned=39/81 contradiction=True
Contradiction found after pos_0_2_2_0=3
Frontier expanded pos_1_0_2_0=3 from depth=12 -> reward=-1.0000 assigned=26/81 contradiction=True
Contradiction found after pos_1_0_2_0=3
Frontier expanded pos_1_0_2_1=7 from depth=12 -> reward=-1.0000 assigned=26/81 contradiction=True
Contradiction found after pos_1_0_2_1=7
Frontier expanded pos_1_0_2_0=7 from depth=12 -> reward=0.0494 assigned=22/81 contradiction=False
Frontier expanded pos_1_0_2_1=3 from depth=12 -> reward=0.0494 assigned=22/81 contradiction=False
Frontier expanded pos_0_1_0_1=4 from depth=13 -> reward=-1.0000 assigned=33/81 contradiction=True
Contradiction found after pos_0_1_0_1=4
Frontier expanded pos_0_1_0_1=6 from depth=13 -> reward=-1.0000 assigned=36/81 contradiction=True
Contradiction found after pos_0_1_0_1=6
Frontier expanded pos_0_1_2_0=4 from depth=13 -> reward=-1.0000 assigned=36/81 contradiction=True
Contradiction found after pos_0_1_2_0=4
Frontier expanded pos_0_1_2_0=6 from depth=13 -> reward=-1.0000 assigned=33/81 contradiction=True
Contradiction found after pos_0_1_2_0=6
Frontier expanded pos_0_2_2_0=3 from depth=13 -> reward=-1.0000 assigned=39/81 contradiction=True
Contradiction found after pos_0_2_2_0=3
Frontier expanded pos_0_0_0_0=5 from depth=12 -> reward=-1.0000 assigned=25/81 contradiction=True
Contradiction found after pos_0_0_0_0=5
Frontier expanded pos_0_1_0_0=6 from depth=12 -> reward=-1.0000 assigned=28/81 contradiction=True
Contradiction found after pos_0_1_0_0=6
Frontier expanded pos_0_1_2_0=1 from depth=12 -> reward=-1.0000 assigned=24/81 contradiction=True
Contradiction found after pos_0_1_2_0=1
Frontier expanded pos_0_2_2_0=2 from depth=12 -> reward=-1.0000 assigned=26/81 contradiction=True
Contradiction found after pos_0_2_2_0=2
Frontier expanded pos_1_0_2_0=7 from depth=12 -> reward=0.0617 assigned=22/81 contradiction=False
Frontier expanded pos_0_0_0_0=2 from depth=13 -> reward=-1.0000 assigned=34/81 contradiction=True
Contradiction found after pos_0_0_0_0=2
Frontier expanded pos_0_0_0_0=5 from depth=13 -> reward=-1.0000 assigned=30/81 contradiction=True
Contradiction found after pos_0_0_0_0=5
Frontier expanded pos_0_1_0_0=1 from depth=13 -> reward=-1.0000 assigned=34/81 contradiction=True
Contradiction found after pos_0_1_0_0=1
Frontier expanded pos_0_1_0_0=6 from depth=13 -> reward=-1.0000 assigned=35/81 contradiction=True
Contradiction found after pos_0_1_0_0=6
Frontier expanded pos_0_1_2_0=1 from depth=13 -> reward=-1.0000 assigned=33/81 contradiction=True
Contradiction found after pos_0_1_2_0=1
Frontier expanded pos_0_0_1_2=5 from depth=10 -> reward=-1.0000 assigned=20/81 contradiction=True
Contradiction found after pos_0_0_1_2=5
Frontier expanded pos_0_1_1_2=0 from depth=10 -> reward=-1.0000 assigned=21/81 contradiction=True
Contradiction found after pos_0_1_1_2=0
Frontier expanded pos_1_0_2_0=7 from depth=10 -> reward=0.0370 assigned=16/81 contradiction=False
Frontier expanded pos_1_0_2_1=3 from depth=10 -> reward=0.0370 assigned=16/81 contradiction=False
Frontier expanded pos_0_0_1_2=0 from depth=10 -> reward=0.0247 assigned=15/81 contradiction=False
Frontier expanded pos_0_0_1_2=5 from depth=11 -> reward=-1.0000 assigned=23/81 contradiction=True
Contradiction found after pos_0_0_1_2=5
Frontier expanded pos_0_1_1_2=0 from depth=11 -> reward=-1.0000 assigned=24/81 contradiction=True
Contradiction found after pos_0_1_1_2=0
Frontier expanded pos_1_1_2_2=1 from depth=11 -> reward=-1.0000 assigned=22/81 contradiction=True
Contradiction found after pos_1_1_2_2=1
Frontier expanded pos_1_1_2_2=5 from depth=11 -> reward=-1.0000 assigned=19/81 contradiction=True
Contradiction found after pos_1_1_2_2=5
Frontier expanded pos_1_2_0_1=5 from depth=11 -> reward=-1.0000 assigned=20/81 contradiction=True
Contradiction found after pos_1_2_0_1=5
Frontier expanded pos_0_0_0_0=5 from depth=11 -> reward=-1.0000 assigned=22/81 contradiction=True
Contradiction found after pos_0_0_0_0=5
Frontier expanded pos_2_0_0_2=1 from depth=11 -> reward=-1.0000 assigned=26/81 contradiction=True
Contradiction found after pos_2_0_0_2=1
Frontier expanded pos_2_0_0_2=5 from depth=11 -> reward=-1.0000 assigned=28/81 contradiction=True
Contradiction found after pos_2_0_0_2=5
Frontier expanded pos_1_0_2_0=7 from depth=11 -> reward=0.0370 assigned=18/81 contradiction=False
Frontier expanded pos_1_0_2_1=3 from depth=11 -> reward=0.0370 assigned=18/81 contradiction=False
Frontier expanded pos_0_0_0_0=5 from depth=12 -> reward=-1.0000 assigned=25/81 contradiction=True
Contradiction found after pos_0_0_0_0=5
Frontier expanded pos_1_1_2_2=1 from depth=12 -> reward=-1.0000 assigned=24/81 contradiction=True
Contradiction found after pos_1_1_2_2=1
Frontier expanded pos_1_1_2_2=5 from depth=12 -> reward=-1.0000 assigned=21/81 contradiction=True
Contradiction found after pos_1_1_2_2=5
Frontier expanded pos_1_2_0_1=5 from depth=12 -> reward=-1.0000 assigned=22/81 contradiction=True
Contradiction found after pos_1_2_0_1=5
Frontier expanded pos_1_2_2_0=1 from depth=12 -> reward=-1.0000 assigned=20/81 contradiction=True
Contradiction found after pos_1_2_2_0=1
Frontier expanded pos_0_0_0_2=1 from depth=10 -> reward=-1.0000 assigned=15/81 contradiction=True
Contradiction found after pos_0_0_0_2=1
Frontier expanded pos_0_0_0_2=5 from depth=10 -> reward=-1.0000 assigned=18/81 contradiction=True
Contradiction found after pos_0_0_0_2=5
Frontier expanded pos_1_0_2_0=3 from depth=10 -> reward=-1.0000 assigned=16/81 contradiction=True
Contradiction found after pos_1_0_2_0=3
Frontier expanded pos_1_0_2_0=7 from depth=10 -> reward=-1.0000 assigned=17/81 contradiction=True
Contradiction found after pos_1_0_2_0=7
Frontier expanded pos_1_0_2_1=3 from depth=10 -> reward=-1.0000 assigned=16/81 contradiction=True
Contradiction found after pos_1_0_2_1=3
Frontier expanded pos_2_0_0_2=1 from depth=6 -> reward=-1.0000 assigned=15/81 contradiction=True
Contradiction found after pos_2_0_0_2=1
Frontier expanded pos_2_0_0_2=5 from depth=6 -> reward=-1.0000 assigned=8/81 contradiction=True
Contradiction found after pos_2_0_0_2=5
Frontier expanded pos_2_2_0_1=2 from depth=6 -> reward=-1.0000 assigned=16/81 contradiction=True
Contradiction found after pos_2_2_0_1=2
Frontier expanded pos_2_2_0_1=5 from depth=6 -> reward=-1.0000 assigned=11/81 contradiction=True
Contradiction found after pos_2_2_0_1=5
Frontier expanded pos_1_0_2_0=3 from depth=6 -> reward=0.0247 assigned=9/81 contradiction=False
Frontier expanded pos_1_1_2_2=1 from depth=7 -> reward=-1.0000 assigned=11/81 contradiction=True
Contradiction found after pos_1_1_2_2=1
Frontier expanded pos_1_1_2_2=5 from depth=7 -> reward=-1.0000 assigned=17/81 contradiction=True
Contradiction found after pos_1_1_2_2=5
Frontier expanded pos_1_2_2_0=1 from depth=7 -> reward=-1.0000 assigned=12/81 contradiction=True
Contradiction found after pos_1_2_2_0=1
Frontier expanded pos_1_2_2_0=5 from depth=7 -> reward=-1.0000 assigned=11/81 contradiction=True
Contradiction found after pos_1_2_2_0=5
Frontier expanded pos_2_0_0_2=1 from depth=7 -> reward=-1.0000 assigned=20/81 contradiction=True
Contradiction found after pos_2_0_0_2=1
Frontier expanded pos_2_0_0_2=1 from depth=6 -> reward=-1.0000 assigned=14/81 contradiction=True
Contradiction found after pos_2_0_0_2=1
Frontier expanded pos_2_0_0_2=5 from depth=6 -> reward=-1.0000 assigned=15/81 contradiction=True
Contradiction found after pos_2_0_0_2=5
Frontier expanded pos_0_0_1_0=1 from depth=6 -> reward=0.0123 assigned=8/81 contradiction=False
Frontier expanded pos_0_0_1_0=0 from depth=6 -> reward=0.0247 assigned=9/81 contradiction=False
Frontier expanded pos_0_0_1_0=2 from depth=6 -> reward=0.0247 assigned=9/81 contradiction=False
Frontier expanded pos_1_2_0_1=5 from depth=7 -> reward=-1.0000 assigned=16/81 contradiction=True
Contradiction found after pos_1_2_0_1=5
Frontier expanded pos_2_0_0_2=1 from depth=7 -> reward=-1.0000 assigned=18/81 contradiction=True
Contradiction found after pos_2_0_0_2=1
Frontier expanded pos_2_0_0_2=5 from depth=7 -> reward=-1.0000 assigned=15/81 contradiction=True
Contradiction found after pos_2_0_0_2=5
Frontier expanded pos_0_0_0_1=4 from depth=7 -> reward=-1.0000 assigned=15/81 contradiction=True
Contradiction found after pos_0_0_0_1=4
Frontier expanded pos_0_0_0_1=5 from depth=7 -> reward=-1.0000 assigned=21/81 contradiction=True
Contradiction found after pos_0_0_0_1=5
Frontier expanded pos_2_0_0_2=1 from depth=7 -> reward=-1.0000 assigned=18/81 contradiction=True
Contradiction found after pos_2_0_0_2=1
Frontier expanded pos_2_0_0_2=5 from depth=7 -> reward=-1.0000 assigned=17/81 contradiction=True
Contradiction found after pos_2_0_0_2=5
Frontier expanded pos_1_2_2_0=3 from depth=7 -> reward=-1.0000 assigned=12/81 contradiction=True
Contradiction found after pos_1_2_2_0=3
Frontier expanded pos_1_2_0_1=3 from depth=7 -> reward=0.0123 assigned=10/81 contradiction=False
Frontier expanded pos_1_0_2_0=3 from depth=7 -> reward=0.0247 assigned=11/81 contradiction=False
Frontier expanded pos_1_1_2_2=1 from depth=8 -> reward=-1.0000 assigned=14/81 contradiction=True
Contradiction found after pos_1_1_2_2=1
Frontier expanded pos_1_1_2_2=5 from depth=8 -> reward=-1.0000 assigned=13/81 contradiction=True
Contradiction found after pos_1_1_2_2=5
Frontier expanded pos_1_2_0_1=5 from depth=8 -> reward=-1.0000 assigned=15/81 contradiction=True
Contradiction found after pos_1_2_0_1=5
Frontier expanded pos_1_2_2_0=1 from depth=8 -> reward=-1.0000 assigned=14/81 contradiction=True
Contradiction found after pos_1_2_2_0=1
Frontier expanded pos_1_2_2_0=5 from depth=8 -> reward=-1.0000 assigned=14/81 contradiction=True
Contradiction found after pos_1_2_2_0=5
Frontier expanded pos_2_0_0_2=1 from depth=8 -> reward=-1.0000 assigned=20/81 contradiction=True
Contradiction found after pos_2_0_0_2=1
Frontier expanded pos_2_0_0_2=5 from depth=8 -> reward=-1.0000 assigned=11/81 contradiction=True
Contradiction found after pos_2_0_0_2=5
Frontier expanded pos_2_2_0_1=2 from depth=8 -> reward=-1.0000 assigned=21/81 contradiction=True
Contradiction found after pos_2_2_0_1=2
Frontier expanded pos_2_2_0_1=5 from depth=8 -> reward=-1.0000 assigned=14/81 contradiction=True
Contradiction found after pos_2_2_0_1=5
Frontier expanded pos_1_0_2_0=3 from depth=8 -> reward=0.0247 assigned=12/81 contradiction=False
Frontier expanded pos_1_1_2_2=1 from depth=9 -> reward=-1.0000 assigned=14/81 contradiction=True
Contradiction found after pos_1_1_2_2=1
Frontier expanded pos_1_1_2_2=5 from depth=9 -> reward=-1.0000 assigned=20/81 contradiction=True
Contradiction found after pos_1_1_2_2=5
Frontier expanded pos_1_2_2_0=1 from depth=9 -> reward=-1.0000 assigned=15/81 contradiction=True
Contradiction found after pos_1_2_2_0=1
Frontier expanded pos_1_2_2_0=5 from depth=9 -> reward=-1.0000 assigned=14/81 contradiction=True
Contradiction found after pos_1_2_2_0=5
Frontier expanded pos_2_0_0_2=1 from depth=9 -> reward=-1.0000 assigned=26/81 contradiction=True
Contradiction found after pos_2_0_0_2=1
Frontier expanded pos_1_2_0_1=5 from depth=7 -> reward=-1.0000 assigned=15/81 contradiction=True
Contradiction found after pos_1_2_0_1=5
Frontier expanded pos_2_0_0_2=1 from depth=7 -> reward=-1.0000 assigned=17/81 contradiction=True
Contradiction found after pos_2_0_0_2=1
Frontier expanded pos_2_0_0_2=5 from depth=7 -> reward=-1.0000 assigned=14/81 contradiction=True
Contradiction found after pos_2_0_0_2=5
Frontier expanded pos_1_2_0_1=3 from depth=7 -> reward=0.0123 assigned=9/81 contradiction=False
Frontier expanded pos_0_1_1_0=0 from depth=7 -> reward=0.0123 assigned=9/81 contradiction=False
Frontier expanded pos_2_0_0_2=1 from depth=8 -> reward=-1.0000 assigned=19/81 contradiction=True
Contradiction found after pos_2_0_0_2=1
Frontier expanded pos_2_0_0_2=5 from depth=8 -> reward=-1.0000 assigned=11/81 contradiction=True
Contradiction found after pos_2_0_0_2=5
Frontier expanded pos_0_1_1_0=0 from depth=8 -> reward=0.0123 assigned=10/81 contradiction=False
Frontier expanded pos_0_1_1_0=2 from depth=8 -> reward=0.0123 assigned=10/81 contradiction=False
Frontier expanded pos_1_0_2_0=7 from depth=8 -> reward=0.0370 assigned=12/81 contradiction=False
Frontier expanded pos_1_1_2_2=1 from depth=9 -> reward=-1.0000 assigned=15/81 contradiction=True
Contradiction found after pos_1_1_2_2=1
Frontier expanded pos_1_1_2_2=5 from depth=9 -> reward=-1.0000 assigned=20/81 contradiction=True
Contradiction found after pos_1_1_2_2=5
Frontier expanded pos_1_2_2_0=1 from depth=9 -> reward=-1.0000 assigned=14/81 contradiction=True
Contradiction found after pos_1_2_2_0=1
Frontier expanded pos_1_2_2_0=5 from depth=9 -> reward=-1.0000 assigned=14/81 contradiction=True
Contradiction found after pos_1_2_2_0=5
Frontier expanded pos_2_0_0_2=1 from depth=9 -> reward=-1.0000 assigned=17/81 contradiction=True
Contradiction found after pos_2_0_0_2=1
Frontier expanded pos_2_0_0_2=1 from depth=9 -> reward=-1.0000 assigned=20/81 contradiction=True
Contradiction found after pos_2_0_0_2=1
Frontier expanded pos_2_0_0_2=5 from depth=9 -> reward=-1.0000 assigned=12/81 contradiction=True
Contradiction found after pos_2_0_0_2=5
Frontier expanded pos_2_2_0_1=2 from depth=9 -> reward=-1.0000 assigned=21/81 contradiction=True
Contradiction found after pos_2_2_0_1=2
Frontier expanded pos_2_2_0_1=5 from depth=9 -> reward=-1.0000 assigned=15/81 contradiction=True
Contradiction found after pos_2_2_0_1=5
Frontier expanded pos_1_0_2_0=3 from depth=9 -> reward=0.0247 assigned=12/81 contradiction=False
Frontier expanded pos_1_1_2_2=1 from depth=10 -> reward=-1.0000 assigned=14/81 contradiction=True
Contradiction found after pos_1_1_2_2=1
Frontier expanded pos_1_1_2_2=5 from depth=10 -> reward=-1.0000 assigned=20/81 contradiction=True
Contradiction found after pos_1_1_2_2=5
Frontier expanded pos_1_2_2_0=1 from depth=10 -> reward=-1.0000 assigned=15/81 contradiction=True
Contradiction found after pos_1_2_2_0=1
Frontier expanded pos_1_2_2_0=5 from depth=10 -> reward=-1.0000 assigned=14/81 contradiction=True
Contradiction found after pos_1_2_2_0=5
Frontier expanded pos_2_0_0_2=1 from depth=10 -> reward=-1.0000 assigned=26/81 contradiction=True
Contradiction found after pos_2_0_0_2=1
Frontier expanded pos_2_0_0_2=1 from depth=9 -> reward=-1.0000 assigned=20/81 contradiction=True
Contradiction found after pos_2_0_0_2=1
Frontier expanded pos_2_0_0_2=5 from depth=9 -> reward=-1.0000 assigned=12/81 contradiction=True
Contradiction found after pos_2_0_0_2=5
Frontier expanded pos_2_2_0_1=2 from depth=9 -> reward=-1.0000 assigned=21/81 contradiction=True
Contradiction found after pos_2_2_0_1=2
Frontier expanded pos_2_2_0_1=5 from depth=9 -> reward=-1.0000 assigned=15/81 contradiction=True
Contradiction found after pos_2_2_0_1=5
Frontier expanded pos_1_0_2_0=3 from depth=9 -> reward=0.0247 assigned=12/81 contradiction=False
Frontier expanded pos_1_1_2_2=1 from depth=10 -> reward=-1.0000 assigned=14/81 contradiction=True
Contradiction found after pos_1_1_2_2=1
Frontier expanded pos_1_1_2_2=5 from depth=10 -> reward=-1.0000 assigned=20/81 contradiction=True
Contradiction found after pos_1_1_2_2=5
Frontier expanded pos_1_2_2_0=1 from depth=10 -> reward=-1.0000 assigned=15/81 contradiction=True
Contradiction found after pos_1_2_2_0=1
Frontier expanded pos_1_2_2_0=5 from depth=10 -> reward=-1.0000 assigned=14/81 contradiction=True
Contradiction found after pos_1_2_2_0=5
Frontier expanded pos_2_0_0_2=1 from depth=10 -> reward=-1.0000 assigned=26/81 contradiction=True
Contradiction found after pos_2_0_0_2=1
Frontier expanded pos_1_2_0_1=5 from depth=8 -> reward=-1.0000 assigned=16/81 contradiction=True
Contradiction found after pos_1_2_0_1=5
Frontier expanded pos_2_0_0_2=1 from depth=8 -> reward=-1.0000 assigned=18/81 contradiction=True
Contradiction found after pos_2_0_0_2=1
Frontier expanded pos_2_0_0_2=5 from depth=8 -> reward=-1.0000 assigned=15/81 contradiction=True
Contradiction found after pos_2_0_0_2=5
Frontier expanded pos_0_0_0_1=4 from depth=8 -> reward=-1.0000 assigned=15/81 contradiction=True
Contradiction found after pos_0_0_0_1=4
Frontier expanded pos_0_0_0_1=5 from depth=8 -> reward=-1.0000 assigned=21/81 contradiction=True
Contradiction found after pos_0_0_0_1=5
Frontier expanded pos_2_0_0_2=1 from depth=4 -> reward=-1.0000 assigned=13/81 contradiction=True
Contradiction found after pos_2_0_0_2=1
Frontier expanded pos_2_0_0_2=5 from depth=4 -> reward=-1.0000 assigned=11/81 contradiction=True
Contradiction found after pos_2_0_0_2=5
Frontier expanded pos_0_2_1_1=1 from depth=4 -> reward=0.0123 assigned=6/81 contradiction=False
Frontier expanded pos_0_2_1_1=3 from depth=4 -> reward=0.0123 assigned=6/81 contradiction=False
Frontier expanded pos_0_2_1_1=5 from depth=4 -> reward=0.0123 assigned=6/81 contradiction=False
Frontier expanded pos_2_0_0_2=1 from depth=5 -> reward=-1.0000 assigned=14/81 contradiction=True
Contradiction found after pos_2_0_0_2=1
Frontier expanded pos_2_0_0_2=5 from depth=5 -> reward=-1.0000 assigned=13/81 contradiction=True
Contradiction found after pos_2_0_0_2=5
Frontier expanded pos_1_2_1_0=7 from depth=5 -> reward=0.0247 assigned=8/81 contradiction=False
Frontier expanded pos_1_2_0_1=3 from depth=5 -> reward=0.0123 assigned=7/81 contradiction=False
Frontier expanded pos_1_2_0_1=7 from depth=5 -> reward=0.0123 assigned=7/81 contradiction=False
Frontier expanded pos_2_0_0_2=1 from depth=6 -> reward=-1.0000 assigned=15/81 contradiction=True
Contradiction found after pos_2_0_0_2=1
Frontier expanded pos_2_0_0_2=5 from depth=6 -> reward=-1.0000 assigned=8/81 contradiction=True
Contradiction found after pos_2_0_0_2=5
Frontier expanded pos_2_2_0_1=2 from depth=6 -> reward=-1.0000 assigned=16/81 contradiction=True
Contradiction found after pos_2_2_0_1=2
Frontier expanded pos_2_2_0_1=5 from depth=6 -> reward=-1.0000 assigned=11/81 contradiction=True
Contradiction found after pos_2_2_0_1=5
Frontier expanded pos_1_2_1_0=7 from depth=6 -> reward=0.0247 assigned=9/81 contradiction=False
Frontier expanded pos_2_0_0_2=1 from depth=6 -> reward=-1.0000 assigned=14/81 contradiction=True
Contradiction found after pos_2_0_0_2=1
Frontier expanded pos_2_0_0_2=5 from depth=6 -> reward=-1.0000 assigned=14/81 contradiction=True
Contradiction found after pos_2_0_0_2=5
Frontier expanded pos_1_2_2_0=3 from depth=6 -> reward=-1.0000 assigned=10/81 contradiction=True
Contradiction found after pos_1_2_2_0=3
Frontier expanded pos_1_2_1_0=3 from depth=6 -> reward=0.0123 assigned=8/81 contradiction=False
Frontier expanded pos_1_0_2_0=3 from depth=6 -> reward=0.0247 assigned=9/81 contradiction=False
Frontier expanded pos_1_1_2_2=1 from depth=7 -> reward=-1.0000 assigned=11/81 contradiction=True
Contradiction found after pos_1_1_2_2=1
Frontier expanded pos_1_1_2_2=5 from depth=7 -> reward=-1.0000 assigned=16/81 contradiction=True
Contradiction found after pos_1_1_2_2=5
Frontier expanded pos_1_2_1_0=1 from depth=7 -> reward=-1.0000 assigned=12/81 contradiction=True
Contradiction found after pos_1_2_1_0=1
Frontier expanded pos_1_2_2_0=1 from depth=7 -> reward=-1.0000 assigned=13/81 contradiction=True
Contradiction found after pos_1_2_2_0=1
Frontier expanded pos_1_2_2_0=5 from depth=7 -> reward=-1.0000 assigned=11/81 contradiction=True
Contradiction found after pos_1_2_2_0=5
Frontier expanded pos_2_0_0_2=1 from depth=7 -> reward=-1.0000 assigned=15/81 contradiction=True
Contradiction found after pos_2_0_0_2=1
Frontier expanded pos_2_0_0_2=5 from depth=7 -> reward=-1.0000 assigned=15/81 contradiction=True
Contradiction found after pos_2_0_0_2=5
Frontier expanded pos_0_0_1_0=7 from depth=7 -> reward=0.0123 assigned=9/81 contradiction=False
Frontier expanded pos_0_0_1_0=6 from depth=7 -> reward=0.0247 assigned=10/81 contradiction=False
Frontier expanded pos_0_0_1_0=8 from depth=7 -> reward=0.0247 assigned=10/81 contradiction=False
Frontier expanded pos_2_0_0_2=1 from depth=8 -> reward=-1.0000 assigned=21/81 contradiction=True
Contradiction found after pos_2_0_0_2=1
Frontier expanded pos_2_0_0_2=5 from depth=8 -> reward=-1.0000 assigned=18/81 contradiction=True
Contradiction found after pos_2_0_0_2=5
Frontier expanded pos_0_0_0_1=2 from depth=8 -> reward=-1.0000 assigned=14/81 contradiction=True
Contradiction found after pos_0_0_0_1=2
Frontier expanded pos_0_0_0_1=4 from depth=8 -> reward=-1.0000 assigned=16/81 contradiction=True
Contradiction found after pos_0_0_0_1=4
Frontier expanded pos_0_0_0_1=5 from depth=8 -> reward=0.0617 assigned=15/81 contradiction=False
Frontier expanded pos_1_0_2_0=3 from depth=9 -> reward=0.0247 assigned=17/81 contradiction=False
Frontier expanded pos_1_0_2_1=7 from depth=9 -> reward=0.0247 assigned=17/81 contradiction=False
Frontier expanded pos_0_1_1_1=4 from depth=9 -> reward=0.0123 assigned=16/81 contradiction=False
Frontier expanded pos_0_0_0_0=1 from depth=9 -> reward=0.0370 assigned=18/81 contradiction=False
Frontier expanded pos_0_1_0_0=2 from depth=9 -> reward=0.0370 assigned=18/81 contradiction=False
Frontier expanded pos_0_1_0_1=6 from depth=10 -> reward=-1.0000 assigned=19/81 contradiction=True
Contradiction found after pos_0_1_0_1=6
Frontier expanded pos_0_1_2_0=1 from depth=10 -> reward=-1.0000 assigned=23/81 contradiction=True
Contradiction found after pos_0_1_2_0=1
Frontier expanded pos_0_2_0_0=8 from depth=10 -> reward=-1.0000 assigned=19/81 contradiction=True
Contradiction found after pos_0_2_0_0=8
Frontier expanded pos_0_1_2_0=6 from depth=10 -> reward=0.0741 assigned=24/81 contradiction=False
Frontier expanded pos_0_2_1_0=2 from depth=10 -> reward=0.0988 assigned=26/81 contradiction=False
Frontier expanded pos_0_1_2_1=1 from depth=11 -> reward=-1.0000 assigned=28/81 contradiction=True
Contradiction found after pos_0_1_2_1=1
Frontier expanded pos_0_1_2_2=0 from depth=11 -> reward=-1.0000 assigned=28/81 contradiction=True
Contradiction found after pos_0_1_2_2=0
Frontier expanded pos_0_2_2_1=3 from depth=11 -> reward=-1.0000 assigned=32/81 contradiction=True
Contradiction found after pos_0_2_2_1=3
Frontier expanded pos_0_2_2_1=4 from depth=11 -> reward=-1.0000 assigned=35/81 contradiction=True
Contradiction found after pos_0_2_2_1=4
Frontier expanded pos_0_2_2_2=3 from depth=11 -> reward=-1.0000 assigned=35/81 contradiction=True
Contradiction found after pos_0_2_2_2=3
Frontier expanded pos_0_1_2_1=1 from depth=11 -> reward=-1.0000 assigned=26/81 contradiction=True
Contradiction found after pos_0_1_2_1=1
Frontier expanded pos_0_1_2_2=0 from depth=11 -> reward=-1.0000 assigned=26/81 contradiction=True
Contradiction found after pos_0_1_2_2=0
Frontier expanded pos_1_0_2_0=3 from depth=11 -> reward=-1.0000 assigned=27/81 contradiction=True
Contradiction found after pos_1_0_2_0=3
Frontier expanded pos_1_0_2_0=7 from depth=11 -> reward=-1.0000 assigned=27/81 contradiction=True
Contradiction found after pos_1_0_2_0=7
Frontier expanded pos_0_1_2_1=0 from depth=11 -> reward=0.0247 assigned=26/81 contradiction=False
Frontier expanded pos_1_0_2_0=3 from depth=12 -> reward=-1.0000 assigned=29/81 contradiction=True
Contradiction found after pos_1_0_2_0=3
Frontier expanded pos_1_0_2_0=7 from depth=12 -> reward=-1.0000 assigned=29/81 contradiction=True
Contradiction found after pos_1_0_2_0=7
Frontier expanded pos_1_0_2_1=3 from depth=12 -> reward=-1.0000 assigned=37/81 contradiction=True
Contradiction found after pos_1_0_2_1=3
Frontier expanded pos_1_0_2_1=7 from depth=12 -> reward=-1.0000 assigned=29/81 contradiction=True
Contradiction found after pos_1_0_2_1=7
Frontier expanded pos_2_0_0_2=1 from depth=12 -> reward=-1.0000 assigned=36/81 contradiction=True
Contradiction found after pos_2_0_0_2=1
Frontier expanded pos_0_0_0_0=2 from depth=10 -> reward=-1.0000 assigned=23/81 contradiction=True
Contradiction found after pos_0_0_0_0=2
Frontier expanded pos_0_1_0_0=1 from depth=10 -> reward=-1.0000 assigned=23/81 contradiction=True
Contradiction found after pos_0_1_0_0=1
Frontier expanded pos_0_1_1_1=2 from depth=10 -> reward=-1.0000 assigned=24/81 contradiction=True
Contradiction found after pos_0_1_1_1=2
Frontier expanded pos_0_2_2_0=2 from depth=10 -> reward=-1.0000 assigned=23/81 contradiction=True
Contradiction found after pos_0_2_2_0=2
Frontier expanded pos_0_2_2_0=5 from depth=10 -> reward=-1.0000 assigned=21/81 contradiction=True
Contradiction found after pos_0_2_2_0=5
Frontier expanded pos_1_0_2_0=3 from depth=10 -> reward=0.0247 assigned=18/81 contradiction=False
Frontier expanded pos_0_2_1_0=8 from depth=10 -> reward=0.0494 assigned=20/81 contradiction=False
Frontier expanded pos_0_2_1_2=2 from depth=10 -> reward=0.0494 assigned=20/81 contradiction=False
Frontier expanded pos_0_2_1_0=2 from depth=10 -> reward=0.0494 assigned=20/81 contradiction=False
Frontier expanded pos_0_2_1_2=8 from depth=10 -> reward=0.0494 assigned=20/81 contradiction=False
Frontier expanded pos_0_1_2_0=2 from depth=11 -> reward=-1.0000 assigned=41/81 contradiction=True
Contradiction found after pos_0_1_2_0=2
Frontier expanded pos_0_2_2_0=3 from depth=11 -> reward=-1.0000 assigned=41/81 contradiction=True
Contradiction found after pos_0_2_2_0=3
Frontier expanded pos_1_0_2_0=3 from depth=11 -> reward=-1.0000 assigned=27/81 contradiction=True
Contradiction found after pos_1_0_2_0=3
Frontier expanded pos_1_0_2_0=7 from depth=11 -> reward=-1.0000 assigned=33/81 contradiction=True
Contradiction found after pos_1_0_2_0=7
Frontier expanded pos_0_0_0_0=1 from depth=11 -> reward=0.0741 assigned=26/81 contradiction=False
Frontier expanded pos_0_1_2_1=1 from depth=12 -> reward=-1.0000 assigned=28/81 contradiction=True
Contradiction found after pos_0_1_2_1=1
Frontier expanded pos_0_1_2_2=0 from depth=12 -> reward=-1.0000 assigned=28/81 contradiction=True
Contradiction found after pos_0_1_2_2=0
Frontier expanded pos_0_2_2_1=3 from depth=12 -> reward=-1.0000 assigned=32/81 contradiction=True
Contradiction found after pos_0_2_2_1=3
Frontier expanded pos_0_2_2_1=4 from depth=12 -> reward=-1.0000 assigned=35/81 contradiction=True
Contradiction found after pos_0_2_2_1=4
Frontier expanded pos_0_2_2_2=3 from depth=12 -> reward=-1.0000 assigned=35/81 contradiction=True
Contradiction found after pos_0_2_2_2=3
Frontier expanded pos_0_1_2_0=2 from depth=11 -> reward=-1.0000 assigned=38/81 contradiction=True
Contradiction found after pos_0_1_2_0=2
Frontier expanded pos_0_2_2_0=3 from depth=11 -> reward=-1.0000 assigned=38/81 contradiction=True
Contradiction found after pos_0_2_2_0=3
Frontier expanded pos_1_0_2_0=3 from depth=11 -> reward=-1.0000 assigned=27/81 contradiction=True
Contradiction found after pos_1_0_2_0=3
Frontier expanded pos_1_0_2_0=7 from depth=11 -> reward=-1.0000 assigned=32/81 contradiction=True
Contradiction found after pos_1_0_2_0=7
Frontier expanded pos_0_0_0_0=1 from depth=11 -> reward=0.0741 assigned=26/81 contradiction=False
Frontier expanded pos_0_0_0_0=2 from depth=11 -> reward=-1.0000 assigned=27/81 contradiction=True
Contradiction found after pos_0_0_0_0=2
Frontier expanded pos_0_1_0_0=1 from depth=11 -> reward=-1.0000 assigned=27/81 contradiction=True
Contradiction found after pos_0_1_0_0=1
Frontier expanded pos_0_1_2_0=1 from depth=11 -> reward=-1.0000 assigned=25/81 contradiction=True
Contradiction found after pos_0_1_2_0=1
Frontier expanded pos_0_1_2_0=6 from depth=11 -> reward=-1.0000 assigned=25/81 contradiction=True
Contradiction found after pos_0_1_2_0=6
Frontier expanded pos_0_2_1_0=2 from depth=11 -> reward=-1.0000 assigned=27/81 contradiction=True
Contradiction found after pos_0_2_1_0=2
Frontier expanded pos_2_0_0_2=1 from depth=8 -> reward=-1.0000 assigned=17/81 contradiction=True
Contradiction found after pos_2_0_0_2=1
Frontier expanded pos_2_0_0_2=5 from depth=8 -> reward=-1.0000 assigned=17/81 contradiction=True
Contradiction found after pos_2_0_0_2=5
Frontier expanded pos_0_2_1_0=6 from depth=8 -> reward=0.0123 assigned=11/81 contradiction=False
Frontier expanded pos_1_0_2_0=3 from depth=8 -> reward=0.0247 assigned=12/81 contradiction=False
Frontier expanded pos_1_0_2_1=7 from depth=8 -> reward=0.0247 assigned=12/81 contradiction=False
Frontier expanded pos_1_1_2_2=1 from depth=9 -> reward=-1.0000 assigned=17/81 contradiction=True
Contradiction found after pos_1_1_2_2=1
Frontier expanded pos_1_1_2_2=5 from depth=9 -> reward=-1.0000 assigned=19/81 contradiction=True
Contradiction found after pos_1_1_2_2=5
Frontier expanded pos_1_2_2_0=1 from depth=9 -> reward=-1.0000 assigned=15/81 contradiction=True
Contradiction found after pos_1_2_2_0=1
Frontier expanded pos_1_2_2_0=5 from depth=9 -> reward=-1.0000 assigned=16/81 contradiction=True
Contradiction found after pos_1_2_2_0=5
Frontier expanded pos_2_0_0_2=1 from depth=9 -> reward=-1.0000 assigned=24/81 contradiction=True
Contradiction found after pos_2_0_0_2=1
Frontier expanded pos_1_0_2_0=7 from depth=9 -> reward=0.0370 assigned=14/81 contradiction=False
Frontier expanded pos_1_0_2_1=3 from depth=9 -> reward=0.0370 assigned=14/81 contradiction=False
Frontier expanded pos_0_2_1_2=2 from depth=9 -> reward=0.0123 assigned=12/81 contradiction=False
Frontier expanded pos_2_0_0_2=1 from depth=9 -> reward=-1.0000 assigned=18/81 contradiction=True
Contradiction found after pos_2_0_0_2=1
Frontier expanded pos_2_0_0_2=5 from depth=9 -> reward=-1.0000 assigned=18/81 contradiction=True
Contradiction found after pos_2_0_0_2=5
Frontier expanded pos_0_2_1_2=2 from depth=10 -> reward=0.0123 assigned=15/81 contradiction=False
Frontier expanded pos_1_0_2_2=4 from depth=10 -> reward=0.0123 assigned=15/81 contradiction=False
Frontier expanded pos_1_0_2_2=2 from depth=10 -> reward=0.0123 assigned=15/81 contradiction=False
Frontier expanded pos_1_1_2_2=1 from depth=10 -> reward=-1.0000 assigned=18/81 contradiction=True
Contradiction found after pos_1_1_2_2=1
Frontier expanded pos_1_1_2_2=5 from depth=10 -> reward=-1.0000 assigned=21/81 contradiction=True
Contradiction found after pos_1_1_2_2=5
Frontier expanded pos_1_0_2_2=2 from depth=11 -> reward=0.0123 assigned=16/81 contradiction=False
Frontier expanded pos_0_1_1_1=5 from depth=11 -> reward=0.0494 assigned=19/81 contradiction=False
Frontier expanded pos_1_0_2_2=4 from depth=11 -> reward=0.0123 assigned=16/81 contradiction=False
Frontier expanded pos_1_1_2_2=1 from depth=11 -> reward=-1.0000 assigned=20/81 contradiction=True
Contradiction found after pos_1_1_2_2=1
Frontier expanded pos_1_1_2_2=5 from depth=11 -> reward=-1.0000 assigned=22/81 contradiction=True
Contradiction found after pos_1_1_2_2=5
Frontier expanded pos_1_0_2_2=2 from depth=12 -> reward=0.0123 assigned=20/81 contradiction=False
Frontier expanded pos_1_0_2_2=4 from depth=12 -> reward=0.0123 assigned=20/81 contradiction=False
Frontier expanded pos_0_2_2_0=5 from depth=12 -> reward=-1.0000 assigned=23/81 contradiction=True
Contradiction found after pos_0_2_2_0=5
Frontier expanded pos_1_1_2_2=1 from depth=12 -> reward=-1.0000 assigned=24/81 contradiction=True
Contradiction found after pos_1_1_2_2=1
Frontier expanded pos_1_1_2_2=5 from depth=12 -> reward=-1.0000 assigned=26/81 contradiction=True
Contradiction found after pos_1_1_2_2=5
Frontier expanded pos_1_0_1_2=6 from depth=13 -> reward=0.0123 assigned=21/81 contradiction=False
Frontier expanded pos_0_2_2_0=5 from depth=13 -> reward=-1.0000 assigned=25/81 contradiction=True
Contradiction found after pos_0_2_2_0=5
Frontier expanded pos_1_1_2_2=1 from depth=13 -> reward=-1.0000 assigned=27/81 contradiction=True
Contradiction found after pos_1_1_2_2=1
Frontier expanded pos_1_1_2_2=5 from depth=13 -> reward=-1.0000 assigned=28/81 contradiction=True
Contradiction found after pos_1_1_2_2=5
Frontier expanded pos_1_2_2_0=1 from depth=13 -> reward=-1.0000 assigned=24/81 contradiction=True
Contradiction found after pos_1_2_2_0=1
Frontier expanded pos_2_0_1_1=3 from depth=14 -> reward=0.0123 assigned=22/81 contradiction=False
Frontier expanded pos_0_2_2_0=5 from depth=14 -> reward=-1.0000 assigned=26/81 contradiction=True
Contradiction found after pos_0_2_2_0=5
Frontier expanded pos_1_1_2_2=1 from depth=14 -> reward=-1.0000 assigned=28/81 contradiction=True
Contradiction found after pos_1_1_2_2=1
Frontier expanded pos_1_1_2_2=5 from depth=14 -> reward=-1.0000 assigned=29/81 contradiction=True
Contradiction found after pos_1_1_2_2=5
Frontier expanded pos_1_2_2_0=1 from depth=14 -> reward=-1.0000 assigned=25/81 contradiction=True
Contradiction found after pos_1_2_2_0=1
Frontier expanded pos_0_2_2_0=5 from depth=15 -> reward=-1.0000 assigned=27/81 contradiction=True
Contradiction found after pos_0_2_2_0=5
Frontier expanded pos_1_1_2_2=1 from depth=15 -> reward=-1.0000 assigned=29/81 contradiction=True
Contradiction found after pos_1_1_2_2=1
Frontier expanded pos_1_1_2_2=5 from depth=15 -> reward=-1.0000 assigned=30/81 contradiction=True
Contradiction found after pos_1_1_2_2=5
Frontier expanded pos_1_2_2_0=1 from depth=15 -> reward=-1.0000 assigned=26/81 contradiction=True
Contradiction found after pos_1_2_2_0=1
Frontier expanded pos_1_2_2_0=5 from depth=15 -> reward=-1.0000 assigned=25/81 contradiction=True
Contradiction found after pos_1_2_2_0=5
Frontier expanded pos_2_0_1_1=3 from depth=13 -> reward=0.0123 assigned=21/81 contradiction=False
Frontier expanded pos_0_2_2_0=5 from depth=13 -> reward=-1.0000 assigned=24/81 contradiction=True
Contradiction found after pos_0_2_2_0=5
Frontier expanded pos_1_1_2_2=1 from depth=13 -> reward=-1.0000 assigned=25/81 contradiction=True
Contradiction found after pos_1_1_2_2=1
Frontier expanded pos_1_1_2_2=5 from depth=13 -> reward=-1.0000 assigned=27/81 contradiction=True
Contradiction found after pos_1_1_2_2=5
Frontier expanded pos_1_2_2_0=1 from depth=13 -> reward=-1.0000 assigned=22/81 contradiction=True
Contradiction found after pos_1_2_2_0=1
Frontier expanded pos_2_1_1_1=6 from depth=14 -> reward=0.0123 assigned=22/81 contradiction=False
Frontier expanded pos_0_2_2_0=5 from depth=14 -> reward=-1.0000 assigned=25/81 contradiction=True
Contradiction found after pos_0_2_2_0=5
Frontier expanded pos_1_1_2_2=1 from depth=14 -> reward=-1.0000 assigned=26/81 contradiction=True
Contradiction found after pos_1_1_2_2=1
Frontier expanded pos_1_1_2_2=5 from depth=14 -> reward=-1.0000 assigned=28/81 contradiction=True
Contradiction found after pos_1_1_2_2=5
Frontier expanded pos_1_2_2_0=1 from depth=14 -> reward=-1.0000 assigned=23/81 contradiction=True
Contradiction found after pos_1_2_2_0=1
Frontier expanded pos_1_0_1_1=0 from depth=15 -> reward=0.0123 assigned=23/81 contradiction=False
Frontier expanded pos_0_2_2_0=5 from depth=15 -> reward=-1.0000 assigned=26/81 contradiction=True
Contradiction found after pos_0_2_2_0=5
Frontier expanded pos_1_1_2_2=1 from depth=15 -> reward=-1.0000 assigned=27/81 contradiction=True
Contradiction found after pos_1_1_2_2=1
Frontier expanded pos_1_1_2_2=5 from depth=15 -> reward=-1.0000 assigned=29/81 contradiction=True
Contradiction found after pos_1_1_2_2=5
Frontier expanded pos_1_2_2_0=1 from depth=15 -> reward=-1.0000 assigned=24/81 contradiction=True
Contradiction found after pos_1_2_2_0=1
Frontier expanded pos_1_1_1_1=7 from depth=16 -> reward=0.0123 assigned=24/81 contradiction=False
Frontier expanded pos_0_2_2_0=5 from depth=16 -> reward=-1.0000 assigned=27/81 contradiction=True
Contradiction found after pos_0_2_2_0=5
Frontier expanded pos_1_1_1_1=2 from depth=16 -> reward=-1.0000 assigned=47/81 contradiction=True
Contradiction found after pos_1_1_1_1=2
Frontier expanded pos_1_1_2_2=1 from depth=16 -> reward=-1.0000 assigned=28/81 contradiction=True
Contradiction found after pos_1_1_2_2=1
Frontier expanded pos_1_1_2_2=5 from depth=16 -> reward=-1.0000 assigned=31/81 contradiction=True
Contradiction found after pos_1_1_2_2=5
Frontier expanded pos_0_2_2_0=5 from depth=17 -> reward=-1.0000 assigned=28/81 contradiction=True
Contradiction found after pos_0_2_2_0=5
Frontier expanded pos_1_1_2_2=1 from depth=17 -> reward=-1.0000 assigned=29/81 contradiction=True
Contradiction found after pos_1_1_2_2=1
Frontier expanded pos_1_1_2_2=5 from depth=17 -> reward=-1.0000 assigned=32/81 contradiction=True
Contradiction found after pos_1_1_2_2=5
Frontier expanded pos_1_2_1_1=2 from depth=17 -> reward=-1.0000 assigned=57/81 contradiction=True
Contradiction found after pos_1_2_1_1=2
Frontier expanded pos_1_2_1_1=8 from depth=17 -> reward=-1.0000 assigned=38/81 contradiction=True
Contradiction found after pos_1_2_1_1=8
Frontier expanded pos_0_1_1_1=5 from depth=12 -> reward=0.0494 assigned=20/81 contradiction=False
Frontier expanded pos_0_0_1_1=4 from depth=12 -> reward=0.0494 assigned=20/81 contradiction=False
Frontier expanded pos_1_1_2_2=1 from depth=12 -> reward=-1.0000 assigned=22/81 contradiction=True
Contradiction found after pos_1_1_2_2=1
Frontier expanded pos_1_1_2_2=5 from depth=12 -> reward=-1.0000 assigned=24/81 contradiction=True
Contradiction found after pos_1_1_2_2=5
Frontier expanded pos_1_2_2_0=1 from depth=12 -> reward=-1.0000 assigned=20/81 contradiction=True
Contradiction found after pos_1_2_2_0=1
Frontier expanded pos_0_1_1_1=5 from depth=12 -> reward=0.0494 assigned=20/81 contradiction=False
Frontier expanded pos_0_0_1_1=4 from depth=12 -> reward=0.0494 assigned=20/81 contradiction=False
Frontier expanded pos_1_1_2_2=1 from depth=12 -> reward=-1.0000 assigned=21/81 contradiction=True
Contradiction found after pos_1_1_2_2=1
Frontier expanded pos_1_1_2_2=5 from depth=12 -> reward=-1.0000 assigned=23/81 contradiction=True
Contradiction found after pos_1_1_2_2=5
Frontier expanded pos_1_2_2_0=1 from depth=12 -> reward=-1.0000 assigned=18/81 contradiction=True
Contradiction found after pos_1_2_2_0=1
Frontier expanded pos_0_2_1_2=2 from depth=11 -> reward=0.0123 assigned=16/81 contradiction=False
Frontier expanded pos_0_0_1_1=4 from depth=11 -> reward=0.0617 assigned=20/81 contradiction=False
Frontier expanded pos_1_1_2_2=1 from depth=11 -> reward=-1.0000 assigned=21/81 contradiction=True
Contradiction found after pos_1_1_2_2=1
Frontier expanded pos_1_1_2_2=5 from depth=11 -> reward=-1.0000 assigned=23/81 contradiction=True
Contradiction found after pos_1_1_2_2=5
Frontier expanded pos_1_2_2_0=1 from depth=11 -> reward=-1.0000 assigned=19/81 contradiction=True
Contradiction found after pos_1_2_2_0=1
Frontier expanded pos_0_2_1_2=2 from depth=11 -> reward=0.0123 assigned=16/81 contradiction=False
Frontier expanded pos_0_0_1_1=4 from depth=11 -> reward=0.0617 assigned=20/81 contradiction=False
Frontier expanded pos_1_1_2_2=1 from depth=11 -> reward=-1.0000 assigned=19/81 contradiction=True
Contradiction found after pos_1_1_2_2=1
Frontier expanded pos_1_1_2_2=5 from depth=11 -> reward=-1.0000 assigned=22/81 contradiction=True
Contradiction found after pos_1_1_2_2=5
Frontier expanded pos_1_2_2_0=1 from depth=11 -> reward=-1.0000 assigned=17/81 contradiction=True
Contradiction found after pos_1_2_2_0=1
Frontier expanded pos_1_0_2_0=7 from depth=10 -> reward=0.0370 assigned=15/81 contradiction=False
Frontier expanded pos_1_0_2_1=3 from depth=10 -> reward=0.0370 assigned=15/81 contradiction=False
Frontier expanded pos_1_2_2_0=5 from depth=10 -> reward=-1.0000 assigned=17/81 contradiction=True
Contradiction found after pos_1_2_2_0=5
Frontier expanded pos_2_0_0_2=1 from depth=10 -> reward=-1.0000 assigned=19/81 contradiction=True
Contradiction found after pos_2_0_0_2=1
Frontier expanded pos_2_0_0_2=5 from depth=10 -> reward=-1.0000 assigned=19/81 contradiction=True
Contradiction found after pos_2_0_0_2=5
Frontier expanded pos_2_0_0_2=1 from depth=8 -> reward=-1.0000 assigned=16/81 contradiction=True
Contradiction found after pos_2_0_0_2=1
Frontier expanded pos_2_0_0_2=5 from depth=8 -> reward=-1.0000 assigned=16/81 contradiction=True
Contradiction found after pos_2_0_0_2=5
Frontier expanded pos_0_1_1_0=8 from depth=8 -> reward=0.0247 assigned=11/81 contradiction=False
Frontier expanded pos_0_1_1_0=6 from depth=8 -> reward=0.0123 assigned=10/81 contradiction=False
Frontier expanded pos_1_0_2_0=7 from depth=8 -> reward=0.0370 assigned=12/81 contradiction=False
Frontier expanded pos_1_1_2_2=1 from depth=9 -> reward=-1.0000 assigned=16/81 contradiction=True
Contradiction found after pos_1_1_2_2=1
Frontier expanded pos_1_1_2_2=5 from depth=9 -> reward=-1.0000 assigned=19/81 contradiction=True
Contradiction found after pos_1_1_2_2=5
Frontier expanded pos_1_2_2_0=1 from depth=9 -> reward=-1.0000 assigned=14/81 contradiction=True
Contradiction found after pos_1_2_2_0=1
Frontier expanded pos_1_2_2_0=5 from depth=9 -> reward=-1.0000 assigned=14/81 contradiction=True
Contradiction found after pos_1_2_2_0=5
Frontier expanded pos_2_0_0_2=1 from depth=9 -> reward=-1.0000 assigned=17/81 contradiction=True
Contradiction found after pos_2_0_0_2=1
Frontier expanded pos_2_0_0_2=1 from depth=9 -> reward=-1.0000 assigned=19/81 contradiction=True
Contradiction found after pos_2_0_0_2=1
Frontier expanded pos_2_0_0_2=5 from depth=9 -> reward=-1.0000 assigned=20/81 contradiction=True
Contradiction found after pos_2_0_0_2=5
Frontier expanded pos_0_2_1_0=6 from depth=9 -> reward=0.0123 assigned=12/81 contradiction=False
Frontier expanded pos_1_0_2_0=7 from depth=9 -> reward=0.0494 assigned=15/81 contradiction=False
Frontier expanded pos_1_0_2_1=3 from depth=9 -> reward=0.0494 assigned=15/81 contradiction=False
Frontier expanded pos_1_1_2_2=1 from depth=10 -> reward=-1.0000 assigned=19/81 contradiction=True
Contradiction found after pos_1_1_2_2=1
Frontier expanded pos_1_1_2_2=5 from depth=10 -> reward=-1.0000 assigned=22/81 contradiction=True
Contradiction found after pos_1_1_2_2=5
Frontier expanded pos_1_2_2_0=1 from depth=10 -> reward=-1.0000 assigned=17/81 contradiction=True
Contradiction found after pos_1_2_2_0=1
Frontier expanded pos_1_2_2_0=5 from depth=10 -> reward=-1.0000 assigned=17/81 contradiction=True
Contradiction found after pos_1_2_2_0=5
Frontier expanded pos_2_0_0_2=1 from depth=10 -> reward=-1.0000 assigned=20/81 contradiction=True
Contradiction found after pos_2_0_0_2=1
Frontier expanded pos_2_0_0_2=1 from depth=10 -> reward=-1.0000 assigned=20/81 contradiction=True
Contradiction found after pos_2_0_0_2=1
Frontier expanded pos_2_0_0_2=5 from depth=10 -> reward=-1.0000 assigned=21/81 contradiction=True
Contradiction found after pos_2_0_0_2=5
Frontier expanded pos_0_2_1_2=4 from depth=10 -> reward=0.0370 assigned=15/81 contradiction=False
Frontier expanded pos_1_0_2_0=7 from depth=10 -> reward=0.0494 assigned=16/81 contradiction=False
Frontier expanded pos_1_0_2_1=3 from depth=10 -> reward=0.0494 assigned=16/81 contradiction=False
Frontier expanded pos_1_1_2_2=1 from depth=11 -> reward=-1.0000 assigned=20/81 contradiction=True
Contradiction found after pos_1_1_2_2=1
Frontier expanded pos_1_1_2_2=5 from depth=11 -> reward=-1.0000 assigned=23/81 contradiction=True
Contradiction found after pos_1_1_2_2=5
Frontier expanded pos_1_2_2_0=1 from depth=11 -> reward=-1.0000 assigned=18/81 contradiction=True
Contradiction found after pos_1_2_2_0=1
Frontier expanded pos_1_2_2_0=5 from depth=11 -> reward=-1.0000 assigned=18/81 contradiction=True
Contradiction found after pos_1_2_2_0=5
Frontier expanded pos_2_0_0_2=1 from depth=11 -> reward=-1.0000 assigned=21/81 contradiction=True
Contradiction found after pos_2_0_0_2=1
Frontier expanded pos_0_0_1_2=5 from depth=11 -> reward=-1.0000 assigned=22/81 contradiction=True
Contradiction found after pos_0_0_1_2=5
Frontier expanded pos_0_1_1_2=0 from depth=11 -> reward=-1.0000 assigned=22/81 contradiction=True
Contradiction found after pos_0_1_1_2=0
Frontier expanded pos_1_2_2_0=1 from depth=11 -> reward=0.0247 assigned=17/81 contradiction=False
Frontier expanded pos_0_0_1_2=0 from depth=11 -> reward=0.0247 assigned=17/81 contradiction=False
Frontier expanded pos_0_1_1_2=5 from depth=11 -> reward=0.0247 assigned=17/81 contradiction=False
Frontier expanded pos_0_0_1_2=5 from depth=12 -> reward=-1.0000 assigned=24/81 contradiction=True
Contradiction found after pos_0_0_1_2=5
Frontier expanded pos_0_1_1_2=0 from depth=12 -> reward=-1.0000 assigned=24/81 contradiction=True
Contradiction found after pos_0_1_1_2=0
Frontier expanded pos_0_2_2_0=3 from depth=12 -> reward=-1.0000 assigned=23/81 contradiction=True
Contradiction found after pos_0_2_2_0=3
Frontier expanded pos_1_0_2_0=3 from depth=12 -> reward=-1.0000 assigned=22/81 contradiction=True
Contradiction found after pos_1_0_2_0=3
Frontier expanded pos_1_0_2_0=7 from depth=12 -> reward=-1.0000 assigned=20/81 contradiction=True
Contradiction found after pos_1_0_2_0=7
Frontier expanded pos_0_0_0_0=5 from depth=12 -> reward=-1.0000 assigned=23/81 contradiction=True
Contradiction found after pos_0_0_0_0=5
Frontier expanded pos_0_0_0_0=2 from depth=12 -> reward=0.0247 assigned=19/81 contradiction=False
Frontier expanded pos_0_1_0_1=4 from depth=12 -> reward=0.0123 assigned=18/81 contradiction=False
Frontier expanded pos_1_2_2_0=1 from depth=12 -> reward=0.0247 assigned=19/81 contradiction=False
Frontier expanded pos_1_0_2_0=7 from depth=12 -> reward=0.0494 assigned=21/81 contradiction=False
Frontier expanded pos_0_0_0_0=5 from depth=13 -> reward=-1.0000 assigned=27/81 contradiction=True
Contradiction found after pos_0_0_0_0=5
Frontier expanded pos_1_1_2_2=1 from depth=13 -> reward=-1.0000 assigned=25/81 contradiction=True
Contradiction found after pos_1_1_2_2=1
Frontier expanded pos_1_1_2_2=5 from depth=13 -> reward=-1.0000 assigned=28/81 contradiction=True
Contradiction found after pos_1_1_2_2=5
Frontier expanded pos_0_1_0_1=6 from depth=13 -> reward=0.0123 assigned=22/81 contradiction=False
Frontier expanded pos_1_0_2_2=2 from depth=13 -> reward=0.0123 assigned=22/81 contradiction=False
Frontier expanded pos_0_0_0_0=5 from depth=14 -> reward=-1.0000 assigned=28/81 contradiction=True
Contradiction found after pos_0_0_0_0=5
Frontier expanded pos_0_2_2_1=5 from depth=14 -> reward=-1.0000 assigned=38/81 contradiction=True
Contradiction found after pos_0_2_2_1=5
Frontier expanded pos_0_2_2_2=5 from depth=14 -> reward=-1.0000 assigned=34/81 contradiction=True
Contradiction found after pos_0_2_2_2=5
Frontier expanded pos_1_0_1_2=8 from depth=14 -> reward=-1.0000 assigned=39/81 contradiction=True
Contradiction found after pos_1_0_1_2=8
Frontier expanded pos_0_1_0_1=6 from depth=14 -> reward=0.0123 assigned=23/81 contradiction=False
Frontier expanded pos_0_0_0_0=5 from depth=15 -> reward=-1.0000 assigned=32/81 contradiction=True
Contradiction found after pos_0_0_0_0=5
Frontier expanded pos_0_1_0_0=4 from depth=15 -> reward=-1.0000 assigned=32/81 contradiction=True
Contradiction found after pos_0_1_0_0=4
Frontier expanded pos_0_1_2_0=1 from depth=15 -> reward=-1.0000 assigned=39/81 contradiction=True
Contradiction found after pos_0_1_2_0=1
Frontier expanded pos_0_2_2_1=5 from depth=15 -> reward=-1.0000 assigned=40/81 contradiction=True
Contradiction found after pos_0_2_2_1=5
Frontier expanded pos_0_2_2_2=5 from depth=15 -> reward=-1.0000 assigned=34/81 contradiction=True
Contradiction found after pos_0_2_2_2=5
Frontier expanded pos_0_0_0_0=5 from depth=14 -> reward=-1.0000 assigned=31/81 contradiction=True
Contradiction found after pos_0_0_0_0=5
Frontier expanded pos_0_1_0_0=4 from depth=14 -> reward=-1.0000 assigned=31/81 contradiction=True
Contradiction found after pos_0_1_0_0=4
Frontier expanded pos_0_1_2_0=1 from depth=14 -> reward=-1.0000 assigned=37/81 contradiction=True
Contradiction found after pos_0_1_2_0=1
Frontier expanded pos_1_0_2_2=4 from depth=14 -> reward=0.0123 assigned=23/81 contradiction=False
Frontier expanded pos_1_0_2_2=2 from depth=14 -> reward=0.0123 assigned=23/81 contradiction=False
Frontier expanded pos_0_0_0_0=5 from depth=15 -> reward=-1.0000 assigned=36/81 contradiction=True
Contradiction found after pos_0_0_0_0=5
Frontier expanded pos_0_1_0_0=4 from depth=15 -> reward=-1.0000 assigned=36/81 contradiction=True
Contradiction found after pos_0_1_0_0=4
Frontier expanded pos_0_1_2_0=1 from depth=15 -> reward=-1.0000 assigned=42/81 contradiction=True
Contradiction found after pos_0_1_2_0=1
Frontier expanded pos_0_2_2_1=2 from depth=15 -> reward=-1.0000 assigned=30/81 contradiction=True
Contradiction found after pos_0_2_2_1=2
Frontier expanded pos_1_1_2_2=1 from depth=15 -> reward=-1.0000 assigned=29/81 contradiction=True
Contradiction found after pos_1_1_2_2=1
Frontier expanded pos_0_0_0_0=5 from depth=13 -> reward=-1.0000 assigned=25/81 contradiction=True
Contradiction found after pos_0_0_0_0=5
Frontier expanded pos_0_2_2_0=3 from depth=13 -> reward=-1.0000 assigned=27/81 contradiction=True
Contradiction found after pos_0_2_2_0=3
Frontier expanded pos_1_0_2_0=3 from depth=13 -> reward=-1.0000 assigned=24/81 contradiction=True
Contradiction found after pos_1_0_2_0=3
Frontier expanded pos_1_0_2_0=7 from depth=13 -> reward=-1.0000 assigned=22/81 contradiction=True
Contradiction found after pos_1_0_2_0=7
Frontier expanded pos_0_0_0_0=2 from depth=13 -> reward=0.0247 assigned=21/81 contradiction=False
Frontier expanded pos_0_2_2_0=3 from depth=14 -> reward=-1.0000 assigned=28/81 contradiction=True
Contradiction found after pos_0_2_2_0=3
Frontier expanded pos_1_0_2_0=3 from depth=14 -> reward=-1.0000 assigned=26/81 contradiction=True
Contradiction found after pos_1_0_2_0=3
Frontier expanded pos_1_0_2_0=7 from depth=14 -> reward=-1.0000 assigned=24/81 contradiction=True
Contradiction found after pos_1_0_2_0=7
Frontier expanded pos_1_0_2_1=3 from depth=14 -> reward=-1.0000 assigned=26/81 contradiction=True
Contradiction found after pos_1_0_2_1=3
Frontier expanded pos_1_0_2_1=7 from depth=14 -> reward=-1.0000 assigned=26/81 contradiction=True
Contradiction found after pos_1_0_2_1=7
Frontier expanded pos_1_0_2_0=3 from depth=13 -> reward=-1.0000 assigned=27/81 contradiction=True
Contradiction found after pos_1_0_2_0=3
Frontier expanded pos_1_0_2_1=7 from depth=13 -> reward=-1.0000 assigned=27/81 contradiction=True
Contradiction found after pos_1_0_2_1=7
Frontier expanded pos_0_1_0_1=4 from depth=13 -> reward=0.0617 assigned=24/81 contradiction=False
Frontier expanded pos_0_1_2_0=6 from depth=13 -> reward=0.0617 assigned=24/81 contradiction=False
Frontier expanded pos_0_2_2_0=5 from depth=13 -> reward=0.0370 assigned=22/81 contradiction=False
Frontier expanded pos_0_0_0_1=6 from depth=14 -> reward=-1.0000 assigned=31/81 contradiction=True
Contradiction found after pos_0_0_0_1=6
Frontier expanded pos_0_0_0_2=5 from depth=14 -> reward=-1.0000 assigned=31/81 contradiction=True
Contradiction found after pos_0_0_0_2=5
Frontier expanded pos_0_1_2_1=0 from depth=14 -> reward=-1.0000 assigned=31/81 contradiction=True
Contradiction found after pos_0_1_2_1=0
Frontier expanded pos_0_1_2_1=7 from depth=14 -> reward=-1.0000 assigned=31/81 contradiction=True
Contradiction found after pos_0_1_2_1=7
Frontier expanded pos_0_1_2_2=0 from depth=14 -> reward=-1.0000 assigned=32/81 contradiction=True
Contradiction found after pos_0_1_2_2=0
Frontier expanded pos_0_2_2_1=2 from depth=14 -> reward=-1.0000 assigned=29/81 contradiction=True
Contradiction found after pos_0_2_2_1=2
Frontier expanded pos_0_2_2_1=3 from depth=14 -> reward=-1.0000 assigned=28/81 contradiction=True
Contradiction found after pos_0_2_2_1=3
Frontier expanded pos_0_2_2_2=2 from depth=14 -> reward=-1.0000 assigned=28/81 contradiction=True
Contradiction found after pos_0_2_2_2=2
Frontier expanded pos_0_2_2_2=3 from depth=14 -> reward=-1.0000 assigned=29/81 contradiction=True
Contradiction found after pos_0_2_2_2=3
Frontier expanded pos_1_0_2_0=3 from depth=14 -> reward=-1.0000 assigned=25/81 contradiction=True
Contradiction found after pos_1_0_2_0=3
Frontier expanded pos_0_0_0_0=5 from depth=13 -> reward=-1.0000 assigned=27/81 contradiction=True
Contradiction found after pos_0_0_0_0=5
Frontier expanded pos_0_1_0_0=6 from depth=13 -> reward=-1.0000 assigned=30/81 contradiction=True
Contradiction found after pos_0_1_0_0=6
Frontier expanded pos_0_1_2_0=1 from depth=13 -> reward=-1.0000 assigned=27/81 contradiction=True
Contradiction found after pos_0_1_2_0=1
Frontier expanded pos_0_2_2_0=2 from depth=13 -> reward=-1.0000 assigned=28/81 contradiction=True
Contradiction found after pos_0_2_2_0=2
Frontier expanded pos_0_0_0_0=2 from depth=13 -> reward=0.0741 assigned=24/81 contradiction=False
Frontier expanded pos_2_0_0_2=1 from depth=9 -> reward=-1.0000 assigned=17/81 contradiction=True
Contradiction found after pos_2_0_0_2=1
Frontier expanded pos_2_0_0_2=5 from depth=9 -> reward=-1.0000 assigned=17/81 contradiction=True
Contradiction found after pos_2_0_0_2=5
Frontier expanded pos_0_0_1_1=5 from depth=9 -> reward=-1.0000 assigned=19/81 contradiction=True
Contradiction found after pos_0_0_1_1=5
Frontier expanded pos_0_0_1_1=3 from depth=9 -> reward=0.0123 assigned=11/81 contradiction=False
Frontier expanded pos_0_0_1_1=4 from depth=9 -> reward=0.0494 assigned=14/81 contradiction=False
Frontier expanded pos_1_2_2_0=1 from depth=10 -> reward=0.0247 assigned=16/81 contradiction=False
Frontier expanded pos_1_0_2_0=7 from depth=10 -> reward=0.0370 assigned=17/81 contradiction=False
Frontier expanded pos_1_0_2_1=3 from depth=10 -> reward=0.0370 assigned=17/81 contradiction=False
Frontier expanded pos_0_2_1_0=8 from depth=10 -> reward=0.0370 assigned=17/81 contradiction=False
Frontier expanded pos_0_2_1_2=2 from depth=10 -> reward=0.0370 assigned=17/81 contradiction=False
Frontier expanded pos_1_1_2_2=1 from depth=11 -> reward=-1.0000 assigned=21/81 contradiction=True
Contradiction found after pos_1_1_2_2=1
Frontier expanded pos_1_1_2_2=5 from depth=11 -> reward=-1.0000 assigned=24/81 contradiction=True
Contradiction found after pos_1_1_2_2=5
Frontier expanded pos_1_2_2_0=1 from depth=11 -> reward=-1.0000 assigned=19/81 contradiction=True
Contradiction found after pos_1_2_2_0=1
Frontier expanded pos_1_2_2_0=5 from depth=11 -> reward=-1.0000 assigned=19/81 contradiction=True
Contradiction found after pos_1_2_2_0=5
Frontier expanded pos_1_0_2_2=2 from depth=11 -> reward=0.0123 assigned=18/81 contradiction=False
Frontier expanded pos_1_1_2_2=1 from depth=12 -> reward=-1.0000 assigned=22/81 contradiction=True
Contradiction found after pos_1_1_2_2=1
Frontier expanded pos_1_1_2_2=5 from depth=12 -> reward=-1.0000 assigned=25/81 contradiction=True
Contradiction found after pos_1_1_2_2=5
Frontier expanded pos_1_2_2_0=1 from depth=12 -> reward=-1.0000 assigned=20/81 contradiction=True
Contradiction found after pos_1_2_2_0=1
Frontier expanded pos_1_2_2_0=5 from depth=12 -> reward=-1.0000 assigned=23/81 contradiction=True
Contradiction found after pos_1_2_2_0=5
Frontier expanded pos_2_0_0_2=1 from depth=12 -> reward=-1.0000 assigned=24/81 contradiction=True
Contradiction found after pos_2_0_0_2=1
Frontier expanded pos_2_0_0_2=1 from depth=11 -> reward=-1.0000 assigned=32/81 contradiction=True
Contradiction found after pos_2_0_0_2=1
Frontier expanded pos_2_0_0_2=5 from depth=11 -> reward=-1.0000 assigned=28/81 contradiction=True
Contradiction found after pos_2_0_0_2=5
Frontier expanded pos_2_0_1_1=7 from depth=11 -> reward=-1.0000 assigned=21/81 contradiction=True
Contradiction found after pos_2_0_1_1=7
Frontier expanded pos_1_0_2_0=7 from depth=11 -> reward=0.0494 assigned=21/81 contradiction=False
Frontier expanded pos_1_0_2_1=3 from depth=11 -> reward=0.0494 assigned=21/81 contradiction=False
Frontier expanded pos_0_2_2_0=5 from depth=12 -> reward=-1.0000 assigned=28/81 contradiction=True
Contradiction found after pos_0_2_2_0=5
Frontier expanded pos_1_1_2_2=1 from depth=12 -> reward=-1.0000 assigned=26/81 contradiction=True
Contradiction found after pos_1_1_2_2=1
Frontier expanded pos_1_1_2_2=5 from depth=12 -> reward=-1.0000 assigned=28/81 contradiction=True
Contradiction found after pos_1_1_2_2=5
Frontier expanded pos_1_2_2_0=1 from depth=12 -> reward=-1.0000 assigned=23/81 contradiction=True
Contradiction found after pos_1_2_2_0=1
Frontier expanded pos_1_2_2_0=5 from depth=12 -> reward=-1.0000 assigned=24/81 contradiction=True
Contradiction found after pos_1_2_2_0=5
Frontier expanded pos_1_0_2_0=3 from depth=11 -> reward=-1.0000 assigned=19/81 contradiction=True
Contradiction found after pos_1_0_2_0=3
Frontier expanded pos_1_0_2_0=7 from depth=11 -> reward=-1.0000 assigned=19/81 contradiction=True
Contradiction found after pos_1_0_2_0=7
Frontier expanded pos_1_0_2_1=3 from depth=11 -> reward=-1.0000 assigned=21/81 contradiction=True
Contradiction found after pos_1_0_2_1=3
Frontier expanded pos_1_0_2_1=7 from depth=11 -> reward=-1.0000 assigned=19/81 contradiction=True
Contradiction found after pos_1_0_2_1=7
Frontier expanded pos_2_0_0_2=1 from depth=11 -> reward=-1.0000 assigned=30/81 contradiction=True
Contradiction found after pos_2_0_0_2=1
Frontier expanded pos_2_0_0_2=1 from depth=10 -> reward=-1.0000 assigned=19/81 contradiction=True
Contradiction found after pos_2_0_0_2=1
Frontier expanded pos_2_0_0_2=5 from depth=10 -> reward=-1.0000 assigned=17/81 contradiction=True
Contradiction found after pos_2_0_0_2=5
Frontier expanded pos_1_2_2_0=1 from depth=10 -> reward=0.0247 assigned=13/81 contradiction=False
Frontier expanded pos_0_1_1_1=2 from depth=10 -> reward=0.0123 assigned=12/81 contradiction=False
Frontier expanded pos_0_1_1_1=4 from depth=10 -> reward=0.0123 assigned=12/81 contradiction=False
Frontier expanded pos_1_0_2_0=3 from depth=11 -> reward=-1.0000 assigned=16/81 contradiction=True
Contradiction found after pos_1_0_2_0=3
Frontier expanded pos_1_0_2_0=7 from depth=11 -> reward=-1.0000 assigned=16/81 contradiction=True
Contradiction found after pos_1_0_2_0=7
Frontier expanded pos_1_0_2_1=3 from depth=11 -> reward=-1.0000 assigned=18/81 contradiction=True
Contradiction found after pos_1_0_2_1=3
Frontier expanded pos_1_0_2_1=7 from depth=11 -> reward=-1.0000 assigned=16/81 contradiction=True
Contradiction found after pos_1_0_2_1=7
Frontier expanded pos_2_0_0_2=1 from depth=11 -> reward=-1.0000 assigned=21/81 contradiction=True
Contradiction found after pos_2_0_0_2=1
Frontier expanded pos_1_2_2_0=1 from depth=11 -> reward=0.0247 assigned=14/81 contradiction=False
Frontier expanded pos_0_2_1_0=2 from depth=11 -> reward=0.0370 assigned=15/81 contradiction=False
Frontier expanded pos_0_2_1_0=8 from depth=11 -> reward=0.0370 assigned=15/81 contradiction=False
Frontier expanded pos_0_2_1_2=2 from depth=11 -> reward=0.0370 assigned=15/81 contradiction=False
Frontier expanded pos_0_2_1_2=8 from depth=11 -> reward=0.0370 assigned=15/81 contradiction=False
Frontier expanded pos_0_0_1_2=5 from depth=12 -> reward=-1.0000 assigned=22/81 contradiction=True
Contradiction found after pos_0_0_1_2=5
Frontier expanded pos_0_1_1_2=0 from depth=12 -> reward=-1.0000 assigned=22/81 contradiction=True
Contradiction found after pos_0_1_1_2=0
Frontier expanded pos_1_0_2_0=7 from depth=12 -> reward=0.0494 assigned=19/81 contradiction=False
Frontier expanded pos_1_0_2_1=3 from depth=12 -> reward=0.0494 assigned=19/81 contradiction=False
Frontier expanded pos_0_0_1_2=0 from depth=12 -> reward=0.0247 assigned=17/81 contradiction=False
Frontier expanded pos_0_0_1_2=5 from depth=13 -> reward=-1.0000 assigned=26/81 contradiction=True
Contradiction found after pos_0_0_1_2=5
Frontier expanded pos_0_1_1_2=0 from depth=13 -> reward=-1.0000 assigned=26/81 contradiction=True
Contradiction found after pos_0_1_1_2=0
Frontier expanded pos_0_1_2_0=5 from depth=13 -> reward=-1.0000 assigned=28/81 contradiction=True
Contradiction found after pos_0_1_2_0=5
Frontier expanded pos_1_1_2_2=1 from depth=13 -> reward=-1.0000 assigned=25/81 contradiction=True
Contradiction found after pos_1_1_2_2=1
Frontier expanded pos_1_1_2_2=5 from depth=13 -> reward=-1.0000 assigned=26/81 contradiction=True
Contradiction found after pos_1_1_2_2=5
Frontier expanded pos_0_1_2_0=2 from depth=13 -> reward=0.0988 assigned=25/81 contradiction=False
Frontier expanded pos_0_0_0_0=2 from depth=13 -> reward=0.0247 assigned=19/81 contradiction=False
Frontier expanded pos_0_1_0_0=1 from depth=13 -> reward=0.0247 assigned=19/81 contradiction=False
Frontier expanded pos_0_2_2_0=3 from depth=13 -> reward=0.0988 assigned=25/81 contradiction=False
Frontier expanded pos_1_0_2_0=7 from depth=13 -> reward=0.0988 assigned=25/81 contradiction=False
Frontier expanded pos_0_1_2_1=0 from depth=14 -> reward=-1.0000 assigned=34/81 contradiction=True
Contradiction found after pos_0_1_2_1=0
Frontier expanded pos_0_1_2_2=7 from depth=14 -> reward=-1.0000 assigned=34/81 contradiction=True
Contradiction found after pos_0_1_2_2=7
Frontier expanded pos_1_1_2_2=1 from depth=14 -> reward=-1.0000 assigned=30/81 contradiction=True
Contradiction found after pos_1_1_2_2=1
Frontier expanded pos_1_1_2_2=5 from depth=14 -> reward=-1.0000 assigned=33/81 contradiction=True
Contradiction found after pos_1_1_2_2=5
Frontier expanded pos_1_2_2_0=1 from depth=14 -> reward=-1.0000 assigned=28/81 contradiction=True
Contradiction found after pos_1_2_2_0=1
Frontier expanded pos_0_1_2_0=7 from depth=14 -> reward=0.0617 assigned=24/81 contradiction=False
Frontier expanded pos_0_2_2_0=6 from depth=14 -> reward=0.0617 assigned=24/81 contradiction=False
Frontier expanded pos_1_0_2_0=3 from depth=14 -> reward=0.0617 assigned=24/81 contradiction=False
Frontier expanded pos_1_0_2_1=7 from depth=14 -> reward=0.0617 assigned=24/81 contradiction=False
Frontier expanded pos_0_1_2_0=2 from depth=14 -> reward=0.0741 assigned=25/81 contradiction=False
Frontier expanded pos_0_2_0_0=4 from depth=15 -> reward=-1.0000 assigned=36/81 contradiction=True
Contradiction found after pos_0_2_0_0=4
Frontier expanded pos_0_2_0_0=5 from depth=15 -> reward=-1.0000 assigned=25/81 contradiction=True
Contradiction found after pos_0_2_0_0=5
Frontier expanded pos_1_0_2_2=6 from depth=15 -> reward=-1.0000 assigned=35/81 contradiction=True
Contradiction found after pos_1_0_2_2=6
Frontier expanded pos_1_1_2_2=1 from depth=15 -> reward=-1.0000 assigned=28/81 contradiction=True
Contradiction found after pos_1_1_2_2=1
Frontier expanded pos_1_1_2_2=5 from depth=15 -> reward=-1.0000 assigned=30/81 contradiction=True
Contradiction found after pos_1_1_2_2=5
Frontier expanded pos_0_0_1_2=5 from depth=12 -> reward=-1.0000 assigned=22/81 contradiction=True
Contradiction found after pos_0_0_1_2=5
Frontier expanded pos_0_1_1_2=0 from depth=12 -> reward=-1.0000 assigned=22/81 contradiction=True
Contradiction found after pos_0_1_1_2=0
Frontier expanded pos_1_0_2_0=7 from depth=12 -> reward=0.0494 assigned=19/81 contradiction=False
Frontier expanded pos_1_0_2_1=3 from depth=12 -> reward=0.0494 assigned=19/81 contradiction=False
Frontier expanded pos_0_0_1_2=0 from depth=12 -> reward=0.0247 assigned=17/81 contradiction=False
Frontier expanded pos_0_0_1_2=5 from depth=13 -> reward=-1.0000 assigned=26/81 contradiction=True
Contradiction found after pos_0_0_1_2=5
Frontier expanded pos_0_1_1_2=0 from depth=13 -> reward=-1.0000 assigned=26/81 contradiction=True
Contradiction found after pos_0_1_1_2=0
Frontier expanded pos_0_1_2_0=5 from depth=13 -> reward=-1.0000 assigned=28/81 contradiction=True
Contradiction found after pos_0_1_2_0=5
Frontier expanded pos_1_1_2_2=1 from depth=13 -> reward=-1.0000 assigned=25/81 contradiction=True
Contradiction found after pos_1_1_2_2=1
Frontier expanded pos_1_1_2_2=5 from depth=13 -> reward=-1.0000 assigned=26/81 contradiction=True
Contradiction found after pos_1_1_2_2=5
Frontier expanded pos_0_1_2_0=2 from depth=13 -> reward=0.0988 assigned=25/81 contradiction=False
Frontier expanded pos_0_0_0_0=2 from depth=13 -> reward=0.0247 assigned=19/81 contradiction=False
Frontier expanded pos_0_1_0_0=1 from depth=13 -> reward=0.0247 assigned=19/81 contradiction=False
Frontier expanded pos_0_2_2_0=3 from depth=13 -> reward=0.0988 assigned=25/81 contradiction=False
Frontier expanded pos_1_0_2_0=7 from depth=13 -> reward=0.0988 assigned=25/81 contradiction=False
Frontier expanded pos_0_1_2_1=0 from depth=14 -> reward=-1.0000 assigned=43/81 contradiction=True
Contradiction found after pos_0_1_2_1=0
Frontier expanded pos_0_1_2_2=7 from depth=14 -> reward=-1.0000 assigned=43/81 contradiction=True
Contradiction found after pos_0_1_2_2=7
Frontier expanded pos_1_1_2_2=1 from depth=14 -> reward=-1.0000 assigned=30/81 contradiction=True
Contradiction found after pos_1_1_2_2=1
Frontier expanded pos_1_1_2_2=5 from depth=14 -> reward=-1.0000 assigned=33/81 contradiction=True
Contradiction found after pos_1_1_2_2=5
Frontier expanded pos_1_2_2_0=1 from depth=14 -> reward=-1.0000 assigned=28/81 contradiction=True
Contradiction found after pos_1_2_2_0=1
Frontier expanded pos_0_1_2_0=7 from depth=14 -> reward=0.0617 assigned=24/81 contradiction=False
Frontier expanded pos_0_2_2_0=6 from depth=14 -> reward=0.0617 assigned=24/81 contradiction=False
Frontier expanded pos_1_0_2_0=3 from depth=14 -> reward=0.0617 assigned=24/81 contradiction=False
Frontier expanded pos_1_0_2_1=7 from depth=14 -> reward=0.0617 assigned=24/81 contradiction=False
Frontier expanded pos_0_1_2_0=2 from depth=14 -> reward=0.0741 assigned=25/81 contradiction=False
Frontier expanded pos_0_2_0_0=4 from depth=15 -> reward=-1.0000 assigned=36/81 contradiction=True
Contradiction found after pos_0_2_0_0=4
Frontier expanded pos_0_2_0_0=5 from depth=15 -> reward=-1.0000 assigned=25/81 contradiction=True
Contradiction found after pos_0_2_0_0=5
Frontier expanded pos_1_0_2_2=6 from depth=15 -> reward=-1.0000 assigned=34/81 contradiction=True
Contradiction found after pos_1_0_2_2=6
Frontier expanded pos_1_0_2_2=8 from depth=15 -> reward=-1.0000 assigned=38/81 contradiction=True
Contradiction found after pos_1_0_2_2=8
Frontier expanded pos_1_1_2_2=1 from depth=15 -> reward=-1.0000 assigned=28/81 contradiction=True
Contradiction found after pos_1_1_2_2=1
Frontier expanded pos_1_0_2_0=3 from depth=12 -> reward=-1.0000 assigned=17/81 contradiction=True
Contradiction found after pos_1_0_2_0=3
Frontier expanded pos_1_0_2_0=7 from depth=12 -> reward=-1.0000 assigned=17/81 contradiction=True
Contradiction found after pos_1_0_2_0=7
Frontier expanded pos_1_0_2_1=3 from depth=12 -> reward=-1.0000 assigned=19/81 contradiction=True
Contradiction found after pos_1_0_2_1=3
Frontier expanded pos_1_0_2_1=7 from depth=12 -> reward=-1.0000 assigned=17/81 contradiction=True
Contradiction found after pos_1_0_2_1=7
Frontier expanded pos_2_0_0_2=1 from depth=12 -> reward=-1.0000 assigned=23/81 contradiction=True
Contradiction found after pos_2_0_0_2=1
Frontier expanded pos_1_2_2_0=1 from depth=11 -> reward=0.0247 assigned=14/81 contradiction=False
Frontier expanded pos_0_2_1_0=4 from depth=11 -> reward=0.0370 assigned=15/81 contradiction=False
Frontier expanded pos_0_2_1_0=8 from depth=11 -> reward=0.0370 assigned=15/81 contradiction=False
Frontier expanded pos_0_2_1_2=4 from depth=11 -> reward=0.0370 assigned=15/81 contradiction=False
Frontier expanded pos_0_2_1_2=8 from depth=11 -> reward=0.0370 assigned=15/81 contradiction=False
Frontier expanded pos_0_0_1_2=5 from depth=12 -> reward=-1.0000 assigned=23/81 contradiction=True
Contradiction found after pos_0_0_1_2=5
Frontier expanded pos_0_1_1_2=0 from depth=12 -> reward=-1.0000 assigned=24/81 contradiction=True
Contradiction found after pos_0_1_1_2=0
Frontier expanded pos_1_0_2_0=7 from depth=12 -> reward=0.0494 assigned=19/81 contradiction=False
Frontier expanded pos_1_0_2_1=3 from depth=12 -> reward=0.0494 assigned=19/81 contradiction=False
Frontier expanded pos_0_0_1_2=0 from depth=12 -> reward=0.0247 assigned=17/81 contradiction=False
Frontier expanded pos_0_0_1_2=5 from depth=13 -> reward=-1.0000 assigned=27/81 contradiction=True
Contradiction found after pos_0_0_1_2=5
Frontier expanded pos_0_1_1_2=0 from depth=13 -> reward=-1.0000 assigned=28/81 contradiction=True
Contradiction found after pos_0_1_1_2=0
Frontier expanded pos_1_1_2_2=1 from depth=13 -> reward=-1.0000 assigned=23/81 contradiction=True
Contradiction found after pos_1_1_2_2=1
Frontier expanded pos_1_1_2_2=5 from depth=13 -> reward=-1.0000 assigned=26/81 contradiction=True
Contradiction found after pos_1_1_2_2=5
Frontier expanded pos_1_2_2_0=1 from depth=13 -> reward=-1.0000 assigned=21/81 contradiction=True
Contradiction found after pos_1_2_2_0=1
Frontier expanded pos_0_0_0_0=5 from depth=13 -> reward=-1.0000 assigned=25/81 contradiction=True
Contradiction found after pos_0_0_0_0=5
Frontier expanded pos_0_1_0_0=4 from depth=13 -> reward=-1.0000 assigned=25/81 contradiction=True
Contradiction found after pos_0_1_0_0=4
Frontier expanded pos_1_0_2_0=7 from depth=13 -> reward=0.0494 assigned=21/81 contradiction=False
Frontier expanded pos_1_0_2_1=3 from depth=13 -> reward=0.0494 assigned=21/81 contradiction=False
Frontier expanded pos_0_0_0_0=2 from depth=13 -> reward=0.0247 assigned=19/81 contradiction=False
Frontier expanded pos_0_0_0_0=5 from depth=14 -> reward=-1.0000 assigned=31/81 contradiction=True
Contradiction found after pos_0_0_0_0=5
Frontier expanded pos_0_1_0_0=4 from depth=14 -> reward=-1.0000 assigned=32/81 contradiction=True
Contradiction found after pos_0_1_0_0=4
Frontier expanded pos_0_1_2_0=1 from depth=14 -> reward=-1.0000 assigned=36/81 contradiction=True
Contradiction found after pos_0_1_2_0=1
Frontier expanded pos_1_1_2_2=1 from depth=14 -> reward=-1.0000 assigned=25/81 contradiction=True
Contradiction found after pos_1_1_2_2=1
Frontier expanded pos_1_1_2_2=5 from depth=14 -> reward=-1.0000 assigned=28/81 contradiction=True
Contradiction found after pos_1_1_2_2=5
Frontier expanded pos_0_1_2_0=7 from depth=14 -> reward=-1.0000 assigned=24/81 contradiction=True
Contradiction found after pos_0_1_2_0=7
Frontier expanded pos_0_2_0_0=5 from depth=14 -> reward=-1.0000 assigned=20/81 contradiction=True
Contradiction found after pos_0_2_0_0=5
Frontier expanded pos_1_0_2_0=7 from depth=14 -> reward=0.0617 assigned=24/81 contradiction=False
Frontier expanded pos_1_0_2_1=3 from depth=14 -> reward=0.0617 assigned=24/81 contradiction=False
Frontier expanded pos_0_1_2_0=4 from depth=14 -> reward=0.0123 assigned=20/81 contradiction=False
Frontier expanded pos_0_1_2_1=0 from depth=15 -> reward=-1.0000 assigned=33/81 contradiction=True
Contradiction found after pos_0_1_2_1=0
Frontier expanded pos_0_1_2_2=7 from depth=15 -> reward=-1.0000 assigned=33/81 contradiction=True
Contradiction found after pos_0_1_2_2=7
Frontier expanded pos_0_2_0_0=5 from depth=15 -> reward=-1.0000 assigned=26/81 contradiction=True
Contradiction found after pos_0_2_0_0=5
Frontier expanded pos_0_2_2_0=5 from depth=15 -> reward=-1.0000 assigned=33/81 contradiction=True
Contradiction found after pos_0_2_2_0=5
Frontier expanded pos_1_0_2_2=4 from depth=15 -> reward=-1.0000 assigned=46/81 contradiction=True
Contradiction found after pos_1_0_2_2=4
Frontier expanded pos_0_2_0_0=5 from depth=15 -> reward=-1.0000 assigned=22/81 contradiction=True
Contradiction found after pos_0_2_0_0=5
Frontier expanded pos_1_0_2_0=3 from depth=15 -> reward=-1.0000 assigned=29/81 contradiction=True
Contradiction found after pos_1_0_2_0=3
Frontier expanded pos_0_1_2_1=7 from depth=15 -> reward=0.0741 assigned=26/81 contradiction=False
Frontier expanded pos_0_1_2_2=0 from depth=15 -> reward=0.0741 assigned=26/81 contradiction=False
Frontier expanded pos_0_2_2_0=3 from depth=15 -> reward=0.0617 assigned=25/81 contradiction=False
Frontier expanded pos_0_2_0_0=5 from depth=16 -> reward=-1.0000 assigned=28/81 contradiction=True
Contradiction found after pos_0_2_0_0=5
Frontier expanded pos_0_2_2_0=5 from depth=16 -> reward=-1.0000 assigned=36/81 contradiction=True
Contradiction found after pos_0_2_2_0=5
Frontier expanded pos_1_0_2_2=2 from depth=16 -> reward=-1.0000 assigned=30/81 contradiction=True
Contradiction found after pos_1_0_2_2=2
Frontier expanded pos_1_0_2_2=4 from depth=16 -> reward=-1.0000 assigned=46/81 contradiction=True
Contradiction found after pos_1_0_2_2=4
Frontier expanded pos_1_1_2_2=1 from depth=16 -> reward=-1.0000 assigned=32/81 contradiction=True
Contradiction found after pos_1_1_2_2=1
Frontier expanded pos_0_1_2_1=0 from depth=16 -> reward=-1.0000 assigned=34/81 contradiction=True
Contradiction found after pos_0_1_2_1=0
Frontier expanded pos_0_1_2_2=7 from depth=16 -> reward=-1.0000 assigned=34/81 contradiction=True
Contradiction found after pos_0_1_2_2=7
Frontier expanded pos_0_2_0_0=5 from depth=16 -> reward=-1.0000 assigned=26/81 contradiction=True
Contradiction found after pos_0_2_0_0=5
Frontier expanded pos_1_0_2_2=4 from depth=16 -> reward=-1.0000 assigned=37/81 contradiction=True
Contradiction found after pos_1_0_2_2=4
Frontier expanded pos_1_1_2_2=1 from depth=16 -> reward=-1.0000 assigned=31/81 contradiction=True
Contradiction found after pos_1_1_2_2=1
Frontier expanded pos_0_0_1_2=5 from depth=12 -> reward=-1.0000 assigned=23/81 contradiction=True
Contradiction found after pos_0_0_1_2=5
Frontier expanded pos_0_1_1_2=0 from depth=12 -> reward=-1.0000 assigned=24/81 contradiction=True
Contradiction found after pos_0_1_1_2=0
Frontier expanded pos_1_0_2_0=7 from depth=12 -> reward=0.0494 assigned=19/81 contradiction=False
Frontier expanded pos_1_0_2_1=3 from depth=12 -> reward=0.0494 assigned=19/81 contradiction=False
Frontier expanded pos_0_0_1_2=0 from depth=12 -> reward=0.0247 assigned=17/81 contradiction=False
Frontier expanded pos_0_0_1_2=5 from depth=13 -> reward=-1.0000 assigned=27/81 contradiction=True
Contradiction found after pos_0_0_1_2=5
Frontier expanded pos_0_1_1_2=0 from depth=13 -> reward=-1.0000 assigned=28/81 contradiction=True
Contradiction found after pos_0_1_1_2=0
Frontier expanded pos_1_1_2_2=1 from depth=13 -> reward=-1.0000 assigned=23/81 contradiction=True
Contradiction found after pos_1_1_2_2=1
Frontier expanded pos_1_1_2_2=5 from depth=13 -> reward=-1.0000 assigned=26/81 contradiction=True
Contradiction found after pos_1_1_2_2=5
Frontier expanded pos_1_2_2_0=1 from depth=13 -> reward=-1.0000 assigned=21/81 contradiction=True
Contradiction found after pos_1_2_2_0=1
Frontier expanded pos_0_0_0_0=5 from depth=13 -> reward=-1.0000 assigned=25/81 contradiction=True
Contradiction found after pos_0_0_0_0=5
Frontier expanded pos_0_1_0_0=4 from depth=13 -> reward=-1.0000 assigned=25/81 contradiction=True
Contradiction found after pos_0_1_0_0=4
Frontier expanded pos_1_0_2_0=7 from depth=13 -> reward=0.0494 assigned=21/81 contradiction=False
Frontier expanded pos_1_0_2_1=3 from depth=13 -> reward=0.0494 assigned=21/81 contradiction=False
Frontier expanded pos_0_0_0_0=2 from depth=13 -> reward=0.0247 assigned=19/81 contradiction=False
Frontier expanded pos_0_0_0_0=5 from depth=14 -> reward=-1.0000 assigned=31/81 contradiction=True
Contradiction found after pos_0_0_0_0=5
Frontier expanded pos_0_1_0_0=4 from depth=14 -> reward=-1.0000 assigned=32/81 contradiction=True
Contradiction found after pos_0_1_0_0=4
Frontier expanded pos_0_1_2_0=1 from depth=14 -> reward=-1.0000 assigned=36/81 contradiction=True
Contradiction found after pos_0_1_2_0=1
Frontier expanded pos_1_1_2_2=1 from depth=14 -> reward=-1.0000 assigned=25/81 contradiction=True
Contradiction found after pos_1_1_2_2=1
Frontier expanded pos_1_1_2_2=5 from depth=14 -> reward=-1.0000 assigned=28/81 contradiction=True
Contradiction found after pos_1_1_2_2=5
Frontier expanded pos_0_1_2_0=7 from depth=14 -> reward=-1.0000 assigned=24/81 contradiction=True
Contradiction found after pos_0_1_2_0=7
Frontier expanded pos_0_2_0_0=5 from depth=14 -> reward=-1.0000 assigned=20/81 contradiction=True
Contradiction found after pos_0_2_0_0=5
Frontier expanded pos_1_0_2_0=7 from depth=14 -> reward=0.0617 assigned=24/81 contradiction=False
Frontier expanded pos_1_0_2_1=3 from depth=14 -> reward=0.0617 assigned=24/81 contradiction=False
Frontier expanded pos_0_1_2_0=4 from depth=14 -> reward=0.0123 assigned=20/81 contradiction=False
Frontier expanded pos_0_1_2_1=0 from depth=15 -> reward=-1.0000 assigned=35/81 contradiction=True
Contradiction found after pos_0_1_2_1=0
Frontier expanded pos_0_1_2_2=7 from depth=15 -> reward=-1.0000 assigned=35/81 contradiction=True
Contradiction found after pos_0_1_2_2=7
Frontier expanded pos_0_2_0_0=5 from depth=15 -> reward=-1.0000 assigned=26/81 contradiction=True
Contradiction found after pos_0_2_0_0=5
Frontier expanded pos_0_2_2_0=5 from depth=15 -> reward=-1.0000 assigned=33/81 contradiction=True
Contradiction found after pos_0_2_2_0=5
Frontier expanded pos_1_0_2_2=4 from depth=15 -> reward=0.0617 assigned=29/81 contradiction=False
Frontier expanded pos_0_2_0_0=5 from depth=16 -> reward=-1.0000 assigned=31/81 contradiction=True
Contradiction found after pos_0_2_0_0=5
Frontier expanded pos_0_2_2_0=3 from depth=16 -> reward=-1.0000 assigned=38/81 contradiction=True
Contradiction found after pos_0_2_2_0=3
Frontier expanded pos_0_2_2_0=5 from depth=16 -> reward=-1.0000 assigned=40/81 contradiction=True
Contradiction found after pos_0_2_2_0=5
Frontier expanded pos_1_1_2_2=1 from depth=16 -> reward=-1.0000 assigned=40/81 contradiction=True
Contradiction found after pos_1_1_2_2=1
Frontier expanded pos_1_1_2_2=5 from depth=16 -> reward=-1.0000 assigned=36/81 contradiction=True
Contradiction found after pos_1_1_2_2=5
Frontier expanded pos_0_2_0_0=5 from depth=15 -> reward=-1.0000 assigned=22/81 contradiction=True
Contradiction found after pos_0_2_0_0=5
Frontier expanded pos_1_0_2_0=3 from depth=15 -> reward=-1.0000 assigned=29/81 contradiction=True
Contradiction found after pos_1_0_2_0=3
Frontier expanded pos_0_1_2_1=7 from depth=15 -> reward=0.0741 assigned=26/81 contradiction=False
Frontier expanded pos_0_1_2_2=0 from depth=15 -> reward=0.0741 assigned=26/81 contradiction=False
Frontier expanded pos_0_2_2_0=3 from depth=15 -> reward=0.0617 assigned=25/81 contradiction=False
Frontier expanded pos_0_2_0_0=5 from depth=16 -> reward=-1.0000 assigned=28/81 contradiction=True
Contradiction found after pos_0_2_0_0=5
Frontier expanded pos_0_2_2_0=5 from depth=16 -> reward=-1.0000 assigned=36/81 contradiction=True
Contradiction found after pos_0_2_2_0=5
Frontier expanded pos_1_0_2_2=2 from depth=16 -> reward=-1.0000 assigned=30/81 contradiction=True
Contradiction found after pos_1_0_2_2=2
Frontier expanded pos_1_1_2_2=1 from depth=16 -> reward=-1.0000 assigned=32/81 contradiction=True
Contradiction found after pos_1_1_2_2=1
Frontier expanded pos_1_1_2_2=5 from depth=16 -> reward=-1.0000 assigned=32/81 contradiction=True
Contradiction found after pos_1_1_2_2=5
Frontier expanded pos_0_1_2_1=0 from depth=16 -> reward=-1.0000 assigned=36/81 contradiction=True
Contradiction found after pos_0_1_2_1=0
Frontier expanded pos_0_1_2_2=7 from depth=16 -> reward=-1.0000 assigned=36/81 contradiction=True
Contradiction found after pos_0_1_2_2=7
Frontier expanded pos_0_2_0_0=5 from depth=16 -> reward=-1.0000 assigned=26/81 contradiction=True
Contradiction found after pos_0_2_0_0=5
Frontier expanded pos_1_0_2_2=4 from depth=16 -> reward=-1.0000 assigned=37/81 contradiction=True
Contradiction found after pos_1_0_2_2=4
Frontier expanded pos_1_1_2_2=1 from depth=16 -> reward=-1.0000 assigned=31/81 contradiction=True
Contradiction found after pos_1_1_2_2=1
Frontier expanded pos_1_0_2_0=3 from depth=12 -> reward=-1.0000 assigned=17/81 contradiction=True
Contradiction found after pos_1_0_2_0=3
Frontier expanded pos_1_0_2_0=7 from depth=12 -> reward=-1.0000 assigned=17/81 contradiction=True
Contradiction found after pos_1_0_2_0=7
Frontier expanded pos_1_0_2_1=3 from depth=12 -> reward=-1.0000 assigned=19/81 contradiction=True
Contradiction found after pos_1_0_2_1=3
Frontier expanded pos_1_0_2_1=7 from depth=12 -> reward=-1.0000 assigned=17/81 contradiction=True
Contradiction found after pos_1_0_2_1=7
Frontier expanded pos_2_0_0_2=1 from depth=12 -> reward=-1.0000 assigned=24/81 contradiction=True
Contradiction found after pos_2_0_0_2=1
Frontier expanded pos_2_0_0_2=1 from depth=5 -> reward=-1.0000 assigned=15/81 contradiction=True
Contradiction found after pos_2_0_0_2=1
Frontier expanded pos_2_0_0_2=5 from depth=5 -> reward=-1.0000 assigned=12/81 contradiction=True
Contradiction found after pos_2_0_0_2=5
Frontier expanded pos_1_2_0_1=3 from depth=5 -> reward=0.0123 assigned=7/81 contradiction=False
Frontier expanded pos_1_2_0_1=7 from depth=5 -> reward=0.0123 assigned=7/81 contradiction=False
Frontier expanded pos_1_2_1_0=3 from depth=5 -> reward=0.0123 assigned=7/81 contradiction=False
Frontier expanded pos_2_0_0_2=1 from depth=6 -> reward=-1.0000 assigned=17/81 contradiction=True
Contradiction found after pos_2_0_0_2=1
Frontier expanded pos_2_0_0_2=5 from depth=6 -> reward=-1.0000 assigned=8/81 contradiction=True
Contradiction found after pos_2_0_0_2=5
Frontier expanded pos_2_2_0_1=2 from depth=6 -> reward=-1.0000 assigned=18/81 contradiction=True
Contradiction found after pos_2_2_0_1=2
Frontier expanded pos_2_2_0_1=5 from depth=6 -> reward=-1.0000 assigned=11/81 contradiction=True
Contradiction found after pos_2_2_0_1=5
Frontier expanded pos_1_2_1_0=7 from depth=6 -> reward=0.0123 assigned=8/81 contradiction=False
Frontier expanded pos_2_0_0_2=1 from depth=7 -> reward=-1.0000 assigned=18/81 contradiction=True
Contradiction found after pos_2_0_0_2=1
Frontier expanded pos_2_0_0_2=5 from depth=7 -> reward=-1.0000 assigned=9/81 contradiction=True
Contradiction found after pos_2_0_0_2=5
Frontier expanded pos_2_2_0_1=2 from depth=7 -> reward=-1.0000 assigned=19/81 contradiction=True
Contradiction found after pos_2_2_0_1=2
Frontier expanded pos_2_2_0_1=5 from depth=7 -> reward=-1.0000 assigned=12/81 contradiction=True
Contradiction found after pos_2_2_0_1=5
Frontier expanded pos_1_0_2_0=3 from depth=7 -> reward=0.0247 assigned=10/81 contradiction=False
Frontier expanded pos_1_1_2_2=1 from depth=8 -> reward=-1.0000 assigned=12/81 contradiction=True
Contradiction found after pos_1_1_2_2=1
Frontier expanded pos_1_1_2_2=5 from depth=8 -> reward=-1.0000 assigned=18/81 contradiction=True
Contradiction found after pos_1_1_2_2=5
Frontier expanded pos_1_2_2_0=1 from depth=8 -> reward=-1.0000 assigned=13/81 contradiction=True
Contradiction found after pos_1_2_2_0=1
Frontier expanded pos_1_2_2_0=5 from depth=8 -> reward=-1.0000 assigned=12/81 contradiction=True
Contradiction found after pos_1_2_2_0=5
Frontier expanded pos_2_0_0_2=1 from depth=8 -> reward=-1.0000 assigned=24/81 contradiction=True
Contradiction found after pos_2_0_0_2=1
Frontier expanded pos_2_0_0_2=1 from depth=6 -> reward=-1.0000 assigned=15/81 contradiction=True
Contradiction found after pos_2_0_0_2=1
Frontier expanded pos_2_0_0_2=5 from depth=6 -> reward=-1.0000 assigned=13/81 contradiction=True
Contradiction found after pos_2_0_0_2=5
Frontier expanded pos_1_2_2_0=7 from depth=6 -> reward=-1.0000 assigned=10/81 contradiction=True
Contradiction found after pos_1_2_2_0=7
Frontier expanded pos_1_2_0_1=7 from depth=6 -> reward=0.0123 assigned=8/81 contradiction=False
Frontier expanded pos_1_0_2_0=3 from depth=6 -> reward=0.0247 assigned=9/81 contradiction=False
Frontier expanded pos_1_1_2_2=1 from depth=7 -> reward=-1.0000 assigned=12/81 contradiction=True
Contradiction found after pos_1_1_2_2=1
Frontier expanded pos_1_1_2_2=5 from depth=7 -> reward=-1.0000 assigned=11/81 contradiction=True
Contradiction found after pos_1_1_2_2=5
Frontier expanded pos_1_2_0_1=5 from depth=7 -> reward=-1.0000 assigned=12/81 contradiction=True
Contradiction found after pos_1_2_0_1=5
Frontier expanded pos_1_2_2_0=1 from depth=7 -> reward=-1.0000 assigned=12/81 contradiction=True
Contradiction found after pos_1_2_2_0=1
Frontier expanded pos_1_2_2_0=5 from depth=7 -> reward=-1.0000 assigned=12/81 contradiction=True
Contradiction found after pos_1_2_2_0=5
Frontier expanded pos_2_0_0_2=1 from depth=7 -> reward=-1.0000 assigned=17/81 contradiction=True
Contradiction found after pos_2_0_0_2=1
Frontier expanded pos_2_0_0_2=5 from depth=7 -> reward=-1.0000 assigned=14/81 contradiction=True
Contradiction found after pos_2_0_0_2=5
Frontier expanded pos_2_0_1_1=1 from depth=7 -> reward=-1.0000 assigned=17/81 contradiction=True
Contradiction found after pos_2_0_1_1=1
Frontier expanded pos_2_0_1_1=7 from depth=7 -> reward=0.0494 assigned=12/81 contradiction=False
Frontier expanded pos_2_0_1_1=3 from depth=7 -> reward=0.0247 assigned=10/81 contradiction=False
Frontier expanded pos_2_0_0_2=1 from depth=8 -> reward=-1.0000 assigned=15/81 contradiction=True
Contradiction found after pos_2_0_0_2=1
Frontier expanded pos_2_0_0_2=5 from depth=8 -> reward=-1.0000 assigned=15/81 contradiction=True
Contradiction found after pos_2_0_0_2=5
Frontier expanded pos_1_0_2_0=7 from depth=8 -> reward=0.0617 assigned=17/81 contradiction=False
Frontier expanded pos_1_0_2_1=3 from depth=8 -> reward=0.0617 assigned=17/81 contradiction=False
Frontier expanded pos_1_0_2_0=3 from depth=8 -> reward=0.0247 assigned=14/81 contradiction=False
Frontier expanded pos_1_1_2_2=1 from depth=9 -> reward=-1.0000 assigned=20/81 contradiction=True
Contradiction found after pos_1_1_2_2=1
Frontier expanded pos_1_1_2_2=5 from depth=9 -> reward=-1.0000 assigned=24/81 contradiction=True
Contradiction found after pos_1_1_2_2=5
Frontier expanded pos_1_2_2_0=1 from depth=9 -> reward=-1.0000 assigned=19/81 contradiction=True
Contradiction found after pos_1_2_2_0=1
Frontier expanded pos_1_2_2_0=5 from depth=9 -> reward=-1.0000 assigned=19/81 contradiction=True
Contradiction found after pos_1_2_2_0=5
Frontier expanded pos_2_0_0_2=1 from depth=9 -> reward=-1.0000 assigned=20/81 contradiction=True
Contradiction found after pos_2_0_0_2=1
Frontier expanded pos_1_1_2_2=1 from depth=9 -> reward=-1.0000 assigned=16/81 contradiction=True
Contradiction found after pos_1_1_2_2=1
Frontier expanded pos_1_1_2_2=5 from depth=9 -> reward=-1.0000 assigned=21/81 contradiction=True
Contradiction found after pos_1_1_2_2=5
Frontier expanded pos_1_2_2_0=1 from depth=9 -> reward=-1.0000 assigned=17/81 contradiction=True
Contradiction found after pos_1_2_2_0=1
Frontier expanded pos_1_2_2_0=5 from depth=9 -> reward=-1.0000 assigned=16/81 contradiction=True
Contradiction found after pos_1_2_2_0=5
Frontier expanded pos_2_0_0_2=1 from depth=9 -> reward=-1.0000 assigned=17/81 contradiction=True
Contradiction found after pos_2_0_0_2=1
Frontier expanded pos_2_0_0_2=1 from depth=8 -> reward=-1.0000 assigned=20/81 contradiction=True
Contradiction found after pos_2_0_0_2=1
Frontier expanded pos_2_0_0_2=5 from depth=8 -> reward=-1.0000 assigned=16/81 contradiction=True
Contradiction found after pos_2_0_0_2=5
Frontier expanded pos_2_0_0_0=1 from depth=8 -> reward=-1.0000 assigned=18/81 contradiction=True
Contradiction found after pos_2_0_0_0=1
Frontier expanded pos_2_0_0_0=5 from depth=8 -> reward=-1.0000 assigned=15/81 contradiction=True
Contradiction found after pos_2_0_0_0=5
Frontier expanded pos_2_0_0_0=7 from depth=8 -> reward=0.0123 assigned=11/81 contradiction=False
Frontier expanded pos_2_0_0_2=1 from depth=9 -> reward=-1.0000 assigned=20/81 contradiction=True
Contradiction found after pos_2_0_0_2=1
Frontier expanded pos_2_0_0_2=5 from depth=9 -> reward=-1.0000 assigned=16/81 contradiction=True
Contradiction found after pos_2_0_0_2=5
Frontier expanded pos_1_0_2_0=7 from depth=9 -> reward=0.0988 assigned=19/81 contradiction=False
Frontier expanded pos_1_0_2_1=3 from depth=9 -> reward=0.0988 assigned=19/81 contradiction=False
Frontier expanded pos_2_0_0_1=6 from depth=9 -> reward=0.0370 assigned=14/81 contradiction=False
Frontier expanded pos_1_1_2_2=1 from depth=10 -> reward=-1.0000 assigned=22/81 contradiction=True
Contradiction found after pos_1_1_2_2=1
Frontier expanded pos_1_1_2_2=5 from depth=10 -> reward=-1.0000 assigned=26/81 contradiction=True
Contradiction found after pos_1_1_2_2=5
Frontier expanded pos_1_2_2_0=1 from depth=10 -> reward=-1.0000 assigned=21/81 contradiction=True
Contradiction found after pos_1_2_2_0=1
Frontier expanded pos_1_2_2_0=5 from depth=10 -> reward=-1.0000 assigned=21/81 contradiction=True
Contradiction found after pos_1_2_2_0=5
Frontier expanded pos_2_0_0_2=1 from depth=10 -> reward=-1.0000 assigned=28/81 contradiction=True
Contradiction found after pos_2_0_0_2=1
Frontier expanded pos_2_0_0_2=1 from depth=10 -> reward=-1.0000 assigned=28/81 contradiction=True
Contradiction found after pos_2_0_0_2=1
Frontier expanded pos_2_0_0_2=5 from depth=10 -> reward=-1.0000 assigned=19/81 contradiction=True
Contradiction found after pos_2_0_0_2=5
Frontier expanded pos_0_0_0_1=2 from depth=10 -> reward=-1.0000 assigned=18/81 contradiction=True
Contradiction found after pos_0_0_0_1=2
Frontier expanded pos_0_0_0_1=4 from depth=10 -> reward=-1.0000 assigned=21/81 contradiction=True
Contradiction found after pos_0_0_0_1=4
Frontier expanded pos_1_0_2_0=7 from depth=10 -> reward=0.0617 assigned=19/81 contradiction=False
Frontier expanded pos_2_0_0_2=1 from depth=6 -> reward=-1.0000 assigned=16/81 contradiction=True
Contradiction found after pos_2_0_0_2=1
Frontier expanded pos_2_0_0_2=5 from depth=6 -> reward=-1.0000 assigned=13/81 contradiction=True
Contradiction found after pos_2_0_0_2=5
Frontier expanded pos_1_2_2_0=3 from depth=6 -> reward=-1.0000 assigned=10/81 contradiction=True
Contradiction found after pos_1_2_2_0=3
Frontier expanded pos_1_2_1_0=3 from depth=6 -> reward=0.0123 assigned=8/81 contradiction=False
Frontier expanded pos_1_0_2_0=3 from depth=6 -> reward=0.0247 assigned=9/81 contradiction=False
Frontier expanded pos_1_1_2_2=1 from depth=7 -> reward=-1.0000 assigned=11/81 contradiction=True
Contradiction found after pos_1_1_2_2=1
Frontier expanded pos_1_1_2_2=5 from depth=7 -> reward=-1.0000 assigned=16/81 contradiction=True
Contradiction found after pos_1_1_2_2=5
Frontier expanded pos_1_2_1_0=1 from depth=7 -> reward=-1.0000 assigned=12/81 contradiction=True
Contradiction found after pos_1_2_1_0=1
Frontier expanded pos_1_2_2_0=1 from depth=7 -> reward=-1.0000 assigned=13/81 contradiction=True
Contradiction found after pos_1_2_2_0=1
Frontier expanded pos_1_2_2_0=5 from depth=7 -> reward=-1.0000 assigned=11/81 contradiction=True
Contradiction found after pos_1_2_2_0=5
Frontier expanded pos_2_0_0_2=1 from depth=5 -> reward=-1.0000 assigned=14/81 contradiction=True
Contradiction found after pos_2_0_0_2=1
Frontier expanded pos_2_0_0_2=5 from depth=5 -> reward=-1.0000 assigned=13/81 contradiction=True
Contradiction found after pos_2_0_0_2=5
Frontier expanded pos_1_2_0_1=3 from depth=5 -> reward=0.0123 assigned=7/81 contradiction=False
Frontier expanded pos_1_2_0_1=7 from depth=5 -> reward=0.0123 assigned=7/81 contradiction=False
Frontier expanded pos_1_2_1_0=3 from depth=5 -> reward=0.0123 assigned=7/81 contradiction=False
Frontier expanded pos_2_0_0_2=1 from depth=6 -> reward=-1.0000 assigned=15/81 contradiction=True
Contradiction found after pos_2_0_0_2=1
Frontier expanded pos_2_0_0_2=5 from depth=6 -> reward=-1.0000 assigned=8/81 contradiction=True
Contradiction found after pos_2_0_0_2=5
Frontier expanded pos_2_2_0_1=2 from depth=6 -> reward=-1.0000 assigned=16/81 contradiction=True
Contradiction found after pos_2_2_0_1=2
Frontier expanded pos_2_2_0_1=5 from depth=6 -> reward=-1.0000 assigned=11/81 contradiction=True
Contradiction found after pos_2_2_0_1=5
Frontier expanded pos_1_2_1_0=7 from depth=6 -> reward=0.0123 assigned=8/81 contradiction=False
Frontier expanded pos_2_0_0_2=1 from depth=7 -> reward=-1.0000 assigned=16/81 contradiction=True
Contradiction found after pos_2_0_0_2=1
Frontier expanded pos_2_0_0_2=5 from depth=7 -> reward=-1.0000 assigned=9/81 contradiction=True
Contradiction found after pos_2_0_0_2=5
Frontier expanded pos_2_2_0_1=2 from depth=7 -> reward=-1.0000 assigned=17/81 contradiction=True
Contradiction found after pos_2_2_0_1=2
Frontier expanded pos_2_2_0_1=5 from depth=7 -> reward=-1.0000 assigned=12/81 contradiction=True
Contradiction found after pos_2_2_0_1=5
Frontier expanded pos_1_0_2_0=3 from depth=7 -> reward=0.0247 assigned=10/81 contradiction=False
Frontier expanded pos_1_1_2_2=1 from depth=8 -> reward=-1.0000 assigned=12/81 contradiction=True
Contradiction found after pos_1_1_2_2=1
Frontier expanded pos_1_1_2_2=5 from depth=8 -> reward=-1.0000 assigned=18/81 contradiction=True
Contradiction found after pos_1_1_2_2=5
Frontier expanded pos_1_2_2_0=1 from depth=8 -> reward=-1.0000 assigned=13/81 contradiction=True
Contradiction found after pos_1_2_2_0=1
Frontier expanded pos_1_2_2_0=5 from depth=8 -> reward=-1.0000 assigned=12/81 contradiction=True
Contradiction found after pos_1_2_2_0=5
Frontier expanded pos_2_0_0_2=1 from depth=8 -> reward=-1.0000 assigned=22/81 contradiction=True
Contradiction found after pos_2_0_0_2=1
Frontier expanded pos_2_0_0_2=1 from depth=6 -> reward=-1.0000 assigned=15/81 contradiction=True
Contradiction found after pos_2_0_0_2=1
Frontier expanded pos_2_0_0_2=5 from depth=6 -> reward=-1.0000 assigned=14/81 contradiction=True
Contradiction found after pos_2_0_0_2=5
Frontier expanded pos_1_2_2_0=3 from depth=6 -> reward=-1.0000 assigned=10/81 contradiction=True
Contradiction found after pos_1_2_2_0=3
Frontier expanded pos_1_2_1_0=3 from depth=6 -> reward=0.0123 assigned=8/81 contradiction=False
Frontier expanded pos_1_0_2_0=3 from depth=6 -> reward=0.0247 assigned=9/81 contradiction=False
Frontier expanded pos_1_1_2_2=1 from depth=7 -> reward=-1.0000 assigned=11/81 contradiction=True
Contradiction found after pos_1_1_2_2=1
Frontier expanded pos_1_1_2_2=5 from depth=7 -> reward=-1.0000 assigned=16/81 contradiction=True
Contradiction found after pos_1_1_2_2=5
Frontier expanded pos_1_2_1_0=1 from depth=7 -> reward=-1.0000 assigned=13/81 contradiction=True
Contradiction found after pos_1_2_1_0=1
Frontier expanded pos_1_2_2_0=1 from depth=7 -> reward=-1.0000 assigned=13/81 contradiction=True
Contradiction found after pos_1_2_2_0=1
Frontier expanded pos_1_2_2_0=5 from depth=7 -> reward=-1.0000 assigned=11/81 contradiction=True
Contradiction found after pos_1_2_2_0=5
Frontier expanded pos_2_0_0_2=1 from depth=7 -> reward=-1.0000 assigned=16/81 contradiction=True
Contradiction found after pos_2_0_0_2=1
Frontier expanded pos_2_0_0_2=5 from depth=7 -> reward=-1.0000 assigned=16/81 contradiction=True
Contradiction found after pos_2_0_0_2=5
Frontier expanded pos_2_0_1_1=1 from depth=7 -> reward=-1.0000 assigned=16/81 contradiction=True
Contradiction found after pos_2_0_1_1=1
Frontier expanded pos_2_0_1_1=5 from depth=7 -> reward=-1.0000 assigned=17/81 contradiction=True
Contradiction found after pos_2_0_1_1=5
Frontier expanded pos_2_0_1_1=7 from depth=7 -> reward=0.0494 assigned=12/81 contradiction=False
Frontier expanded pos_2_0_0_2=1 from depth=8 -> reward=-1.0000 assigned=15/81 contradiction=True
Contradiction found after pos_2_0_0_2=1
Frontier expanded pos_2_0_0_2=5 from depth=8 -> reward=-1.0000 assigned=15/81 contradiction=True
Contradiction found after pos_2_0_0_2=5
Frontier expanded pos_0_2_1_0=2 from depth=8 -> reward=0.0123 assigned=13/81 contradiction=False
Frontier expanded pos_0_2_1_0=4 from depth=8 -> reward=0.0123 assigned=13/81 contradiction=False
Frontier expanded pos_0_2_1_0=6 from depth=8 -> reward=0.0123 assigned=13/81 contradiction=False
Frontier expanded pos_2_0_0_2=1 from depth=9 -> reward=-1.0000 assigned=16/81 contradiction=True
Contradiction found after pos_2_0_0_2=1
Frontier expanded pos_2_0_0_2=5 from depth=9 -> reward=-1.0000 assigned=16/81 contradiction=True
Contradiction found after pos_2_0_0_2=5
Frontier expanded pos_1_0_2_0=7 from depth=9 -> reward=0.0617 assigned=18/81 contradiction=False
Frontier expanded pos_1_0_2_1=3 from depth=9 -> reward=0.0617 assigned=18/81 contradiction=False
Frontier expanded pos_1_2_2_0=1 from depth=9 -> reward=0.0247 assigned=15/81 contradiction=False
Frontier expanded pos_1_1_2_2=1 from depth=10 -> reward=-1.0000 assigned=22/81 contradiction=True
Contradiction found after pos_1_1_2_2=1
Frontier expanded pos_1_1_2_2=5 from depth=10 -> reward=-1.0000 assigned=25/81 contradiction=True
Contradiction found after pos_1_1_2_2=5
Frontier expanded pos_1_2_2_0=1 from depth=10 -> reward=-1.0000 assigned=20/81 contradiction=True
Contradiction found after pos_1_2_2_0=1
Frontier expanded pos_1_2_2_0=5 from depth=10 -> reward=-1.0000 assigned=21/81 contradiction=True
Contradiction found after pos_1_2_2_0=5
Frontier expanded pos_2_0_0_2=1 from depth=10 -> reward=-1.0000 assigned=21/81 contradiction=True
Contradiction found after pos_2_0_0_2=1
Frontier expanded pos_1_0_2_0=3 from depth=10 -> reward=-1.0000 assigned=18/81 contradiction=True
Contradiction found after pos_1_0_2_0=3
Frontier expanded pos_1_0_2_0=7 from depth=10 -> reward=-1.0000 assigned=18/81 contradiction=True
Contradiction found after pos_1_0_2_0=7
Frontier expanded pos_1_0_2_1=3 from depth=10 -> reward=-1.0000 assigned=21/81 contradiction=True
Contradiction found after pos_1_0_2_1=3
Frontier expanded pos_1_0_2_1=7 from depth=10 -> reward=-1.0000 assigned=18/81 contradiction=True
Contradiction found after pos_1_0_2_1=7
Frontier expanded pos_2_0_0_2=1 from depth=10 -> reward=-1.0000 assigned=18/81 contradiction=True
Contradiction found after pos_2_0_0_2=1
Frontier expanded pos_0_2_1_2=4 from depth=9 -> reward=-1.0000 assigned=21/81 contradiction=True
Contradiction found after pos_0_2_1_2=4
Frontier expanded pos_2_0_0_2=1 from depth=9 -> reward=-1.0000 assigned=16/81 contradiction=True
Contradiction found after pos_2_0_0_2=1
Frontier expanded pos_2_0_0_2=5 from depth=9 -> reward=-1.0000 assigned=16/81 contradiction=True
Contradiction found after pos_2_0_0_2=5
Frontier expanded pos_1_0_2_0=7 from depth=9 -> reward=0.0617 assigned=18/81 contradiction=False
Frontier expanded pos_1_0_2_1=3 from depth=9 -> reward=0.0617 assigned=18/81 contradiction=False
Frontier expanded pos_0_2_1_2=4 from depth=10 -> reward=-1.0000 assigned=26/81 contradiction=True
Contradiction found after pos_0_2_1_2=4
Frontier expanded pos_1_1_2_2=1 from depth=10 -> reward=-1.0000 assigned=21/81 contradiction=True
Contradiction found after pos_1_1_2_2=1
Frontier expanded pos_1_1_2_2=5 from depth=10 -> reward=-1.0000 assigned=25/81 contradiction=True
Contradiction found after pos_1_1_2_2=5
Frontier expanded pos_1_2_2_0=1 from depth=10 -> reward=-1.0000 assigned=20/81 contradiction=True
Contradiction found after pos_1_2_2_0=1
Frontier expanded pos_1_2_2_0=5 from depth=10 -> reward=-1.0000 assigned=20/81 contradiction=True
Contradiction found after pos_1_2_2_0=5
Frontier expanded pos_0_2_1_2=6 from depth=9 -> reward=-1.0000 assigned=20/81 contradiction=True
Contradiction found after pos_0_2_1_2=6
Frontier expanded pos_2_0_0_2=1 from depth=9 -> reward=-1.0000 assigned=16/81 contradiction=True
Contradiction found after pos_2_0_0_2=1
Frontier expanded pos_2_0_0_2=5 from depth=9 -> reward=-1.0000 assigned=16/81 contradiction=True
Contradiction found after pos_2_0_0_2=5
Frontier expanded pos_1_0_2_0=7 from depth=9 -> reward=0.0617 assigned=18/81 contradiction=False
Frontier expanded pos_1_0_2_1=3 from depth=9 -> reward=0.0617 assigned=18/81 contradiction=False
Frontier expanded pos_0_2_1_2=6 from depth=10 -> reward=-1.0000 assigned=26/81 contradiction=True
Contradiction found after pos_0_2_1_2=6
Frontier expanded pos_1_1_2_2=1 from depth=10 -> reward=-1.0000 assigned=21/81 contradiction=True
Contradiction found after pos_1_1_2_2=1
Frontier expanded pos_1_1_2_2=5 from depth=10 -> reward=-1.0000 assigned=25/81 contradiction=True
Contradiction found after pos_1_1_2_2=5
Frontier expanded pos_1_2_2_0=1 from depth=10 -> reward=-1.0000 assigned=20/81 contradiction=True
Contradiction found after pos_1_2_2_0=1
Frontier expanded pos_1_2_2_0=5 from depth=10 -> reward=-1.0000 assigned=20/81 contradiction=True
Contradiction found after pos_1_2_2_0=5
Frontier expanded pos_2_0_0_2=1 from depth=6 -> reward=-1.0000 assigned=14/81 contradiction=True
Contradiction found after pos_2_0_0_2=1
Frontier expanded pos_2_0_0_2=5 from depth=6 -> reward=-1.0000 assigned=15/81 contradiction=True
Contradiction found after pos_2_0_0_2=5
Frontier expanded pos_1_2_2_0=7 from depth=6 -> reward=-1.0000 assigned=10/81 contradiction=True
Contradiction found after pos_1_2_2_0=7
Frontier expanded pos_1_2_0_1=7 from depth=6 -> reward=0.0123 assigned=8/81 contradiction=False
Frontier expanded pos_1_0_2_0=3 from depth=6 -> reward=0.0247 assigned=9/81 contradiction=False
Frontier expanded pos_1_1_2_2=1 from depth=7 -> reward=-1.0000 assigned=12/81 contradiction=True
Contradiction found after pos_1_1_2_2=1
Frontier expanded pos_1_1_2_2=5 from depth=7 -> reward=-1.0000 assigned=11/81 contradiction=True
Contradiction found after pos_1_1_2_2=5
Frontier expanded pos_1_2_0_1=5 from depth=7 -> reward=-1.0000 assigned=12/81 contradiction=True
Contradiction found after pos_1_2_0_1=5
Frontier expanded pos_1_2_2_0=1 from depth=7 -> reward=-1.0000 assigned=12/81 contradiction=True
Contradiction found after pos_1_2_2_0=1
Frontier expanded pos_1_2_2_0=5 from depth=7 -> reward=-1.0000 assigned=12/81 contradiction=True
Contradiction found after pos_1_2_2_0=5
Frontier expanded pos_1_2_2_0=3 from depth=4 -> reward=-1.0000 assigned=8/81 contradiction=True
Contradiction found after pos_1_2_2_0=3
Frontier expanded pos_1_2_1_0=3 from depth=4 -> reward=0.0123 assigned=6/81 contradiction=False
Frontier expanded pos_0_2_0_2=1 from depth=4 -> reward=0.0123 assigned=6/81 contradiction=False
Frontier expanded pos_0_2_0_2=7 from depth=4 -> reward=0.0123 assigned=6/81 contradiction=False
Frontier expanded pos_1_0_2_0=7 from depth=4 -> reward=0.0370 assigned=8/81 contradiction=False
Frontier expanded pos_1_1_2_2=1 from depth=5 -> reward=-1.0000 assigned=11/81 contradiction=True
Contradiction found after pos_1_1_2_2=1
Frontier expanded pos_1_1_2_2=5 from depth=5 -> reward=-1.0000 assigned=13/81 contradiction=True
Contradiction found after pos_1_1_2_2=5
Frontier expanded pos_1_2_1_0=1 from depth=5 -> reward=-1.0000 assigned=12/81 contradiction=True
Contradiction found after pos_1_2_1_0=1
Frontier expanded pos_1_2_2_0=1 from depth=5 -> reward=-1.0000 assigned=11/81 contradiction=True
Contradiction found after pos_1_2_2_0=1
Frontier expanded pos_1_2_2_0=5 from depth=5 -> reward=-1.0000 assigned=10/81 contradiction=True
Contradiction found after pos_1_2_2_0=5
Frontier expanded pos_2_0_0_2=5 from depth=5 -> reward=-1.0000 assigned=15/81 contradiction=True
Contradiction found after pos_2_0_0_2=5
Frontier expanded pos_2_0_0_2=7 from depth=5 -> reward=-1.0000 assigned=13/81 contradiction=True
Contradiction found after pos_2_0_0_2=7
Frontier expanded pos_2_2_0_1=2 from depth=5 -> reward=-1.0000 assigned=12/81 contradiction=True
Contradiction found after pos_2_2_0_1=2
Frontier expanded pos_2_2_0_1=3 from depth=5 -> reward=-1.0000 assigned=10/81 contradiction=True
Contradiction found after pos_2_2_0_1=3
Frontier expanded pos_1_2_1_0=3 from depth=5 -> reward=0.0123 assigned=7/81 contradiction=False
Frontier expanded pos_2_0_0_2=5 from depth=6 -> reward=-1.0000 assigned=16/81 contradiction=True
Contradiction found after pos_2_0_0_2=5
Frontier expanded pos_2_0_0_2=7 from depth=6 -> reward=-1.0000 assigned=14/81 contradiction=True
Contradiction found after pos_2_0_0_2=7
Frontier expanded pos_2_2_0_1=2 from depth=6 -> reward=-1.0000 assigned=13/81 contradiction=True
Contradiction found after pos_2_2_0_1=2
Frontier expanded pos_2_2_0_1=3 from depth=6 -> reward=-1.0000 assigned=11/81 contradiction=True
Contradiction found after pos_2_2_0_1=3
Frontier expanded pos_1_0_2_0=3 from depth=6 -> reward=0.0247 assigned=9/81 contradiction=False
Frontier expanded pos_1_1_2_2=1 from depth=7 -> reward=-1.0000 assigned=11/81 contradiction=True
Contradiction found after pos_1_1_2_2=1
Frontier expanded pos_1_1_2_2=5 from depth=7 -> reward=-1.0000 assigned=15/81 contradiction=True
Contradiction found after pos_1_1_2_2=5
Frontier expanded pos_1_2_2_0=1 from depth=7 -> reward=-1.0000 assigned=12/81 contradiction=True
Contradiction found after pos_1_2_2_0=1
Frontier expanded pos_1_2_2_0=5 from depth=7 -> reward=-1.0000 assigned=11/81 contradiction=True
Contradiction found after pos_1_2_2_0=5
Frontier expanded pos_2_0_0_2=5 from depth=7 -> reward=-1.0000 assigned=18/81 contradiction=True
Contradiction found after pos_2_0_0_2=5
Frontier expanded pos_2_0_0_2=1 from depth=5 -> reward=-1.0000 assigned=13/81 contradiction=True
Contradiction found after pos_2_0_0_2=1
Frontier expanded pos_2_0_0_2=5 from depth=5 -> reward=-1.0000 assigned=12/81 contradiction=True
Contradiction found after pos_2_0_0_2=5
Frontier expanded pos_1_2_1_0=3 from depth=5 -> reward=0.0123 assigned=7/81 contradiction=False
Frontier expanded pos_0_2_1_1=1 from depth=5 -> reward=0.0123 assigned=7/81 contradiction=False
Frontier expanded pos_0_2_1_1=3 from depth=5 -> reward=0.0123 assigned=7/81 contradiction=False
Frontier expanded pos_2_0_0_2=1 from depth=6 -> reward=-1.0000 assigned=14/81 contradiction=True
Contradiction found after pos_2_0_0_2=1
Frontier expanded pos_2_0_0_2=5 from depth=6 -> reward=-1.0000 assigned=13/81 contradiction=True
Contradiction found after pos_2_0_0_2=5
Frontier expanded pos_0_2_1_1=1 from depth=6 -> reward=0.0123 assigned=8/81 contradiction=False
Frontier expanded pos_0_2_1_1=3 from depth=6 -> reward=0.0123 assigned=8/81 contradiction=False
Frontier expanded pos_0_2_1_1=5 from depth=6 -> reward=0.0123 assigned=8/81 contradiction=False
Frontier expanded pos_2_0_0_2=1 from depth=5 -> reward=-1.0000 assigned=16/81 contradiction=True
Contradiction found after pos_2_0_0_2=1
Frontier expanded pos_2_0_0_2=5 from depth=5 -> reward=-1.0000 assigned=9/81 contradiction=True
Contradiction found after pos_2_0_0_2=5
Frontier expanded pos_2_0_0_2=7 from depth=5 -> reward=-1.0000 assigned=15/81 contradiction=True
Contradiction found after pos_2_0_0_2=7
Frontier expanded pos_0_2_0_2=1 from depth=5 -> reward=0.0123 assigned=7/81 contradiction=False
Frontier expanded pos_0_2_0_2=7 from depth=5 -> reward=0.0123 assigned=7/81 contradiction=False
Frontier expanded pos_1_2_2_0=7 from depth=4 -> reward=-1.0000 assigned=8/81 contradiction=True
Contradiction found after pos_1_2_2_0=7
Frontier expanded pos_1_2_0_1=7 from depth=4 -> reward=0.0123 assigned=6/81 contradiction=False
Frontier expanded pos_0_2_0_2=1 from depth=4 -> reward=0.0123 assigned=6/81 contradiction=False
Frontier expanded pos_0_2_0_2=7 from depth=4 -> reward=0.0123 assigned=6/81 contradiction=False
Frontier expanded pos_1_0_2_0=7 from depth=4 -> reward=0.0370 assigned=8/81 contradiction=False
Frontier expanded pos_1_1_2_2=1 from depth=5 -> reward=-1.0000 assigned=12/81 contradiction=True
Contradiction found after pos_1_1_2_2=1
Frontier expanded pos_1_1_2_2=5 from depth=5 -> reward=-1.0000 assigned=11/81 contradiction=True
Contradiction found after pos_1_1_2_2=5
Frontier expanded pos_1_2_0_1=5 from depth=5 -> reward=-1.0000 assigned=12/81 contradiction=True
Contradiction found after pos_1_2_0_1=5
Frontier expanded pos_1_2_2_0=1 from depth=5 -> reward=-1.0000 assigned=10/81 contradiction=True
Contradiction found after pos_1_2_2_0=1
Frontier expanded pos_1_2_2_0=5 from depth=5 -> reward=-1.0000 assigned=11/81 contradiction=True
Contradiction found after pos_1_2_2_0=5
Frontier expanded pos_2_0_0_2=5 from depth=5 -> reward=-1.0000 assigned=15/81 contradiction=True
Contradiction found after pos_2_0_0_2=5
Frontier expanded pos_2_0_0_2=7 from depth=5 -> reward=-1.0000 assigned=12/81 contradiction=True
Contradiction found after pos_2_0_0_2=7
Frontier expanded pos_2_2_0_1=2 from depth=5 -> reward=-1.0000 assigned=12/81 contradiction=True
Contradiction found after pos_2_2_0_1=2
Frontier expanded pos_2_2_0_1=3 from depth=5 -> reward=-1.0000 assigned=13/81 contradiction=True
Contradiction found after pos_2_2_0_1=3
Frontier expanded pos_1_2_0_1=7 from depth=5 -> reward=0.0123 assigned=7/81 contradiction=False
Frontier expanded pos_2_0_0_2=1 from depth=5 -> reward=-1.0000 assigned=13/81 contradiction=True
Contradiction found after pos_2_0_0_2=1
Frontier expanded pos_2_0_0_2=5 from depth=5 -> reward=-1.0000 assigned=12/81 contradiction=True
Contradiction found after pos_2_0_0_2=5
Frontier expanded pos_1_2_0_1=7 from depth=5 -> reward=0.0123 assigned=7/81 contradiction=False
Frontier expanded pos_0_2_1_1=1 from depth=5 -> reward=0.0123 assigned=7/81 contradiction=False
Frontier expanded pos_0_2_1_1=3 from depth=5 -> reward=0.0123 assigned=7/81 contradiction=False
Frontier expanded pos_2_0_0_2=1 from depth=6 -> reward=-1.0000 assigned=14/81 contradiction=True
Contradiction found after pos_2_0_0_2=1
Frontier expanded pos_2_0_0_2=5 from depth=6 -> reward=-1.0000 assigned=14/81 contradiction=True
Contradiction found after pos_2_0_0_2=5
Frontier expanded pos_0_0_1_0=7 from depth=6 -> reward=0.0123 assigned=8/81 contradiction=False
Frontier expanded pos_0_0_1_0=6 from depth=6 -> reward=0.0247 assigned=9/81 contradiction=False
Frontier expanded pos_0_0_1_0=8 from depth=6 -> reward=0.0247 assigned=9/81 contradiction=False
Frontier expanded pos_2_0_0_2=1 from depth=7 -> reward=-1.0000 assigned=21/81 contradiction=True
Contradiction found after pos_2_0_0_2=1
Frontier expanded pos_2_0_0_2=5 from depth=7 -> reward=-1.0000 assigned=17/81 contradiction=True
Contradiction found after pos_2_0_0_2=5
Frontier expanded pos_0_0_0_1=2 from depth=7 -> reward=-1.0000 assigned=13/81 contradiction=True
Contradiction found after pos_0_0_0_1=2
Frontier expanded pos_0_0_0_1=4 from depth=7 -> reward=-1.0000 assigned=15/81 contradiction=True
Contradiction found after pos_0_0_0_1=4
Frontier expanded pos_0_0_0_1=5 from depth=7 -> reward=0.0741 assigned=15/81 contradiction=False
Frontier expanded pos_0_2_1_0=6 from depth=7 -> reward=0.0123 assigned=10/81 contradiction=False
Frontier expanded pos_2_0_0_2=1 from depth=7 -> reward=-1.0000 assigned=16/81 contradiction=True
Contradiction found after pos_2_0_0_2=1
Frontier expanded pos_2_0_0_2=5 from depth=7 -> reward=-1.0000 assigned=16/81 contradiction=True
Contradiction found after pos_2_0_0_2=5
Frontier expanded pos_1_2_0_1=7 from depth=7 -> reward=0.0123 assigned=10/81 contradiction=False
Frontier expanded pos_1_0_2_0=3 from depth=7 -> reward=0.0247 assigned=11/81 contradiction=False
Frontier expanded pos_1_1_2_2=1 from depth=8 -> reward=-1.0000 assigned=17/81 contradiction=True
Contradiction found after pos_1_1_2_2=1
Frontier expanded pos_1_1_2_2=5 from depth=8 -> reward=-1.0000 assigned=13/81 contradiction=True
Contradiction found after pos_1_1_2_2=5
Frontier expanded pos_1_2_0_1=5 from depth=8 -> reward=-1.0000 assigned=14/81 contradiction=True
Contradiction found after pos_1_2_0_1=5
Frontier expanded pos_1_2_2_0=1 from depth=8 -> reward=-1.0000 assigned=14/81 contradiction=True
Contradiction found after pos_1_2_2_0=1
Frontier expanded pos_1_2_2_0=5 from depth=8 -> reward=-1.0000 assigned=16/81 contradiction=True
Contradiction found after pos_1_2_2_0=5
Frontier expanded pos_1_0_2_0=7 from depth=8 -> reward=0.0370 assigned=13/81 contradiction=False
Frontier expanded pos_1_0_2_1=3 from depth=8 -> reward=0.0370 assigned=13/81 contradiction=False
Frontier expanded pos_0_2_1_2=2 from depth=8 -> reward=0.0123 assigned=11/81 contradiction=False
Frontier expanded pos_1_2_0_1=7 from depth=8 -> reward=0.0123 assigned=11/81 contradiction=False
Frontier expanded pos_2_0_0_2=1 from depth=8 -> reward=-1.0000 assigned=17/81 contradiction=True
Contradiction found after pos_2_0_0_2=1
Frontier expanded pos_0_2_1_2=2 from depth=9 -> reward=0.0123 assigned=14/81 contradiction=False
Frontier expanded pos_1_2_0_1=7 from depth=9 -> reward=0.0123 assigned=14/81 contradiction=False
Frontier expanded pos_1_0_2_2=4 from depth=9 -> reward=0.0123 assigned=14/81 contradiction=False
Frontier expanded pos_1_0_2_2=2 from depth=9 -> reward=0.0123 assigned=14/81 contradiction=False
Frontier expanded pos_1_1_2_2=1 from depth=9 -> reward=-1.0000 assigned=18/81 contradiction=True
Contradiction found after pos_1_1_2_2=1
Frontier expanded pos_1_0_2_2=2 from depth=10 -> reward=0.0123 assigned=15/81 contradiction=False
Frontier expanded pos_1_2_0_1=7 from depth=10 -> reward=0.0123 assigned=15/81 contradiction=False
Frontier expanded pos_0_1_1_1=5 from depth=10 -> reward=0.0494 assigned=18/81 contradiction=False
Frontier expanded pos_1_0_2_2=4 from depth=10 -> reward=0.0123 assigned=15/81 contradiction=False
Frontier expanded pos_1_1_2_2=1 from depth=10 -> reward=-1.0000 assigned=20/81 contradiction=True
Contradiction found after pos_1_1_2_2=1
Frontier expanded pos_1_2_0_1=7 from depth=11 -> reward=0.0123 assigned=19/81 contradiction=False
Frontier expanded pos_1_0_2_2=2 from depth=11 -> reward=0.0123 assigned=19/81 contradiction=False
Frontier expanded pos_1_0_2_2=4 from depth=11 -> reward=0.0123 assigned=19/81 contradiction=False
Frontier expanded pos_0_2_2_0=5 from depth=11 -> reward=-1.0000 assigned=22/81 contradiction=True
Contradiction found after pos_0_2_2_0=5
Frontier expanded pos_1_1_2_2=1 from depth=11 -> reward=-1.0000 assigned=24/81 contradiction=True
Contradiction found after pos_1_1_2_2=1
Frontier expanded pos_1_0_1_2=6 from depth=12 -> reward=0.0123 assigned=20/81 contradiction=False
Frontier expanded pos_1_2_0_1=7 from depth=12 -> reward=0.0123 assigned=20/81 contradiction=False
Frontier expanded pos_0_2_2_0=5 from depth=12 -> reward=-1.0000 assigned=24/81 contradiction=True
Contradiction found after pos_0_2_2_0=5
Frontier expanded pos_1_1_2_2=1 from depth=12 -> reward=-1.0000 assigned=27/81 contradiction=True
Contradiction found after pos_1_1_2_2=1
Frontier expanded pos_1_1_2_2=5 from depth=12 -> reward=-1.0000 assigned=22/81 contradiction=True
Contradiction found after pos_1_1_2_2=5
Frontier expanded pos_1_2_0_1=7 from depth=13 -> reward=0.0123 assigned=21/81 contradiction=False
Frontier expanded pos_0_2_2_0=5 from depth=13 -> reward=-1.0000 assigned=25/81 contradiction=True
Contradiction found after pos_0_2_2_0=5
Frontier expanded pos_1_1_2_2=1 from depth=13 -> reward=-1.0000 assigned=28/81 contradiction=True
Contradiction found after pos_1_1_2_2=1
Frontier expanded pos_1_1_2_2=5 from depth=13 -> reward=-1.0000 assigned=23/81 contradiction=True
Contradiction found after pos_1_1_2_2=5
Frontier expanded pos_1_2_0_1=5 from depth=13 -> reward=-1.0000 assigned=24/81 contradiction=True
Contradiction found after pos_1_2_0_1=5
Frontier expanded pos_1_2_0_1=7 from depth=12 -> reward=0.0123 assigned=20/81 contradiction=False
Frontier expanded pos_0_2_2_0=5 from depth=12 -> reward=-1.0000 assigned=23/81 contradiction=True
Contradiction found after pos_0_2_2_0=5
Frontier expanded pos_1_1_2_2=1 from depth=12 -> reward=-1.0000 assigned=25/81 contradiction=True
Contradiction found after pos_1_1_2_2=1
Frontier expanded pos_1_1_2_2=5 from depth=12 -> reward=-1.0000 assigned=24/81 contradiction=True
Contradiction found after pos_1_1_2_2=5
Frontier expanded pos_1_2_0_1=5 from depth=12 -> reward=-1.0000 assigned=25/81 contradiction=True
Contradiction found after pos_1_2_0_1=5
Frontier expanded pos_1_2_0_1=7 from depth=11 -> reward=0.0123 assigned=16/81 contradiction=False
Frontier expanded pos_0_1_1_1=5 from depth=11 -> reward=0.0494 assigned=19/81 contradiction=False
Frontier expanded pos_1_1_2_2=1 from depth=11 -> reward=-1.0000 assigned=22/81 contradiction=True
Contradiction found after pos_1_1_2_2=1
Frontier expanded pos_1_1_2_2=5 from depth=11 -> reward=-1.0000 assigned=18/81 contradiction=True
Contradiction found after pos_1_1_2_2=5
Frontier expanded pos_1_2_0_1=5 from depth=11 -> reward=-1.0000 assigned=19/81 contradiction=True
Contradiction found after pos_1_2_0_1=5
Frontier expanded pos_1_2_0_1=7 from depth=11 -> reward=0.0123 assigned=16/81 contradiction=False
Frontier expanded pos_0_1_1_1=5 from depth=11 -> reward=0.0494 assigned=19/81 contradiction=False
Frontier expanded pos_1_1_2_2=1 from depth=11 -> reward=-1.0000 assigned=21/81 contradiction=True
Contradiction found after pos_1_1_2_2=1
Frontier expanded pos_1_1_2_2=5 from depth=11 -> reward=-1.0000 assigned=20/81 contradiction=True
Contradiction found after pos_1_1_2_2=5
Frontier expanded pos_1_2_0_1=5 from depth=11 -> reward=-1.0000 assigned=21/81 contradiction=True
Contradiction found after pos_1_2_0_1=5
Frontier expanded pos_1_2_0_1=7 from depth=10 -> reward=0.0123 assigned=15/81 contradiction=False
Frontier expanded pos_0_2_1_2=2 from depth=10 -> reward=0.0123 assigned=15/81 contradiction=False
Frontier expanded pos_1_1_2_2=1 from depth=10 -> reward=-1.0000 assigned=21/81 contradiction=True
Contradiction found after pos_1_1_2_2=1
Frontier expanded pos_1_1_2_2=5 from depth=10 -> reward=-1.0000 assigned=17/81 contradiction=True
Contradiction found after pos_1_1_2_2=5
Frontier expanded pos_1_2_0_1=5 from depth=10 -> reward=-1.0000 assigned=18/81 contradiction=True
Contradiction found after pos_1_2_0_1=5
Frontier expanded pos_0_2_1_2=2 from depth=10 -> reward=0.0123 assigned=15/81 contradiction=False
Frontier expanded pos_1_2_0_1=7 from depth=10 -> reward=0.0123 assigned=15/81 contradiction=False
Frontier expanded pos_1_1_2_2=1 from depth=10 -> reward=-1.0000 assigned=19/81 contradiction=True
Contradiction found after pos_1_1_2_2=1
Frontier expanded pos_1_1_2_2=5 from depth=10 -> reward=-1.0000 assigned=19/81 contradiction=True
Contradiction found after pos_1_1_2_2=5
Frontier expanded pos_1_2_0_1=5 from depth=10 -> reward=-1.0000 assigned=20/81 contradiction=True
Contradiction found after pos_1_2_0_1=5
Frontier expanded pos_1_0_2_0=7 from depth=9 -> reward=0.0370 assigned=14/81 contradiction=False
Frontier expanded pos_1_0_2_1=3 from depth=9 -> reward=0.0370 assigned=14/81 contradiction=False
Frontier expanded pos_1_2_0_1=7 from depth=9 -> reward=0.0123 assigned=12/81 contradiction=False
Frontier expanded pos_0_1_1_1=4 from depth=9 -> reward=0.0123 assigned=12/81 contradiction=False
Frontier expanded pos_2_0_0_2=1 from depth=9 -> reward=-1.0000 assigned=18/81 contradiction=True
Contradiction found after pos_2_0_0_2=1
Frontier expanded pos_0_0_1_1=5 from depth=10 -> reward=-1.0000 assigned=20/81 contradiction=True
Contradiction found after pos_0_0_1_1=5
Frontier expanded pos_1_2_0_1=7 from depth=10 -> reward=0.0123 assigned=13/81 contradiction=False
Frontier expanded pos_1_0_2_0=7 from depth=10 -> reward=0.0370 assigned=15/81 contradiction=False
Frontier expanded pos_1_0_2_1=3 from depth=10 -> reward=0.0370 assigned=15/81 contradiction=False
Frontier expanded pos_0_0_1_1=3 from depth=10 -> reward=0.0123 assigned=13/81 contradiction=False
Frontier expanded pos_0_0_1_1=5 from depth=11 -> reward=-1.0000 assigned=23/81 contradiction=True
Contradiction found after pos_0_0_1_1=5
Frontier expanded pos_1_1_2_2=1 from depth=11 -> reward=-1.0000 assigned=22/81 contradiction=True
Contradiction found after pos_1_1_2_2=1
Frontier expanded pos_1_1_2_2=5 from depth=11 -> reward=-1.0000 assigned=18/81 contradiction=True
Contradiction found after pos_1_1_2_2=5
Frontier expanded pos_1_2_0_1=5 from depth=11 -> reward=-1.0000 assigned=19/81 contradiction=True
Contradiction found after pos_1_2_0_1=5
Frontier expanded pos_1_0_2_2=2 from depth=11 -> reward=0.0123 assigned=16/81 contradiction=False
Frontier expanded pos_0_0_1_1=5 from depth=12 -> reward=-1.0000 assigned=24/81 contradiction=True
Contradiction found after pos_0_0_1_1=5
Frontier expanded pos_1_1_2_2=1 from depth=12 -> reward=-1.0000 assigned=23/81 contradiction=True
Contradiction found after pos_1_1_2_2=1
Frontier expanded pos_1_1_2_2=5 from depth=12 -> reward=-1.0000 assigned=21/81 contradiction=True
Contradiction found after pos_1_1_2_2=5
Frontier expanded pos_1_2_0_1=5 from depth=12 -> reward=-1.0000 assigned=22/81 contradiction=True
Contradiction found after pos_1_2_0_1=5
Frontier expanded pos_1_2_2_0=1 from depth=12 -> reward=-1.0000 assigned=18/81 contradiction=True
Contradiction found after pos_1_2_2_0=1
Frontier expanded pos_0_0_1_1=5 from depth=11 -> reward=-1.0000 assigned=21/81 contradiction=True
Contradiction found after pos_0_0_1_1=5
Frontier expanded pos_1_2_2_0=5 from depth=11 -> reward=-1.0000 assigned=19/81 contradiction=True
Contradiction found after pos_1_2_2_0=5
Frontier expanded pos_1_0_2_0=7 from depth=11 -> reward=0.0370 assigned=16/81 contradiction=False
Frontier expanded pos_1_0_2_1=3 from depth=11 -> reward=0.0370 assigned=16/81 contradiction=False
Frontier expanded pos_0_0_1_1=3 from depth=11 -> reward=0.0123 assigned=14/81 contradiction=False
Frontier expanded pos_0_0_1_1=5 from depth=12 -> reward=-1.0000 assigned=24/81 contradiction=True
Contradiction found after pos_0_0_1_1=5
Frontier expanded pos_1_1_2_2=1 from depth=12 -> reward=-1.0000 assigned=22/81 contradiction=True
Contradiction found after pos_1_1_2_2=1
Frontier expanded pos_1_1_2_2=5 from depth=12 -> reward=-1.0000 assigned=23/81 contradiction=True
Contradiction found after pos_1_1_2_2=5
Frontier expanded pos_1_2_2_0=1 from depth=12 -> reward=-1.0000 assigned=18/81 contradiction=True
Contradiction found after pos_1_2_2_0=1
Frontier expanded pos_1_2_2_0=5 from depth=12 -> reward=-1.0000 assigned=20/81 contradiction=True
Contradiction found after pos_1_2_2_0=5
Frontier expanded pos_0_0_1_2=5 from depth=12 -> reward=-1.0000 assigned=21/81 contradiction=True
Contradiction found after pos_0_0_1_2=5
Frontier expanded pos_0_1_1_2=0 from depth=12 -> reward=-1.0000 assigned=21/81 contradiction=True
Contradiction found after pos_0_1_1_2=0
Frontier expanded pos_1_2_2_0=5 from depth=12 -> reward=-1.0000 assigned=20/81 contradiction=True
Contradiction found after pos_1_2_2_0=5
Frontier expanded pos_1_0_2_0=7 from depth=12 -> reward=0.0370 assigned=17/81 contradiction=False
Frontier expanded pos_1_0_2_1=3 from depth=12 -> reward=0.0370 assigned=17/81 contradiction=False
Frontier expanded pos_0_0_1_2=5 from depth=13 -> reward=-1.0000 assigned=24/81 contradiction=True
Contradiction found after pos_0_0_1_2=5
Frontier expanded pos_0_1_1_2=0 from depth=13 -> reward=-1.0000 assigned=24/81 contradiction=True
Contradiction found after pos_0_1_1_2=0
Frontier expanded pos_1_1_2_2=1 from depth=13 -> reward=-1.0000 assigned=23/81 contradiction=True
Contradiction found after pos_1_1_2_2=1
Frontier expanded pos_1_1_2_2=5 from depth=13 -> reward=-1.0000 assigned=24/81 contradiction=True
Contradiction found after pos_1_1_2_2=5
Frontier expanded pos_1_2_2_0=1 from depth=13 -> reward=-1.0000 assigned=19/81 contradiction=True
Contradiction found after pos_1_2_2_0=1
Frontier expanded pos_0_0_1_2=5 from depth=11 -> reward=-1.0000 assigned=20/81 contradiction=True
Contradiction found after pos_0_0_1_2=5
Frontier expanded pos_0_1_1_2=0 from depth=11 -> reward=-1.0000 assigned=20/81 contradiction=True
Contradiction found after pos_0_1_1_2=0
Frontier expanded pos_1_2_0_1=7 from depth=11 -> reward=0.0123 assigned=14/81 contradiction=False
Frontier expanded pos_1_0_2_0=7 from depth=11 -> reward=0.0370 assigned=16/81 contradiction=False
Frontier expanded pos_1_0_2_1=3 from depth=11 -> reward=0.0370 assigned=16/81 contradiction=False
Frontier expanded pos_0_0_1_2=5 from depth=12 -> reward=-1.0000 assigned=23/81 contradiction=True
Contradiction found after pos_0_0_1_2=5
Frontier expanded pos_0_1_1_2=0 from depth=12 -> reward=-1.0000 assigned=23/81 contradiction=True
Contradiction found after pos_0_1_1_2=0
Frontier expanded pos_1_1_2_2=1 from depth=12 -> reward=-1.0000 assigned=23/81 contradiction=True
Contradiction found after pos_1_1_2_2=1
Frontier expanded pos_1_1_2_2=5 from depth=12 -> reward=-1.0000 assigned=19/81 contradiction=True
Contradiction found after pos_1_1_2_2=5
Frontier expanded pos_1_2_0_1=5 from depth=12 -> reward=-1.0000 assigned=20/81 contradiction=True
Contradiction found after pos_1_2_0_1=5
Frontier expanded pos_2_0_0_2=1 from depth=7 -> reward=-1.0000 assigned=15/81 contradiction=True
Contradiction found after pos_2_0_0_2=1
Frontier expanded pos_2_0_0_2=5 from depth=7 -> reward=-1.0000 assigned=15/81 contradiction=True
Contradiction found after pos_2_0_0_2=5
Frontier expanded pos_1_2_0_1=7 from depth=7 -> reward=0.0123 assigned=9/81 contradiction=False
Frontier expanded pos_0_1_1_0=8 from depth=7 -> reward=0.0247 assigned=10/81 contradiction=False
Frontier expanded pos_0_1_1_0=6 from depth=7 -> reward=0.0123 assigned=9/81 contradiction=False
Frontier expanded pos_2_0_0_2=1 from depth=8 -> reward=-1.0000 assigned=17/81 contradiction=True
Contradiction found after pos_2_0_0_2=1
Frontier expanded pos_2_0_0_2=5 from depth=8 -> reward=-1.0000 assigned=19/81 contradiction=True
Contradiction found after pos_2_0_0_2=5
Frontier expanded pos_0_2_1_0=6 from depth=8 -> reward=0.0123 assigned=11/81 contradiction=False
Frontier expanded pos_1_0_2_0=7 from depth=8 -> reward=0.0494 assigned=14/81 contradiction=False
Frontier expanded pos_1_0_2_1=3 from depth=8 -> reward=0.0494 assigned=14/81 contradiction=False
Frontier expanded pos_1_1_2_2=1 from depth=9 -> reward=-1.0000 assigned=19/81 contradiction=True
Contradiction found after pos_1_1_2_2=1
Frontier expanded pos_1_1_2_2=5 from depth=9 -> reward=-1.0000 assigned=17/81 contradiction=True
Contradiction found after pos_1_1_2_2=5
Frontier expanded pos_1_2_0_1=5 from depth=9 -> reward=-1.0000 assigned=18/81 contradiction=True
Contradiction found after pos_1_2_0_1=5
Frontier expanded pos_1_2_2_0=1 from depth=9 -> reward=-1.0000 assigned=16/81 contradiction=True
Contradiction found after pos_1_2_2_0=1
Frontier expanded pos_1_2_2_0=5 from depth=9 -> reward=-1.0000 assigned=17/81 contradiction=True
Contradiction found after pos_1_2_2_0=5
Frontier expanded pos_2_0_0_2=1 from depth=9 -> reward=-1.0000 assigned=18/81 contradiction=True
Contradiction found after pos_2_0_0_2=1
Frontier expanded pos_2_0_0_2=5 from depth=9 -> reward=-1.0000 assigned=20/81 contradiction=True
Contradiction found after pos_2_0_0_2=5
Frontier expanded pos_0_2_1_2=4 from depth=9 -> reward=0.0370 assigned=14/81 contradiction=False
Frontier expanded pos_1_0_2_0=7 from depth=9 -> reward=0.0494 assigned=15/81 contradiction=False
Frontier expanded pos_1_0_2_1=3 from depth=9 -> reward=0.0494 assigned=15/81 contradiction=False
Frontier expanded pos_1_1_2_2=1 from depth=10 -> reward=-1.0000 assigned=20/81 contradiction=True
Contradiction found after pos_1_1_2_2=1
Frontier expanded pos_1_1_2_2=5 from depth=10 -> reward=-1.0000 assigned=18/81 contradiction=True
Contradiction found after pos_1_1_2_2=5
Frontier expanded pos_1_2_0_1=5 from depth=10 -> reward=-1.0000 assigned=19/81 contradiction=True
Contradiction found after pos_1_2_0_1=5
Frontier expanded pos_1_2_2_0=1 from depth=10 -> reward=-1.0000 assigned=17/81 contradiction=True
Contradiction found after pos_1_2_2_0=1
Frontier expanded pos_1_2_2_0=5 from depth=10 -> reward=-1.0000 assigned=18/81 contradiction=True
Contradiction found after pos_1_2_2_0=5
Frontier expanded pos_0_0_1_2=5 from depth=10 -> reward=-1.0000 assigned=21/81 contradiction=True
Contradiction found after pos_0_0_1_2=5
Frontier expanded pos_0_1_1_2=0 from depth=10 -> reward=-1.0000 assigned=21/81 contradiction=True
Contradiction found after pos_0_1_1_2=0
Frontier expanded pos_1_2_0_1=7 from depth=10 -> reward=0.0123 assigned=15/81 contradiction=False
Frontier expanded pos_0_0_1_2=0 from depth=10 -> reward=0.0247 assigned=16/81 contradiction=False
Frontier expanded pos_0_1_1_2=5 from depth=10 -> reward=0.0247 assigned=16/81 contradiction=False
Frontier expanded pos_0_0_0_0=5 from depth=11 -> reward=-1.0000 assigned=22/81 contradiction=True
Contradiction found after pos_0_0_0_0=5
Frontier expanded pos_0_0_0_0=2 from depth=11 -> reward=0.0247 assigned=18/81 contradiction=False
Frontier expanded pos_0_1_0_1=4 from depth=11 -> reward=0.0123 assigned=17/81 contradiction=False
Frontier expanded pos_1_2_0_1=7 from depth=11 -> reward=0.0123 assigned=17/81 contradiction=False
Frontier expanded pos_1_0_2_0=7 from depth=11 -> reward=0.0494 assigned=20/81 contradiction=False
Frontier expanded pos_0_0_0_0=5 from depth=12 -> reward=-1.0000 assigned=26/81 contradiction=True
Contradiction found after pos_0_0_0_0=5
Frontier expanded pos_1_1_2_2=1 from depth=12 -> reward=-1.0000 assigned=25/81 contradiction=True
Contradiction found after pos_1_1_2_2=1
Frontier expanded pos_1_1_2_2=5 from depth=12 -> reward=-1.0000 assigned=23/81 contradiction=True
Contradiction found after pos_1_1_2_2=5
Frontier expanded pos_0_1_0_1=6 from depth=12 -> reward=0.0123 assigned=21/81 contradiction=False
Frontier expanded pos_1_0_2_2=2 from depth=12 -> reward=0.0123 assigned=21/81 contradiction=False
Frontier expanded pos_0_0_0_0=5 from depth=13 -> reward=-1.0000 assigned=30/81 contradiction=True
Contradiction found after pos_0_0_0_0=5
Frontier expanded pos_0_1_0_0=4 from depth=13 -> reward=-1.0000 assigned=30/81 contradiction=True
Contradiction found after pos_0_1_0_0=4
Frontier expanded pos_0_1_2_0=1 from depth=13 -> reward=-1.0000 assigned=37/81 contradiction=True
Contradiction found after pos_0_1_2_0=1
Frontier expanded pos_1_0_2_2=4 from depth=13 -> reward=0.0123 assigned=22/81 contradiction=False
Frontier expanded pos_1_0_2_2=2 from depth=13 -> reward=0.0123 assigned=22/81 contradiction=False
Frontier expanded pos_0_0_0_0=5 from depth=14 -> reward=-1.0000 assigned=31/81 contradiction=True
Contradiction found after pos_0_0_0_0=5
Frontier expanded pos_0_1_0_0=4 from depth=14 -> reward=-1.0000 assigned=31/81 contradiction=True
Contradiction found after pos_0_1_0_0=4
Frontier expanded pos_0_1_2_0=1 from depth=14 -> reward=-1.0000 assigned=39/81 contradiction=True
Contradiction found after pos_0_1_2_0=1
Frontier expanded pos_0_2_2_1=5 from depth=14 -> reward=-1.0000 assigned=40/81 contradiction=True
Contradiction found after pos_0_2_2_1=5
Frontier expanded pos_0_2_2_2=5 from depth=14 -> reward=-1.0000 assigned=33/81 contradiction=True
Contradiction found after pos_0_2_2_2=5
Frontier expanded pos_0_0_0_0=5 from depth=14 -> reward=-1.0000 assigned=35/81 contradiction=True
Contradiction found after pos_0_0_0_0=5
Frontier expanded pos_0_1_0_0=4 from depth=14 -> reward=-1.0000 assigned=35/81 contradiction=True
Contradiction found after pos_0_1_0_0=4
Frontier expanded pos_0_1_2_0=1 from depth=14 -> reward=-1.0000 assigned=42/81 contradiction=True
Contradiction found after pos_0_1_2_0=1
Frontier expanded pos_0_2_2_1=2 from depth=14 -> reward=-1.0000 assigned=29/81 contradiction=True
Contradiction found after pos_0_2_2_1=2
Frontier expanded pos_1_1_2_2=1 from depth=14 -> reward=-1.0000 assigned=29/81 contradiction=True
Contradiction found after pos_1_1_2_2=1
Frontier expanded pos_0_0_0_0=5 from depth=13 -> reward=-1.0000 assigned=27/81 contradiction=True
Contradiction found after pos_0_0_0_0=5
Frontier expanded pos_0_2_2_1=5 from depth=13 -> reward=-1.0000 assigned=38/81 contradiction=True
Contradiction found after pos_0_2_2_1=5
Frontier expanded pos_0_2_2_2=5 from depth=13 -> reward=-1.0000 assigned=33/81 contradiction=True
Contradiction found after pos_0_2_2_2=5
Frontier expanded pos_1_0_1_2=8 from depth=13 -> reward=-1.0000 assigned=37/81 contradiction=True
Contradiction found after pos_1_0_1_2=8
Frontier expanded pos_0_1_0_1=6 from depth=13 -> reward=0.0123 assigned=22/81 contradiction=False
Frontier expanded pos_1_0_2_0=3 from depth=12 -> reward=-1.0000 assigned=26/81 contradiction=True
Contradiction found after pos_1_0_2_0=3
Frontier expanded pos_1_0_2_1=7 from depth=12 -> reward=-1.0000 assigned=26/81 contradiction=True
Contradiction found after pos_1_0_2_1=7
Frontier expanded pos_0_2_2_0=5 from depth=12 -> reward=0.0123 assigned=19/81 contradiction=False
Frontier expanded pos_0_1_0_1=4 from depth=12 -> reward=0.0370 assigned=21/81 contradiction=False
Frontier expanded pos_0_1_2_0=6 from depth=12 -> reward=0.0370 assigned=21/81 contradiction=False
Frontier expanded pos_0_0_0_1=6 from depth=13 -> reward=-1.0000 assigned=27/81 contradiction=True
Contradiction found after pos_0_0_0_1=6
Frontier expanded pos_0_0_0_2=5 from depth=13 -> reward=-1.0000 assigned=27/81 contradiction=True
Contradiction found after pos_0_0_0_2=5
Frontier expanded pos_0_1_2_1=7 from depth=13 -> reward=-1.0000 assigned=32/81 contradiction=True
Contradiction found after pos_0_1_2_1=7
Frontier expanded pos_0_1_2_2=0 from depth=13 -> reward=-1.0000 assigned=32/81 contradiction=True
Contradiction found after pos_0_1_2_2=0
Frontier expanded pos_0_2_2_1=3 from depth=13 -> reward=-1.0000 assigned=30/81 contradiction=True
Contradiction found after pos_0_2_2_1=3
Frontier expanded pos_0_2_2_1=3 from depth=13 -> reward=-1.0000 assigned=28/81 contradiction=True
Contradiction found after pos_0_2_2_1=3
Frontier expanded pos_0_2_2_2=2 from depth=13 -> reward=-1.0000 assigned=28/81 contradiction=True
Contradiction found after pos_0_2_2_2=2
Frontier expanded pos_1_0_2_0=3 from depth=13 -> reward=-1.0000 assigned=26/81 contradiction=True
Contradiction found after pos_1_0_2_0=3
Frontier expanded pos_1_0_2_0=7 from depth=13 -> reward=-1.0000 assigned=27/81 contradiction=True
Contradiction found after pos_1_0_2_0=7
Frontier expanded pos_0_1_0_1=4 from depth=13 -> reward=0.0247 assigned=21/81 contradiction=False
Frontier expanded pos_0_0_0_0=5 from depth=12 -> reward=-1.0000 assigned=25/81 contradiction=True
Contradiction found after pos_0_0_0_0=5
Frontier expanded pos_0_1_0_0=6 from depth=12 -> reward=-1.0000 assigned=27/81 contradiction=True
Contradiction found after pos_0_1_0_0=6
Frontier expanded pos_0_1_2_0=1 from depth=12 -> reward=-1.0000 assigned=24/81 contradiction=True
Contradiction found after pos_0_1_2_0=1
Frontier expanded pos_0_2_2_0=2 from depth=12 -> reward=-1.0000 assigned=26/81 contradiction=True
Contradiction found after pos_0_2_2_0=2
Frontier expanded pos_0_0_0_0=2 from depth=12 -> reward=0.0494 assigned=21/81 contradiction=False
Frontier expanded pos_2_0_0_2=1 from depth=8 -> reward=-1.0000 assigned=16/81 contradiction=True
Contradiction found after pos_2_0_0_2=1
Frontier expanded pos_2_0_0_2=5 from depth=8 -> reward=-1.0000 assigned=16/81 contradiction=True
Contradiction found after pos_2_0_0_2=5
Frontier expanded pos_0_0_1_1=5 from depth=8 -> reward=-1.0000 assigned=18/81 contradiction=True
Contradiction found after pos_0_0_1_1=5
Frontier expanded pos_0_0_1_1=3 from depth=8 -> reward=0.0123 assigned=10/81 contradiction=False
Frontier expanded pos_0_0_1_1=4 from depth=8 -> reward=0.0494 assigned=13/81 contradiction=False
Frontier expanded pos_1_2_0_1=5 from depth=9 -> reward=0.0123 assigned=14/81 contradiction=False
Frontier expanded pos_1_0_2_0=7 from depth=9 -> reward=0.0370 assigned=16/81 contradiction=False
Frontier expanded pos_1_0_2_1=3 from depth=9 -> reward=0.0370 assigned=16/81 contradiction=False
Frontier expanded pos_1_2_0_1=7 from depth=9 -> reward=0.0123 assigned=14/81 contradiction=False
Frontier expanded pos_0_2_1_0=2 from depth=9 -> reward=0.0370 assigned=16/81 contradiction=False
Frontier expanded pos_1_1_2_2=1 from depth=10 -> reward=-1.0000 assigned=21/81 contradiction=True
Contradiction found after pos_1_1_2_2=1
Frontier expanded pos_1_1_2_2=5 from depth=10 -> reward=-1.0000 assigned=19/81 contradiction=True
Contradiction found after pos_1_1_2_2=5
Frontier expanded pos_1_2_0_1=5 from depth=10 -> reward=-1.0000 assigned=20/81 contradiction=True
Contradiction found after pos_1_2_0_1=5
Frontier expanded pos_1_0_2_2=2 from depth=10 -> reward=0.0123 assigned=17/81 contradiction=False
Frontier expanded pos_1_0_2_2=4 from depth=10 -> reward=0.0123 assigned=17/81 contradiction=False
Frontier expanded pos_1_1_2_2=1 from depth=11 -> reward=-1.0000 assigned=22/81 contradiction=True
Contradiction found after pos_1_1_2_2=1
Frontier expanded pos_1_1_2_2=5 from depth=11 -> reward=-1.0000 assigned=22/81 contradiction=True
Contradiction found after pos_1_1_2_2=5
Frontier expanded pos_1_2_0_1=5 from depth=11 -> reward=-1.0000 assigned=23/81 contradiction=True
Contradiction found after pos_1_2_0_1=5
Frontier expanded pos_1_2_2_0=1 from depth=11 -> reward=-1.0000 assigned=19/81 contradiction=True
Contradiction found after pos_1_2_2_0=1
Frontier expanded pos_1_2_2_0=5 from depth=11 -> reward=-1.0000 assigned=23/81 contradiction=True
Contradiction found after pos_1_2_2_0=5
Frontier expanded pos_1_1_2_2=1 from depth=11 -> reward=-1.0000 assigned=24/81 contradiction=True
Contradiction found after pos_1_1_2_2=1
Frontier expanded pos_1_1_2_2=5 from depth=11 -> reward=-1.0000 assigned=20/81 contradiction=True
Contradiction found after pos_1_1_2_2=5
Frontier expanded pos_1_2_0_1=5 from depth=11 -> reward=-1.0000 assigned=21/81 contradiction=True
Contradiction found after pos_1_2_0_1=5
Frontier expanded pos_1_2_2_0=1 from depth=11 -> reward=-1.0000 assigned=21/81 contradiction=True
Contradiction found after pos_1_2_2_0=1
Frontier expanded pos_1_2_2_0=5 from depth=11 -> reward=-1.0000 assigned=20/81 contradiction=True
Contradiction found after pos_1_2_2_0=5
Frontier expanded pos_2_0_0_2=1 from depth=10 -> reward=-1.0000 assigned=29/81 contradiction=True
Contradiction found after pos_2_0_0_2=1
Frontier expanded pos_2_0_0_2=5 from depth=10 -> reward=-1.0000 assigned=26/81 contradiction=True
Contradiction found after pos_2_0_0_2=5
Frontier expanded pos_2_0_1_1=7 from depth=10 -> reward=-1.0000 assigned=23/81 contradiction=True
Contradiction found after pos_2_0_1_1=7
Frontier expanded pos_1_0_2_0=7 from depth=10 -> reward=0.0494 assigned=20/81 contradiction=False
Frontier expanded pos_1_0_2_1=3 from depth=10 -> reward=0.0494 assigned=20/81 contradiction=False
Frontier expanded pos_0_2_2_0=5 from depth=11 -> reward=-1.0000 assigned=27/81 contradiction=True
Contradiction found after pos_0_2_2_0=5
Frontier expanded pos_1_1_2_2=1 from depth=11 -> reward=-1.0000 assigned=26/81 contradiction=True
Contradiction found after pos_1_1_2_2=1
Frontier expanded pos_1_1_2_2=5 from depth=11 -> reward=-1.0000 assigned=23/81 contradiction=True
Contradiction found after pos_1_1_2_2=5
Frontier expanded pos_1_2_0_1=5 from depth=11 -> reward=-1.0000 assigned=24/81 contradiction=True
Contradiction found after pos_1_2_0_1=5
Frontier expanded pos_1_0_2_2=2 from depth=11 -> reward=0.0123 assigned=21/81 contradiction=False
Frontier expanded pos_0_2_2_0=5 from depth=12 -> reward=-1.0000 assigned=28/81 contradiction=True
Contradiction found after pos_0_2_2_0=5
Frontier expanded pos_1_1_2_2=1 from depth=12 -> reward=-1.0000 assigned=28/81 contradiction=True
Contradiction found after pos_1_1_2_2=1
Frontier expanded pos_1_1_2_2=5 from depth=12 -> reward=-1.0000 assigned=26/81 contradiction=True
Contradiction found after pos_1_1_2_2=5
Frontier expanded pos_1_2_0_1=5 from depth=12 -> reward=-1.0000 assigned=27/81 contradiction=True
Contradiction found after pos_1_2_0_1=5
Frontier expanded pos_1_0_1_2=4 from depth=12 -> reward=0.0123 assigned=22/81 contradiction=False
Frontier expanded pos_0_2_2_0=5 from depth=13 -> reward=-1.0000 assigned=29/81 contradiction=True
Contradiction found after pos_0_2_2_0=5
Frontier expanded pos_1_1_1_0=0 from depth=13 -> reward=-1.0000 assigned=30/81 contradiction=True
Contradiction found after pos_1_1_1_0=0
Frontier expanded pos_1_1_1_0=1 from depth=13 -> reward=-1.0000 assigned=28/81 contradiction=True
Contradiction found after pos_1_1_1_0=1
Frontier expanded pos_1_1_2_2=1 from depth=13 -> reward=-1.0000 assigned=29/81 contradiction=True
Contradiction found after pos_1_1_2_2=1
Frontier expanded pos_1_1_2_2=5 from depth=13 -> reward=-1.0000 assigned=27/81 contradiction=True
Contradiction found after pos_1_1_2_2=5
Frontier expanded pos_0_0_0_1=2 from depth=10 -> reward=-1.0000 assigned=20/81 contradiction=True
Contradiction found after pos_0_0_0_1=2
Frontier expanded pos_0_0_0_1=6 from depth=10 -> reward=-1.0000 assigned=18/81 contradiction=True
Contradiction found after pos_0_0_0_1=6
Frontier expanded pos_0_0_0_2=1 from depth=10 -> reward=-1.0000 assigned=17/81 contradiction=True
Contradiction found after pos_0_0_0_2=1
Frontier expanded pos_0_0_0_2=5 from depth=10 -> reward=-1.0000 assigned=19/81 contradiction=True
Contradiction found after pos_0_0_0_2=5
Frontier expanded pos_1_0_2_0=3 from depth=10 -> reward=-1.0000 assigned=18/81 contradiction=True
Contradiction found after pos_1_0_2_0=3
Frontier expanded pos_2_0_0_2=1 from depth=9 -> reward=-1.0000 assigned=19/81 contradiction=True
Contradiction found after pos_2_0_0_2=1
Frontier expanded pos_2_0_0_2=5 from depth=9 -> reward=-1.0000 assigned=16/81 contradiction=True
Contradiction found after pos_2_0_0_2=5
Frontier expanded pos_1_2_0_1=7 from depth=9 -> reward=0.0123 assigned=11/81 contradiction=False
Frontier expanded pos_0_1_1_1=2 from depth=9 -> reward=0.0123 assigned=11/81 contradiction=False
Frontier expanded pos_0_1_1_1=4 from depth=9 -> reward=0.0123 assigned=11/81 contradiction=False
Frontier expanded pos_1_2_0_1=5 from depth=10 -> reward=0.0123 assigned=12/81 contradiction=False
Frontier expanded pos_0_2_1_0=2 from depth=10 -> reward=0.0370 assigned=14/81 contradiction=False
Frontier expanded pos_0_2_1_0=8 from depth=10 -> reward=0.0370 assigned=14/81 contradiction=False
Frontier expanded pos_0_2_1_2=2 from depth=10 -> reward=0.0370 assigned=14/81 contradiction=False
Frontier expanded pos_0_2_1_2=8 from depth=10 -> reward=0.0370 assigned=14/81 contradiction=False
Frontier expanded pos_0_0_1_2=5 from depth=11 -> reward=-1.0000 assigned=21/81 contradiction=True
Contradiction found after pos_0_0_1_2=5
Frontier expanded pos_0_1_1_2=0 from depth=11 -> reward=-1.0000 assigned=21/81 contradiction=True
Contradiction found after pos_0_1_1_2=0
Frontier expanded pos_1_2_0_1=7 from depth=11 -> reward=0.0123 assigned=15/81 contradiction=False
Frontier expanded pos_1_0_2_0=7 from depth=11 -> reward=0.0494 assigned=18/81 contradiction=False
Frontier expanded pos_1_0_2_1=3 from depth=11 -> reward=0.0494 assigned=18/81 contradiction=False
Frontier expanded pos_0_0_1_2=5 from depth=12 -> reward=-1.0000 assigned=25/81 contradiction=True
Contradiction found after pos_0_0_1_2=5
Frontier expanded pos_0_1_1_2=0 from depth=12 -> reward=-1.0000 assigned=25/81 contradiction=True
Contradiction found after pos_0_1_1_2=0
Frontier expanded pos_0_1_2_0=5 from depth=12 -> reward=-1.0000 assigned=27/81 contradiction=True
Contradiction found after pos_0_1_2_0=5
Frontier expanded pos_1_1_2_2=1 from depth=12 -> reward=-1.0000 assigned=25/81 contradiction=True
Contradiction found after pos_1_1_2_2=1
Frontier expanded pos_1_1_2_2=5 from depth=12 -> reward=-1.0000 assigned=21/81 contradiction=True
Contradiction found after pos_1_1_2_2=5
Frontier expanded pos_0_0_1_2=5 from depth=11 -> reward=-1.0000 assigned=21/81 contradiction=True
Contradiction found after pos_0_0_1_2=5
Frontier expanded pos_0_1_1_2=0 from depth=11 -> reward=-1.0000 assigned=21/81 contradiction=True
Contradiction found after pos_0_1_1_2=0
Frontier expanded pos_1_2_0_1=7 from depth=11 -> reward=0.0123 assigned=15/81 contradiction=False
Frontier expanded pos_1_0_2_0=7 from depth=11 -> reward=0.0494 assigned=18/81 contradiction=False
Frontier expanded pos_1_0_2_1=3 from depth=11 -> reward=0.0494 assigned=18/81 contradiction=False
Frontier expanded pos_0_0_1_2=5 from depth=12 -> reward=-1.0000 assigned=25/81 contradiction=True
Contradiction found after pos_0_0_1_2=5
Frontier expanded pos_0_1_1_2=0 from depth=12 -> reward=-1.0000 assigned=25/81 contradiction=True
Contradiction found after pos_0_1_1_2=0
Frontier expanded pos_0_1_2_0=5 from depth=12 -> reward=-1.0000 assigned=27/81 contradiction=True
Contradiction found after pos_0_1_2_0=5
Frontier expanded pos_1_1_2_2=1 from depth=12 -> reward=-1.0000 assigned=25/81 contradiction=True
Contradiction found after pos_1_1_2_2=1
Frontier expanded pos_1_1_2_2=5 from depth=12 -> reward=-1.0000 assigned=21/81 contradiction=True
Contradiction found after pos_1_1_2_2=5
Frontier expanded pos_0_0_0_2=1 from depth=11 -> reward=-1.0000 assigned=16/81 contradiction=True
Contradiction found after pos_0_0_0_2=1
Frontier expanded pos_0_0_0_2=5 from depth=11 -> reward=-1.0000 assigned=17/81 contradiction=True
Contradiction found after pos_0_0_0_2=5
Frontier expanded pos_0_1_0_1=2 from depth=11 -> reward=-1.0000 assigned=17/81 contradiction=True
Contradiction found after pos_0_1_0_1=2
Frontier expanded pos_1_0_2_0=3 from depth=11 -> reward=-1.0000 assigned=16/81 contradiction=True
Contradiction found after pos_1_0_2_0=3
Frontier expanded pos_1_0_2_0=7 from depth=11 -> reward=-1.0000 assigned=17/81 contradiction=True
Contradiction found after pos_1_0_2_0=7
Frontier expanded pos_1_2_0_1=5 from depth=10 -> reward=0.0123 assigned=12/81 contradiction=False
Frontier expanded pos_1_2_0_1=7 from depth=10 -> reward=0.0123 assigned=12/81 contradiction=False
Frontier expanded pos_0_2_1_0=4 from depth=10 -> reward=0.0370 assigned=14/81 contradiction=False
Frontier expanded pos_0_2_1_0=8 from depth=10 -> reward=0.0370 assigned=14/81 contradiction=False
Frontier expanded pos_0_2_1_2=4 from depth=10 -> reward=0.0370 assigned=14/81 contradiction=False
Frontier expanded pos_0_0_1_2=5 from depth=11 -> reward=-1.0000 assigned=22/81 contradiction=True
Contradiction found after pos_0_0_1_2=5
Frontier expanded pos_0_1_1_2=0 from depth=11 -> reward=-1.0000 assigned=23/81 contradiction=True
Contradiction found after pos_0_1_1_2=0
Frontier expanded pos_1_0_2_0=7 from depth=11 -> reward=0.0494 assigned=18/81 contradiction=False
Frontier expanded pos_1_0_2_1=3 from depth=11 -> reward=0.0494 assigned=18/81 contradiction=False
Frontier expanded pos_1_2_0_1=7 from depth=11 -> reward=0.0123 assigned=15/81 contradiction=False
Frontier expanded pos_0_0_1_2=5 from depth=12 -> reward=-1.0000 assigned=26/81 contradiction=True
Contradiction found after pos_0_0_1_2=5
Frontier expanded pos_0_1_1_2=0 from depth=12 -> reward=-1.0000 assigned=27/81 contradiction=True
Contradiction found after pos_0_1_1_2=0
Frontier expanded pos_1_1_2_2=1 from depth=12 -> reward=-1.0000 assigned=23/81 contradiction=True
Contradiction found after pos_1_1_2_2=1
Frontier expanded pos_1_1_2_2=5 from depth=12 -> reward=-1.0000 assigned=21/81 contradiction=True
Contradiction found after pos_1_1_2_2=5
Frontier expanded pos_1_2_0_1=5 from depth=12 -> reward=-1.0000 assigned=22/81 contradiction=True
Contradiction found after pos_1_2_0_1=5
Frontier expanded pos_0_0_1_2=5 from depth=11 -> reward=-1.0000 assigned=22/81 contradiction=True
Contradiction found after pos_0_0_1_2=5
Frontier expanded pos_0_1_1_2=0 from depth=11 -> reward=-1.0000 assigned=23/81 contradiction=True
Contradiction found after pos_0_1_1_2=0
Frontier expanded pos_1_0_2_0=7 from depth=11 -> reward=0.0494 assigned=18/81 contradiction=False
Frontier expanded pos_1_0_2_1=3 from depth=11 -> reward=0.0494 assigned=18/81 contradiction=False
Frontier expanded pos_1_2_0_1=7 from depth=11 -> reward=0.0123 assigned=15/81 contradiction=False
Frontier expanded pos_0_0_1_2=5 from depth=12 -> reward=-1.0000 assigned=26/81 contradiction=True
Contradiction found after pos_0_0_1_2=5
Frontier expanded pos_0_1_1_2=0 from depth=12 -> reward=-1.0000 assigned=27/81 contradiction=True
Contradiction found after pos_0_1_1_2=0
Frontier expanded pos_1_1_2_2=1 from depth=12 -> reward=-1.0000 assigned=23/81 contradiction=True
Contradiction found after pos_1_1_2_2=1
Frontier expanded pos_1_1_2_2=5 from depth=12 -> reward=-1.0000 assigned=21/81 contradiction=True
Contradiction found after pos_1_1_2_2=5
Frontier expanded pos_1_2_0_1=5 from depth=12 -> reward=-1.0000 assigned=22/81 contradiction=True
Contradiction found after pos_1_2_0_1=5
Frontier expanded pos_0_0_0_2=1 from depth=11 -> reward=-1.0000 assigned=15/81 contradiction=True
Contradiction found after pos_0_0_0_2=1
Frontier expanded pos_0_0_0_2=5 from depth=11 -> reward=-1.0000 assigned=19/81 contradiction=True
Contradiction found after pos_0_0_0_2=5
Frontier expanded pos_0_1_0_1=4 from depth=11 -> reward=-1.0000 assigned=16/81 contradiction=True
Contradiction found after pos_0_1_0_1=4
Frontier expanded pos_1_0_2_0=3 from depth=11 -> reward=-1.0000 assigned=16/81 contradiction=True
Contradiction found after pos_1_0_2_0=3
Frontier expanded pos_1_0_2_0=7 from depth=11 -> reward=-1.0000 assigned=17/81 contradiction=True
Contradiction found after pos_1_0_2_0=7
Frontier expanded pos_0_1_0_2=2 from depth=2 -> reward=0.0617 assigned=6/81 contradiction=False
Frontier expanded pos_0_2_0_1=0 from depth=2 -> reward=0.0247 assigned=3/81 contradiction=False
Frontier expanded pos_1_0_0_1=1 from depth=2 -> reward=0.0247 assigned=3/81 contradiction=False
Frontier expanded pos_0_2_0_2=5 from depth=2 -> reward=0.0617 assigned=6/81 contradiction=False
Frontier expanded pos_0_2_0_1=2 from depth=2 -> reward=0.0247 assigned=3/81 contradiction=False
Frontier expanded pos_1_0_1_0=3 from depth=3 -> reward=-1.0000 assigned=7/81 contradiction=True
Contradiction found after pos_1_0_1_0=3
Frontier expanded pos_1_2_0_1=1 from depth=3 -> reward=0.0123 assigned=4/81 contradiction=False
Frontier expanded pos_1_0_2_0=1 from depth=3 -> reward=0.0617 assigned=8/81 contradiction=False
Frontier expanded pos_1_0_1_0=1 from depth=3 -> reward=0.0123 assigned=4/81 contradiction=False
Frontier expanded pos_1_0_1_0=7 from depth=3 -> reward=0.0123 assigned=4/81 contradiction=False
Frontier expanded pos_1_1_2_2=5 from depth=4 -> reward=-1.0000 assigned=11/81 contradiction=True
Contradiction found after pos_1_1_2_2=5
Frontier expanded pos_1_1_2_2=7 from depth=4 -> reward=-1.0000 assigned=11/81 contradiction=True
Contradiction found after pos_1_1_2_2=7
Frontier expanded pos_1_2_2_0=5 from depth=4 -> reward=-1.0000 assigned=10/81 contradiction=True
Contradiction found after pos_1_2_2_0=5
Frontier expanded pos_1_2_2_0=7 from depth=4 -> reward=-1.0000 assigned=10/81 contradiction=True
Contradiction found after pos_1_2_2_0=7
Frontier expanded pos_1_1_2_1=4 from depth=4 -> reward=-1.0000 assigned=11/81 contradiction=True
Contradiction found after pos_1_1_2_1=4
Frontier expanded pos_0_2_0_2=7 from depth=4 -> reward=0.0247 assigned=6/81 contradiction=False
Frontier expanded pos_0_2_0_2=1 from depth=4 -> reward=0.0123 assigned=5/81 contradiction=False
Frontier expanded pos_0_1_0_2=3 from depth=4 -> reward=0.0123 assigned=5/81 contradiction=False
Frontier expanded pos_1_2_0_1=3 from depth=4 -> reward=0.0123 assigned=5/81 contradiction=False
Frontier expanded pos_1_2_0_1=7 from depth=4 -> reward=0.0123 assigned=5/81 contradiction=False
Frontier expanded pos_2_0_0_2=1 from depth=5 -> reward=-1.0000 assigned=7/81 contradiction=True
Contradiction found after pos_2_0_0_2=1
Frontier expanded pos_2_2_0_2=0 from depth=5 -> reward=-1.0000 assigned=9/81 contradiction=True
Contradiction found after pos_2_2_0_2=0
Frontier expanded pos_2_2_0_2=1 from depth=5 -> reward=-1.0000 assigned=14/81 contradiction=True
Contradiction found after pos_2_2_0_2=1
Frontier expanded pos_0_0_0_2=0 from depth=5 -> reward=-1.0000 assigned=15/81 contradiction=True
Contradiction found after pos_0_0_0_2=0
Frontier expanded pos_0_0_0_2=1 from depth=5 -> reward=-1.0000 assigned=11/81 contradiction=True
Contradiction found after pos_0_0_0_2=1
Frontier expanded pos_1_2_1_0=5 from depth=5 -> reward=0.0123 assigned=6/81 contradiction=False
Frontier expanded pos_0_2_0_2=1 from depth=5 -> reward=0.0123 assigned=6/81 contradiction=False
Frontier expanded pos_0_1_0_2=3 from depth=5 -> reward=0.0123 assigned=6/81 contradiction=False
Frontier expanded pos_1_2_1_0=3 from depth=5 -> reward=0.0123 assigned=6/81 contradiction=False
Frontier expanded pos_0_1_0_2=0 from depth=5 -> reward=0.0247 assigned=7/81 contradiction=False
Frontier expanded pos_1_0_2_0=3 from depth=6 -> reward=-1.0000 assigned=10/81 contradiction=True
Contradiction found after pos_1_0_2_0=3
Frontier expanded pos_1_0_2_0=7 from depth=6 -> reward=-1.0000 assigned=11/81 contradiction=True
Contradiction found after pos_1_0_2_0=7
Frontier expanded pos_1_0_2_1=3 from depth=6 -> reward=-1.0000 assigned=10/81 contradiction=True
Contradiction found after pos_1_0_2_1=3
Frontier expanded pos_1_0_2_1=7 from depth=6 -> reward=-1.0000 assigned=10/81 contradiction=True
Contradiction found after pos_1_0_2_1=7
Frontier expanded pos_1_2_2_0=1 from depth=6 -> reward=-1.0000 assigned=17/81 contradiction=True
Contradiction found after pos_1_2_2_0=1
Frontier expanded pos_0_2_0_2=1 from depth=6 -> reward=-1.0000 assigned=11/81 contradiction=True
Contradiction found after pos_0_2_0_2=1
Frontier expanded pos_1_2_2_0=1 from depth=6 -> reward=-1.0000 assigned=10/81 contradiction=True
Contradiction found after pos_1_2_2_0=1
Frontier expanded pos_1_2_2_0=3 from depth=6 -> reward=-1.0000 assigned=9/81 contradiction=True
Contradiction found after pos_1_2_2_0=3
Frontier expanded pos_0_2_0_2=7 from depth=6 -> reward=0.0123 assigned=7/81 contradiction=False
Frontier expanded pos_1_0_2_0=7 from depth=6 -> reward=0.0370 assigned=9/81 contradiction=False
Frontier expanded pos_0_2_0_2=1 from depth=7 -> reward=-1.0000 assigned=14/81 contradiction=True
Contradiction found after pos_0_2_0_2=1
Frontier expanded pos_1_1_2_2=1 from depth=7 -> reward=-1.0000 assigned=17/81 contradiction=True
Contradiction found after pos_1_1_2_2=1
Frontier expanded pos_1_1_2_2=5 from depth=7 -> reward=-1.0000 assigned=12/81 contradiction=True
Contradiction found after pos_1_1_2_2=5
Frontier expanded pos_1_2_1_0=5 from depth=7 -> reward=-1.0000 assigned=14/81 contradiction=True
Contradiction found after pos_1_2_1_0=5
Frontier expanded pos_1_2_2_0=1 from depth=7 -> reward=-1.0000 assigned=11/81 contradiction=True
Contradiction found after pos_1_2_2_0=1
Frontier expanded pos_2_0_0_2=1 from depth=7 -> reward=-1.0000 assigned=8/81 contradiction=True
Contradiction found after pos_2_0_0_2=1
Frontier expanded pos_2_2_0_2=0 from depth=7 -> reward=-1.0000 assigned=10/81 contradiction=True
Contradiction found after pos_2_2_0_2=0
Frontier expanded pos_2_2_0_2=1 from depth=7 -> reward=-1.0000 assigned=14/81 contradiction=True
Contradiction found after pos_2_2_0_2=1
Frontier expanded pos_1_2_1_0=3 from depth=7 -> reward=0.0123 assigned=8/81 contradiction=False
Frontier expanded pos_1_0_2_0=3 from depth=7 -> reward=0.0247 assigned=9/81 contradiction=False
Frontier expanded pos_1_1_2_2=1 from depth=8 -> reward=-1.0000 assigned=14/81 contradiction=True
Contradiction found after pos_1_1_2_2=1
Frontier expanded pos_1_1_2_2=5 from depth=8 -> reward=-1.0000 assigned=11/81 contradiction=True
Contradiction found after pos_1_1_2_2=5
Frontier expanded pos_1_2_1_0=5 from depth=8 -> reward=-1.0000 assigned=13/81 contradiction=True
Contradiction found after pos_1_2_1_0=5
Frontier expanded pos_1_2_2_0=1 from depth=8 -> reward=-1.0000 assigned=12/81 contradiction=True
Contradiction found after pos_1_2_2_0=1
Frontier expanded pos_1_2_2_0=5 from depth=8 -> reward=-1.0000 assigned=12/81 contradiction=True
Contradiction found after pos_1_2_2_0=5
Frontier expanded pos_1_2_2_0=1 from depth=8 -> reward=-1.0000 assigned=13/81 contradiction=True
Contradiction found after pos_1_2_2_0=1
Frontier expanded pos_2_0_0_2=1 from depth=8 -> reward=-1.0000 assigned=9/81 contradiction=True
Contradiction found after pos_2_0_0_2=1
Frontier expanded pos_2_2_0_2=0 from depth=8 -> reward=-1.0000 assigned=11/81 contradiction=True
Contradiction found after pos_2_2_0_2=0
Frontier expanded pos_2_2_0_2=1 from depth=8 -> reward=-1.0000 assigned=15/81 contradiction=True
Contradiction found after pos_2_2_0_2=1
Frontier expanded pos_1_0_2_0=3 from depth=8 -> reward=0.0247 assigned=10/81 contradiction=False
Frontier expanded pos_1_1_2_2=1 from depth=9 -> reward=-1.0000 assigned=15/81 contradiction=True
Contradiction found after pos_1_1_2_2=1
Frontier expanded pos_1_1_2_2=5 from depth=9 -> reward=-1.0000 assigned=12/81 contradiction=True
Contradiction found after pos_1_1_2_2=5
Frontier expanded pos_1_2_2_0=1 from depth=9 -> reward=-1.0000 assigned=13/81 contradiction=True
Contradiction found after pos_1_2_2_0=1
Frontier expanded pos_1_2_2_0=5 from depth=9 -> reward=-1.0000 assigned=12/81 contradiction=True
Contradiction found after pos_1_2_2_0=5
Frontier expanded pos_2_0_0_2=1 from depth=9 -> reward=-1.0000 assigned=11/81 contradiction=True
Contradiction found after pos_2_0_0_2=1
Frontier expanded pos_1_2_2_0=1 from depth=6 -> reward=-1.0000 assigned=16/81 contradiction=True
Contradiction found after pos_1_2_2_0=1
Frontier expanded pos_0_2_0_2=1 from depth=6 -> reward=0.0123 assigned=7/81 contradiction=False
Frontier expanded pos_0_1_0_2=0 from depth=6 -> reward=0.0247 assigned=8/81 contradiction=False
Frontier expanded pos_0_2_0_2=7 from depth=6 -> reward=0.0247 assigned=8/81 contradiction=False
Frontier expanded pos_1_0_2_0=3 from depth=6 -> reward=0.0247 assigned=8/81 contradiction=False
Frontier expanded pos_1_1_2_2=1 from depth=7 -> reward=-1.0000 assigned=15/81 contradiction=True
Contradiction found after pos_1_1_2_2=1
Frontier expanded pos_1_1_2_2=5 from depth=7 -> reward=-1.0000 assigned=10/81 contradiction=True
Contradiction found after pos_1_1_2_2=5
Frontier expanded pos_1_2_2_0=1 from depth=7 -> reward=-1.0000 assigned=11/81 contradiction=True
Contradiction found after pos_1_2_2_0=1
Frontier expanded pos_1_2_2_0=5 from depth=7 -> reward=-1.0000 assigned=10/81 contradiction=True
Contradiction found after pos_1_2_2_0=5
Frontier expanded pos_0_1_0_2=0 from depth=7 -> reward=0.0247 assigned=10/81 contradiction=False
Frontier expanded pos_1_1_2_2=1 from depth=8 -> reward=-1.0000 assigned=11/81 contradiction=True
Contradiction found after pos_1_1_2_2=1
Frontier expanded pos_1_1_2_2=5 from depth=8 -> reward=-1.0000 assigned=12/81 contradiction=True
Contradiction found after pos_1_1_2_2=5
Frontier expanded pos_1_2_2_0=1 from depth=8 -> reward=-1.0000 assigned=13/81 contradiction=True
Contradiction found after pos_1_2_2_0=1
Frontier expanded pos_1_2_2_0=5 from depth=8 -> reward=-1.0000 assigned=12/81 contradiction=True
Contradiction found after pos_1_2_2_0=5
Frontier expanded pos_2_2_0_1=1 from depth=8 -> reward=-1.0000 assigned=18/81 contradiction=True
Contradiction found after pos_2_2_0_1=1
Frontier expanded pos_1_2_1_0=5 from depth=5 -> reward=0.0123 assigned=6/81 contradiction=False
Frontier expanded pos_0_1_0_2=3 from depth=5 -> reward=0.0123 assigned=6/81 contradiction=False
Frontier expanded pos_1_2_1_0=7 from depth=5 -> reward=0.0123 assigned=6/81 contradiction=False
Frontier expanded pos_1_0_2_0=3 from depth=5 -> reward=0.0247 assigned=7/81 contradiction=False
Frontier expanded pos_1_0_2_1=7 from depth=5 -> reward=0.0247 assigned=7/81 contradiction=False
Frontier expanded pos_1_1_2_2=1 from depth=6 -> reward=-1.0000 assigned=13/81 contradiction=True
Contradiction found after pos_1_1_2_2=1
Frontier expanded pos_1_1_2_2=5 from depth=6 -> reward=-1.0000 assigned=9/81 contradiction=True
Contradiction found after pos_1_1_2_2=5
Frontier expanded pos_1_2_1_0=5 from depth=6 -> reward=-1.0000 assigned=10/81 contradiction=True
Contradiction found after pos_1_2_1_0=5
Frontier expanded pos_1_2_1_0=7 from depth=6 -> reward=0.0123 assigned=8/81 contradiction=False
Frontier expanded pos_0_1_0_2=0 from depth=6 -> reward=0.0370 assigned=10/81 contradiction=False
Frontier expanded pos_1_1_2_2=1 from depth=7 -> reward=-1.0000 assigned=11/81 contradiction=True
Contradiction found after pos_1_1_2_2=1
Frontier expanded pos_1_1_2_2=5 from depth=7 -> reward=-1.0000 assigned=12/81 contradiction=True
Contradiction found after pos_1_1_2_2=5
Frontier expanded pos_1_2_1_0=5 from depth=7 -> reward=-1.0000 assigned=13/81 contradiction=True
Contradiction found after pos_1_2_1_0=5
Frontier expanded pos_1_2_2_0=1 from depth=7 -> reward=-1.0000 assigned=13/81 contradiction=True
Contradiction found after pos_1_2_2_0=1
Frontier expanded pos_1_2_2_0=5 from depth=7 -> reward=-1.0000 assigned=13/81 contradiction=True
Contradiction found after pos_1_2_2_0=5
Frontier expanded pos_1_1_2_2=1 from depth=7 -> reward=-1.0000 assigned=14/81 contradiction=True
Contradiction found after pos_1_1_2_2=1
Frontier expanded pos_1_1_2_2=5 from depth=7 -> reward=-1.0000 assigned=10/81 contradiction=True
Contradiction found after pos_1_1_2_2=5
Frontier expanded pos_1_2_2_0=1 from depth=7 -> reward=-1.0000 assigned=11/81 contradiction=True
Contradiction found after pos_1_2_2_0=1
Frontier expanded pos_1_2_2_0=5 from depth=7 -> reward=-1.0000 assigned=10/81 contradiction=True
Contradiction found after pos_1_2_2_0=5
Frontier expanded pos_0_1_0_2=0 from depth=7 -> reward=0.0370 assigned=11/81 contradiction=False
Frontier expanded pos_1_1_2_2=1 from depth=8 -> reward=-1.0000 assigned=12/81 contradiction=True
Contradiction found after pos_1_1_2_2=1
Frontier expanded pos_1_1_2_2=5 from depth=8 -> reward=-1.0000 assigned=13/81 contradiction=True
Contradiction found after pos_1_1_2_2=5
Frontier expanded pos_1_2_2_0=1 from depth=8 -> reward=-1.0000 assigned=14/81 contradiction=True
Contradiction found after pos_1_2_2_0=1
Frontier expanded pos_1_2_2_0=5 from depth=8 -> reward=-1.0000 assigned=13/81 contradiction=True
Contradiction found after pos_1_2_2_0=5
Frontier expanded pos_2_0_0_2=7 from depth=8 -> reward=-1.0000 assigned=22/81 contradiction=True
Contradiction found after pos_2_0_0_2=7
Frontier expanded pos_1_2_2_0=1 from depth=6 -> reward=-1.0000 assigned=14/81 contradiction=True
Contradiction found after pos_1_2_2_0=1
Frontier expanded pos_0_1_0_2=0 from depth=6 -> reward=0.0370 assigned=9/81 contradiction=False
Frontier expanded pos_0_2_0_2=1 from depth=6 -> reward=0.0370 assigned=9/81 contradiction=False
Frontier expanded pos_1_0_2_0=3 from depth=6 -> reward=0.0247 assigned=8/81 contradiction=False
Frontier expanded pos_1_0_2_0=7 from depth=6 -> reward=0.0370 assigned=9/81 contradiction=False
Frontier expanded pos_1_1_2_2=1 from depth=7 -> reward=-1.0000 assigned=15/81 contradiction=True
Contradiction found after pos_1_1_2_2=1
Frontier expanded pos_1_1_2_2=5 from depth=7 -> reward=-1.0000 assigned=12/81 contradiction=True
Contradiction found after pos_1_1_2_2=5
Frontier expanded pos_1_2_2_0=1 from depth=7 -> reward=-1.0000 assigned=11/81 contradiction=True
Contradiction found after pos_1_2_2_0=1
Frontier expanded pos_1_2_2_0=5 from depth=7 -> reward=-1.0000 assigned=11/81 contradiction=True
Contradiction found after pos_1_2_2_0=5
Frontier expanded pos_0_1_0_2=0 from depth=7 -> reward=0.0370 assigned=12/81 contradiction=False
Frontier expanded pos_1_1_2_2=1 from depth=8 -> reward=-1.0000 assigned=13/81 contradiction=True
Contradiction found after pos_1_1_2_2=1
Frontier expanded pos_1_1_2_2=5 from depth=8 -> reward=-1.0000 assigned=15/81 contradiction=True
Contradiction found after pos_1_1_2_2=5
Frontier expanded pos_1_2_2_0=1 from depth=8 -> reward=-1.0000 assigned=14/81 contradiction=True
Contradiction found after pos_1_2_2_0=1
Frontier expanded pos_1_2_2_0=5 from depth=8 -> reward=-1.0000 assigned=14/81 contradiction=True
Contradiction found after pos_1_2_2_0=5
Frontier expanded pos_2_0_0_2=7 from depth=8 -> reward=-1.0000 assigned=25/81 contradiction=True
Contradiction found after pos_2_0_0_2=7
Frontier expanded pos_1_0_2_0=3 from depth=6 -> reward=-1.0000 assigned=10/81 contradiction=True
Contradiction found after pos_1_0_2_0=3
Frontier expanded pos_1_0_2_0=7 from depth=6 -> reward=-1.0000 assigned=11/81 contradiction=True
Contradiction found after pos_1_0_2_0=7
Frontier expanded pos_1_0_2_1=3 from depth=6 -> reward=-1.0000 assigned=11/81 contradiction=True
Contradiction found after pos_1_0_2_1=3
Frontier expanded pos_1_0_2_1=7 from depth=6 -> reward=-1.0000 assigned=10/81 contradiction=True
Contradiction found after pos_1_0_2_1=7
Frontier expanded pos_1_2_2_0=1 from depth=6 -> reward=-1.0000 assigned=16/81 contradiction=True
Contradiction found after pos_1_2_2_0=1
Frontier expanded pos_0_2_0_2=1 from depth=6 -> reward=-1.0000 assigned=9/81 contradiction=True
Contradiction found after pos_0_2_0_2=1
Frontier expanded pos_2_2_0_1=0 from depth=6 -> reward=-1.0000 assigned=13/81 contradiction=True
Contradiction found after pos_2_2_0_1=0
Frontier expanded pos_2_2_0_1=1 from depth=6 -> reward=-1.0000 assigned=9/81 contradiction=True
Contradiction found after pos_2_2_0_1=1
Frontier expanded pos_0_2_0_2=7 from depth=6 -> reward=0.0123 assigned=7/81 contradiction=False
Frontier expanded pos_1_0_2_0=7 from depth=6 -> reward=0.0370 assigned=9/81 contradiction=False
Frontier expanded pos_0_2_0_2=1 from depth=7 -> reward=-1.0000 assigned=12/81 contradiction=True
Contradiction found after pos_0_2_0_2=1
Frontier expanded pos_1_1_2_2=1 from depth=7 -> reward=-1.0000 assigned=14/81 contradiction=True
Contradiction found after pos_1_1_2_2=1
Frontier expanded pos_1_1_2_2=5 from depth=7 -> reward=-1.0000 assigned=12/81 contradiction=True
Contradiction found after pos_1_1_2_2=5
Frontier expanded pos_1_2_1_0=5 from depth=7 -> reward=-1.0000 assigned=13/81 contradiction=True
Contradiction found after pos_1_2_1_0=5
Frontier expanded pos_1_2_2_0=1 from depth=7 -> reward=-1.0000 assigned=11/81 contradiction=True
Contradiction found after pos_1_2_2_0=1
Frontier expanded pos_2_0_0_2=1 from depth=7 -> reward=-1.0000 assigned=8/81 contradiction=True
Contradiction found after pos_2_0_0_2=1
Frontier expanded pos_2_2_0_1=0 from depth=7 -> reward=-1.0000 assigned=13/81 contradiction=True
Contradiction found after pos_2_2_0_1=0
Frontier expanded pos_2_2_0_1=1 from depth=7 -> reward=-1.0000 assigned=10/81 contradiction=True
Contradiction found after pos_2_2_0_1=1
Frontier expanded pos_1_2_1_0=7 from depth=7 -> reward=0.0123 assigned=8/81 contradiction=False
Frontier expanded pos_1_0_2_0=3 from depth=7 -> reward=0.0247 assigned=9/81 contradiction=False
Frontier expanded pos_1_1_2_2=1 from depth=8 -> reward=-1.0000 assigned=14/81 contradiction=True
Contradiction found after pos_1_1_2_2=1
Frontier expanded pos_1_1_2_2=5 from depth=8 -> reward=-1.0000 assigned=11/81 contradiction=True
Contradiction found after pos_1_1_2_2=5
Frontier expanded pos_1_2_1_0=5 from depth=8 -> reward=-1.0000 assigned=12/81 contradiction=True
Contradiction found after pos_1_2_1_0=5
Frontier expanded pos_1_2_2_0=1 from depth=8 -> reward=-1.0000 assigned=12/81 contradiction=True
Contradiction found after pos_1_2_2_0=1
Frontier expanded pos_1_2_2_0=5 from depth=8 -> reward=-1.0000 assigned=12/81 contradiction=True
Contradiction found after pos_1_2_2_0=5
Frontier expanded pos_1_2_2_0=1 from depth=8 -> reward=-1.0000 assigned=14/81 contradiction=True
Contradiction found after pos_1_2_2_0=1
Frontier expanded pos_2_0_0_2=1 from depth=8 -> reward=-1.0000 assigned=9/81 contradiction=True
Contradiction found after pos_2_0_0_2=1
Frontier expanded pos_2_2_0_1=0 from depth=8 -> reward=-1.0000 assigned=14/81 contradiction=True
Contradiction found after pos_2_2_0_1=0
Frontier expanded pos_2_2_0_1=1 from depth=8 -> reward=-1.0000 assigned=11/81 contradiction=True
Contradiction found after pos_2_2_0_1=1
Frontier expanded pos_1_0_2_0=3 from depth=8 -> reward=0.0247 assigned=10/81 contradiction=False
Frontier expanded pos_1_1_2_2=1 from depth=9 -> reward=-1.0000 assigned=15/81 contradiction=True
Contradiction found after pos_1_1_2_2=1
Frontier expanded pos_1_1_2_2=5 from depth=9 -> reward=-1.0000 assigned=12/81 contradiction=True
Contradiction found after pos_1_1_2_2=5
Frontier expanded pos_1_2_2_0=1 from depth=9 -> reward=-1.0000 assigned=13/81 contradiction=True
Contradiction found after pos_1_2_2_0=1
Frontier expanded pos_1_2_2_0=5 from depth=9 -> reward=-1.0000 assigned=12/81 contradiction=True
Contradiction found after pos_1_2_2_0=5
Frontier expanded pos_2_0_0_2=1 from depth=9 -> reward=-1.0000 assigned=11/81 contradiction=True
Contradiction found after pos_2_0_0_2=1
Frontier expanded pos_0_2_0_2=1 from depth=5 -> reward=-1.0000 assigned=15/81 contradiction=True
Contradiction found after pos_0_2_0_2=1
Frontier expanded pos_0_2_0_2=7 from depth=5 -> reward=0.0123 assigned=6/81 contradiction=False
Frontier expanded pos_1_0_2_0=7 from depth=5 -> reward=0.0370 assigned=8/81 contradiction=False
Frontier expanded pos_1_0_2_1=3 from depth=5 -> reward=0.0370 assigned=8/81 contradiction=False
Frontier expanded pos_1_0_2_0=3 from depth=5 -> reward=0.0247 assigned=7/81 contradiction=False
Frontier expanded pos_0_2_0_2=1 from depth=6 -> reward=-1.0000 assigned=19/81 contradiction=True
Contradiction found after pos_0_2_0_2=1
Frontier expanded pos_1_1_2_2=1 from depth=6 -> reward=-1.0000 assigned=11/81 contradiction=True
Contradiction found after pos_1_1_2_2=1
Frontier expanded pos_1_1_2_2=5 from depth=6 -> reward=-1.0000 assigned=11/81 contradiction=True
Contradiction found after pos_1_1_2_2=5
Frontier expanded pos_1_2_2_0=1 from depth=6 -> reward=-1.0000 assigned=10/81 contradiction=True
Contradiction found after pos_1_2_2_0=1
Frontier expanded pos_1_2_2_0=5 from depth=6 -> reward=-1.0000 assigned=10/81 contradiction=True
Contradiction found after pos_1_2_2_0=5
Frontier expanded pos_0_2_0_2=1 from depth=6 -> reward=-1.0000 assigned=17/81 contradiction=True
Contradiction found after pos_0_2_0_2=1
Frontier expanded pos_1_1_2_2=1 from depth=6 -> reward=-1.0000 assigned=9/81 contradiction=True
Contradiction found after pos_1_1_2_2=1
Frontier expanded pos_1_1_2_2=5 from depth=6 -> reward=-1.0000 assigned=9/81 contradiction=True
Contradiction found after pos_1_1_2_2=5
Frontier expanded pos_1_2_2_0=1 from depth=6 -> reward=-1.0000 assigned=10/81 contradiction=True
Contradiction found after pos_1_2_2_0=1
Frontier expanded pos_1_2_2_0=5 from depth=6 -> reward=-1.0000 assigned=9/81 contradiction=True
Contradiction found after pos_1_2_2_0=5
Frontier expanded pos_0_2_0_2=7 from depth=4 -> reward=-1.0000 assigned=9/81 contradiction=True
Contradiction found after pos_0_2_0_2=7
Frontier expanded pos_1_0_1_0=3 from depth=4 -> reward=-1.0000 assigned=8/81 contradiction=True
Contradiction found after pos_1_0_1_0=3
Frontier expanded pos_1_0_2_0=7 from depth=4 -> reward=-1.0000 assigned=10/81 contradiction=True
Contradiction found after pos_1_0_2_0=7
Frontier expanded pos_0_1_0_2=0 from depth=4 -> reward=0.0247 assigned=6/81 contradiction=False
Frontier expanded pos_0_2_0_2=1 from depth=4 -> reward=0.0123 assigned=5/81 contradiction=False
Frontier expanded pos_2_2_0_1=7 from depth=5 -> reward=-1.0000 assigned=17/81 contradiction=True
Contradiction found after pos_2_2_0_1=7
Frontier expanded pos_2_2_0_2=3 from depth=5 -> reward=-1.0000 assigned=17/81 contradiction=True
Contradiction found after pos_2_2_0_2=3
Frontier expanded pos_1_0_1_0=3 from depth=5 -> reward=-1.0000 assigned=10/81 contradiction=True
Contradiction found after pos_1_0_1_0=3
Frontier expanded pos_1_0_2_0=7 from depth=5 -> reward=-1.0000 assigned=12/81 contradiction=True
Contradiction found after pos_1_0_2_0=7
Frontier expanded pos_2_2_0_1=3 from depth=5 -> reward=0.0864 assigned=13/81 contradiction=False
Frontier expanded pos_0_0_0_1=4 from depth=6 -> reward=-1.0000 assigned=16/81 contradiction=True
Contradiction found after pos_0_0_0_1=4
Frontier expanded pos_0_0_0_2=3 from depth=6 -> reward=-1.0000 assigned=16/81 contradiction=True
Contradiction found after pos_0_0_0_2=3
Frontier expanded pos_1_0_1_0=3 from depth=6 -> reward=-1.0000 assigned=19/81 contradiction=True
Contradiction found after pos_1_0_1_0=3
Frontier expanded pos_1_0_2_0=7 from depth=6 -> reward=-1.0000 assigned=21/81 contradiction=True
Contradiction found after pos_1_0_2_0=7
Frontier expanded pos_1_0_2_0=1 from depth=6 -> reward=0.0741 assigned=19/81 contradiction=False
Frontier expanded pos_0_0_0_1=4 from depth=7 -> reward=-1.0000 assigned=22/81 contradiction=True
Contradiction found after pos_0_0_0_1=4
Frontier expanded pos_0_0_0_1=7 from depth=7 -> reward=-1.0000 assigned=29/81 contradiction=True
Contradiction found after pos_0_0_0_1=7
Frontier expanded pos_1_1_2_2=5 from depth=7 -> reward=-1.0000 assigned=23/81 contradiction=True
Contradiction found after pos_1_1_2_2=5
Frontier expanded pos_1_1_2_2=7 from depth=7 -> reward=-1.0000 assigned=20/81 contradiction=True
Contradiction found after pos_1_1_2_2=7
Frontier expanded pos_1_2_1_0=3 from depth=7 -> reward=-1.0000 assigned=27/81 contradiction=True
Contradiction found after pos_1_2_1_0=3
Frontier expanded pos_0_1_0_2=3 from depth=5 -> reward=-1.0000 assigned=14/81 contradiction=True
Contradiction found after pos_0_1_0_2=3
Frontier expanded pos_2_2_0_1=7 from depth=5 -> reward=-1.0000 assigned=17/81 contradiction=True
Contradiction found after pos_2_2_0_1=7
Frontier expanded pos_2_2_0_2=3 from depth=5 -> reward=-1.0000 assigned=17/81 contradiction=True
Contradiction found after pos_2_2_0_2=3
Frontier expanded pos_1_0_1_0=3 from depth=5 -> reward=-1.0000 assigned=9/81 contradiction=True
Contradiction found after pos_1_0_1_0=3
Frontier expanded pos_1_0_2_0=7 from depth=5 -> reward=-1.0000 assigned=11/81 contradiction=True
Contradiction found after pos_1_0_2_0=7
Frontier expanded pos_1_0_2_1=0 from depth=4 -> reward=-1.0000 assigned=7/81 contradiction=True
Contradiction found after pos_1_0_2_1=0
Frontier expanded pos_1_2_0_1=1 from depth=4 -> reward=0.0123 assigned=5/81 contradiction=False
Frontier expanded pos_0_2_0_2=1 from depth=4 -> reward=0.0123 assigned=5/81 contradiction=False
Frontier expanded pos_1_0_2_0=1 from depth=4 -> reward=0.0494 assigned=8/81 contradiction=False
Frontier expanded pos_1_0_2_1=3 from depth=4 -> reward=0.0494 assigned=8/81 contradiction=False
Frontier expanded pos_0_1_0_2=3 from depth=5 -> reward=-1.0000 assigned=15/81 contradiction=True
Contradiction found after pos_0_1_0_2=3
Frontier expanded pos_1_0_2_1=0 from depth=5 -> reward=-1.0000 assigned=8/81 contradiction=True
Contradiction found after pos_1_0_2_1=0
Frontier expanded pos_2_2_0_2=7 from depth=5 -> reward=0.0864 assigned=12/81 contradiction=False
Frontier expanded pos_1_2_0_1=1 from depth=5 -> reward=0.0123 assigned=6/81 contradiction=False
Frontier expanded pos_2_2_0_2=3 from depth=5 -> reward=0.0247 assigned=7/81 contradiction=False
Frontier expanded pos_0_0_0_1=4 from depth=6 -> reward=-1.0000 assigned=16/81 contradiction=True
Contradiction found after pos_0_0_0_1=4
Frontier expanded pos_0_1_0_2=3 from depth=6 -> reward=-1.0000 assigned=16/81 contradiction=True
Contradiction found after pos_0_1_0_2=3
Frontier expanded pos_1_2_0_1=7 from depth=6 -> reward=-1.0000 assigned=17/81 contradiction=True
Contradiction found after pos_1_2_0_1=7
Frontier expanded pos_1_0_2_0=3 from depth=6 -> reward=0.0988 assigned=20/81 contradiction=False
Frontier expanded pos_0_0_0_1=7 from depth=6 -> reward=0.0494 assigned=16/81 contradiction=False
Frontier expanded pos_0_0_0_1=4 from depth=7 -> reward=-1.0000 assigned=25/81 contradiction=True
Contradiction found after pos_0_0_0_1=4
Frontier expanded pos_0_0_0_1=7 from depth=7 -> reward=-1.0000 assigned=31/81 contradiction=True
Contradiction found after pos_0_0_0_1=7
Frontier expanded pos_0_1_0_2=3 from depth=7 -> reward=-1.0000 assigned=25/81 contradiction=True
Contradiction found after pos_0_1_0_2=3
Frontier expanded pos_1_0_2_2=2 from depth=7 -> reward=-1.0000 assigned=23/81 contradiction=True
Contradiction found after pos_1_0_2_2=2
Frontier expanded pos_1_1_2_2=5 from depth=7 -> reward=-1.0000 assigned=24/81 contradiction=True
Contradiction found after pos_1_1_2_2=5
Frontier expanded pos_0_1_0_2=3 from depth=7 -> reward=-1.0000 assigned=17/81 contradiction=True
Contradiction found after pos_0_1_0_2=3
Frontier expanded pos_1_0_2_0=1 from depth=7 -> reward=-1.0000 assigned=28/81 contradiction=True
Contradiction found after pos_1_0_2_0=1
Frontier expanded pos_1_0_2_0=3 from depth=7 -> reward=-1.0000 assigned=28/81 contradiction=True
Contradiction found after pos_1_0_2_0=3
Frontier expanded pos_1_2_1_0=3 from depth=7 -> reward=-1.0000 assigned=25/81 contradiction=True
Contradiction found after pos_1_2_1_0=3
Frontier expanded pos_1_1_0_1=6 from depth=7 -> reward=0.0123 assigned=17/81 contradiction=False
Frontier expanded pos_0_0_0_2=8 from depth=8 -> reward=-1.0000 assigned=22/81 contradiction=True
Contradiction found after pos_0_0_0_2=8
Frontier expanded pos_0_1_0_1=4 from depth=8 -> reward=-1.0000 assigned=21/81 contradiction=True
Contradiction found after pos_0_1_0_1=4
Frontier expanded pos_0_1_0_2=3 from depth=8 -> reward=-1.0000 assigned=18/81 contradiction=True
Contradiction found after pos_0_1_0_2=3
Frontier expanded pos_1_0_2_0=1 from depth=8 -> reward=-1.0000 assigned=30/81 contradiction=True
Contradiction found after pos_1_0_2_0=1
Frontier expanded pos_1_0_2_0=3 from depth=8 -> reward=-1.0000 assigned=31/81 contradiction=True
Contradiction found after pos_1_0_2_0=3
Frontier expanded pos_2_0_0_2=7 from depth=6 -> reward=-1.0000 assigned=16/81 contradiction=True
Contradiction found after pos_2_0_0_2=7
Frontier expanded pos_2_2_0_1=1 from depth=6 -> reward=-1.0000 assigned=19/81 contradiction=True
Contradiction found after pos_2_2_0_1=1
Frontier expanded pos_2_2_0_1=7 from depth=6 -> reward=-1.0000 assigned=19/81 contradiction=True
Contradiction found after pos_2_2_0_1=7
Frontier expanded pos_1_0_2_1=0 from depth=6 -> reward=-1.0000 assigned=10/81 contradiction=True
Contradiction found after pos_1_0_2_1=0
Frontier expanded pos_2_1_0_2=4 from depth=6 -> reward=0.0123 assigned=8/81 contradiction=False
Frontier expanded pos_2_0_0_2=7 from depth=7 -> reward=-1.0000 assigned=16/81 contradiction=True
Contradiction found after pos_2_0_0_2=7
Frontier expanded pos_2_2_0_1=1 from depth=7 -> reward=-1.0000 assigned=13/81 contradiction=True
Contradiction found after pos_2_2_0_1=1
Frontier expanded pos_2_2_0_1=7 from depth=7 -> reward=-1.0000 assigned=18/81 contradiction=True
Contradiction found after pos_2_2_0_1=7
Frontier expanded pos_1_0_2_1=0 from depth=7 -> reward=-1.0000 assigned=11/81 contradiction=True
Contradiction found after pos_1_0_2_1=0
Frontier expanded pos_2_0_0_2=5 from depth=7 -> reward=0.0123 assigned=9/81 contradiction=False
Frontier expanded pos_2_0_0_0=1 from depth=8 -> reward=-1.0000 assigned=19/81 contradiction=True
Contradiction found after pos_2_0_0_0=1
Frontier expanded pos_2_0_0_0=7 from depth=8 -> reward=-1.0000 assigned=16/81 contradiction=True
Contradiction found after pos_2_0_0_0=7
Frontier expanded pos_2_0_1_1=1 from depth=8 -> reward=-1.0000 assigned=16/81 contradiction=True
Contradiction found after pos_2_0_1_1=1
Frontier expanded pos_2_0_1_1=7 from depth=8 -> reward=-1.0000 assigned=19/81 contradiction=True
Contradiction found after pos_2_0_1_1=7
Frontier expanded pos_2_2_0_1=1 from depth=8 -> reward=-1.0000 assigned=17/81 contradiction=True
Contradiction found after pos_2_2_0_1=1
Frontier expanded pos_0_1_0_2=3 from depth=6 -> reward=-1.0000 assigned=15/81 contradiction=True
Contradiction found after pos_0_1_0_2=3
Frontier expanded pos_2_2_0_1=7 from depth=6 -> reward=-1.0000 assigned=20/81 contradiction=True
Contradiction found after pos_2_2_0_1=7
Frontier expanded pos_2_2_0_2=3 from depth=6 -> reward=-1.0000 assigned=20/81 contradiction=True
Contradiction found after pos_2_2_0_2=3
Frontier expanded pos_2_2_0_1=3 from depth=6 -> reward=0.0864 assigned=13/81 contradiction=False
Frontier expanded pos_2_2_0_2=7 from depth=6 -> reward=0.0864 assigned=13/81 contradiction=False
Frontier expanded pos_0_0_0_1=4 from depth=7 -> reward=-1.0000 assigned=17/81 contradiction=True
Contradiction found after pos_0_0_0_1=4
Frontier expanded pos_0_1_0_2=3 from depth=7 -> reward=-1.0000 assigned=17/81 contradiction=True
Contradiction found after pos_0_1_0_2=3
Frontier expanded pos_1_2_1_0=3 from depth=7 -> reward=-1.0000 assigned=20/81 contradiction=True
Contradiction found after pos_1_2_1_0=3
Frontier expanded pos_1_0_2_0=3 from depth=7 -> reward=0.0988 assigned=21/81 contradiction=False
Frontier expanded pos_0_0_0_1=7 from depth=7 -> reward=0.0370 assigned=16/81 contradiction=False
Frontier expanded pos_0_0_0_1=4 from depth=8 -> reward=-1.0000 assigned=26/81 contradiction=True
Contradiction found after pos_0_0_0_1=4
Frontier expanded pos_0_0_0_1=7 from depth=8 -> reward=-1.0000 assigned=31/81 contradiction=True
Contradiction found after pos_0_0_0_1=7
Frontier expanded pos_0_1_0_2=3 from depth=8 -> reward=-1.0000 assigned=26/81 contradiction=True
Contradiction found after pos_0_1_0_2=3
Frontier expanded pos_1_0_2_2=2 from depth=8 -> reward=-1.0000 assigned=24/81 contradiction=True
Contradiction found after pos_1_0_2_2=2
Frontier expanded pos_1_1_2_2=5 from depth=8 -> reward=-1.0000 assigned=24/81 contradiction=True
Contradiction found after pos_1_1_2_2=5
Frontier expanded pos_0_2_0_2=7 from depth=5 -> reward=-1.0000 assigned=10/81 contradiction=True
Contradiction found after pos_0_2_0_2=7
Frontier expanded pos_1_0_2_1=0 from depth=5 -> reward=-1.0000 assigned=8/81 contradiction=True
Contradiction found after pos_1_0_2_1=0
Frontier expanded pos_1_0_2_0=3 from depth=5 -> reward=0.0247 assigned=7/81 contradiction=False
Frontier expanded pos_1_2_1_0=3 from depth=5 -> reward=0.0123 assigned=6/81 contradiction=False
Frontier expanded pos_1_0_2_1=1 from depth=5 -> reward=0.0247 assigned=7/81 contradiction=False
Frontier expanded pos_0_2_0_2=7 from depth=6 -> reward=-1.0000 assigned=12/81 contradiction=True
Contradiction found after pos_0_2_0_2=7
Frontier expanded pos_1_1_2_2=5 from depth=6 -> reward=-1.0000 assigned=9/81 contradiction=True
Contradiction found after pos_1_1_2_2=5
Frontier expanded pos_1_1_2_2=7 from depth=6 -> reward=-1.0000 assigned=13/81 contradiction=True
Contradiction found after pos_1_1_2_2=7
Frontier expanded pos_1_2_1_0=5 from depth=6 -> reward=-1.0000 assigned=10/81 contradiction=True
Contradiction found after pos_1_2_1_0=5
Frontier expanded pos_1_2_1_0=3 from depth=6 -> reward=0.0123 assigned=8/81 contradiction=False
Frontier expanded pos_0_2_0_2=7 from depth=7 -> reward=-1.0000 assigned=13/81 contradiction=True
Contradiction found after pos_0_2_0_2=7
Frontier expanded pos_1_1_2_2=5 from depth=7 -> reward=-1.0000 assigned=10/81 contradiction=True
Contradiction found after pos_1_1_2_2=5
Frontier expanded pos_1_1_2_2=7 from depth=7 -> reward=-1.0000 assigned=13/81 contradiction=True
Contradiction found after pos_1_1_2_2=7
Frontier expanded pos_1_2_2_0=5 from depth=7 -> reward=-1.0000 assigned=10/81 contradiction=True
Contradiction found after pos_1_2_2_0=5
Frontier expanded pos_1_2_2_0=7 from depth=7 -> reward=-1.0000 assigned=10/81 contradiction=True
Contradiction found after pos_1_2_2_0=7
Frontier expanded pos_0_2_0_2=7 from depth=6 -> reward=-1.0000 assigned=11/81 contradiction=True
Contradiction found after pos_0_2_0_2=7
Frontier expanded pos_1_0_2_1=0 from depth=6 -> reward=-1.0000 assigned=9/81 contradiction=True
Contradiction found after pos_1_0_2_1=0
Frontier expanded pos_1_0_2_0=3 from depth=6 -> reward=0.0247 assigned=8/81 contradiction=False
Frontier expanded pos_1_0_2_1=1 from depth=6 -> reward=0.0247 assigned=8/81 contradiction=False
Frontier expanded pos_0_2_0_2=1 from depth=6 -> reward=0.0123 assigned=7/81 contradiction=False
Frontier expanded pos_0_1_0_2=3 from depth=7 -> reward=-1.0000 assigned=17/81 contradiction=True
Contradiction found after pos_0_1_0_2=3
Frontier expanded pos_2_2_0_1=3 from depth=7 -> reward=-1.0000 assigned=20/81 contradiction=True
Contradiction found after pos_2_2_0_1=3
Frontier expanded pos_2_2_0_1=7 from depth=7 -> reward=-1.0000 assigned=18/81 contradiction=True
Contradiction found after pos_2_2_0_1=7
Frontier expanded pos_2_2_0_2=3 from depth=7 -> reward=-1.0000 assigned=18/81 contradiction=True
Contradiction found after pos_2_2_0_2=3
Frontier expanded pos_2_2_0_2=7 from depth=7 -> reward=-1.0000 assigned=20/81 contradiction=True
Contradiction found after pos_2_2_0_2=7
Frontier expanded pos_1_0_1_0=3 from depth=3 -> reward=-1.0000 assigned=6/81 contradiction=True
Contradiction found after pos_1_0_1_0=3
Frontier expanded pos_0_1_0_2=2 from depth=3 -> reward=0.0370 assigned=6/81 contradiction=False
Frontier expanded pos_0_2_0_2=5 from depth=3 -> reward=0.0370 assigned=6/81 contradiction=False
Frontier expanded pos_1_0_1_0=5 from depth=3 -> reward=0.0123 assigned=4/81 contradiction=False
Frontier expanded pos_1_0_1_0=7 from depth=3 -> reward=0.0617 assigned=8/81 contradiction=False
Frontier expanded pos_1_1_2_2=1 from depth=4 -> reward=-1.0000 assigned=11/81 contradiction=True
Contradiction found after pos_1_1_2_2=1
Frontier expanded pos_1_1_2_2=7 from depth=4 -> reward=-1.0000 assigned=13/81 contradiction=True
Contradiction found after pos_1_1_2_2=7
Frontier expanded pos_1_2_2_0=1 from depth=4 -> reward=-1.0000 assigned=10/81 contradiction=True
Contradiction found after pos_1_2_2_0=1
Frontier expanded pos_1_2_2_0=7 from depth=4 -> reward=-1.0000 assigned=13/81 contradiction=True
Contradiction found after pos_1_2_2_0=7
Frontier expanded pos_1_1_2_1=0 from depth=4 -> reward=-1.0000 assigned=11/81 contradiction=True
Contradiction found after pos_1_1_2_1=0
Frontier expanded pos_1_2_0_1=5 from depth=4 -> reward=0.0123 assigned=5/81 contradiction=False
Frontier expanded pos_0_1_0_2=2 from depth=4 -> reward=0.0370 assigned=7/81 contradiction=False
Frontier expanded pos_0_2_0_2=5 from depth=4 -> reward=0.0370 assigned=7/81 contradiction=False
Frontier expanded pos_1_0_2_0=3 from depth=4 -> reward=0.0247 assigned=6/81 contradiction=False
Frontier expanded pos_1_0_2_1=7 from depth=4 -> reward=0.0247 assigned=6/81 contradiction=False
Frontier expanded pos_1_1_2_2=1 from depth=5 -> reward=-1.0000 assigned=8/81 contradiction=True
Contradiction found after pos_1_1_2_2=1
Frontier expanded pos_1_1_2_2=5 from depth=5 -> reward=-1.0000 assigned=8/81 contradiction=True
Contradiction found after pos_1_1_2_2=5
Frontier expanded pos_1_2_2_0=1 from depth=5 -> reward=-1.0000 assigned=9/81 contradiction=True
Contradiction found after pos_1_2_2_0=1
Frontier expanded pos_1_2_2_0=5 from depth=5 -> reward=-1.0000 assigned=8/81 contradiction=True
Contradiction found after pos_1_2_2_0=5
Frontier expanded pos_0_1_0_2=2 from depth=5 -> reward=0.0370 assigned=9/81 contradiction=False
Frontier expanded pos_1_1_2_2=1 from depth=6 -> reward=-1.0000 assigned=11/81 contradiction=True
Contradiction found after pos_1_1_2_2=1
Frontier expanded pos_1_1_2_2=5 from depth=6 -> reward=-1.0000 assigned=12/81 contradiction=True
Contradiction found after pos_1_1_2_2=5
Frontier expanded pos_1_2_2_0=1 from depth=6 -> reward=-1.0000 assigned=12/81 contradiction=True
Contradiction found after pos_1_2_2_0=1
Frontier expanded pos_1_2_2_0=5 from depth=6 -> reward=-1.0000 assigned=11/81 contradiction=True
Contradiction found after pos_1_2_2_0=5
Frontier expanded pos_2_2_0_1=7 from depth=6 -> reward=-1.0000 assigned=18/81 contradiction=True
Contradiction found after pos_2_2_0_1=7
Frontier expanded pos_1_0_2_0=3 from depth=5 -> reward=-1.0000 assigned=9/81 contradiction=True
Contradiction found after pos_1_0_2_0=3
Frontier expanded pos_1_0_2_0=7 from depth=5 -> reward=-1.0000 assigned=10/81 contradiction=True
Contradiction found after pos_1_0_2_0=7
Frontier expanded pos_1_0_2_1=3 from depth=5 -> reward=-1.0000 assigned=10/81 contradiction=True
Contradiction found after pos_1_0_2_1=3
Frontier expanded pos_1_0_2_1=7 from depth=5 -> reward=-1.0000 assigned=9/81 contradiction=True
Contradiction found after pos_1_0_2_1=7
Frontier expanded pos_1_2_1_0=7 from depth=5 -> reward=0.0123 assigned=6/81 contradiction=False
Frontier expanded pos_1_0_2_0=3 from depth=6 -> reward=-1.0000 assigned=10/81 contradiction=True
Contradiction found after pos_1_0_2_0=3
Frontier expanded pos_1_0_2_0=7 from depth=6 -> reward=-1.0000 assigned=11/81 contradiction=True
Contradiction found after pos_1_0_2_0=7
Frontier expanded pos_1_0_2_1=3 from depth=6 -> reward=-1.0000 assigned=10/81 contradiction=True
Contradiction found after pos_1_0_2_1=3
Frontier expanded pos_1_0_2_1=7 from depth=6 -> reward=-1.0000 assigned=10/81 contradiction=True
Contradiction found after pos_1_0_2_1=7
Frontier expanded pos_1_2_2_0=1 from depth=6 -> reward=-1.0000 assigned=13/81 contradiction=True
Contradiction found after pos_1_2_2_0=1
Solved in 17093.40 seconds
Task: sakana_fish_constraint_sudoku
Solved: False
Contradiction: False
Assigned target features: 29 / 81
Correct assigned target features: 0 / 29
History length: 16
Closure cache: {'size': 512, 'hits': 19864, 'misses': 12109, 'max_size': 512}
Stop reason: frontier_empty
Expansions: 761
Generated states: 3806
Contradictions: 2711
Max frontier size: 14
Frontier: FrontierDiagnostics(stop_reason='frontier_empty', expansions=761, generated_states=3806, contradiction_count=2711, max_frontier_size=14, best_assigned_count=29)
